time,stage,stage_solid_fuel,stage_liquid_fuel,altitude,vertical_speed,ground_speed,air_speed,orbital_velocity,apoapsis,periapsis,apoapsis_eta,q_kpa,mass,max_thrust,available_thrust,max_twr,available_twr,throttle,target_pitch,trajectory_pitch,aoa
167143.749633683,4,1179.89343253771,0,91.1734426982002,4.2902795799383,0.0061959882428023,4.2902840540349,175.012201042057,81.5843787099002,-598435.324655761,0.419743093424131,0.00662795840964758,25.3880462646484,703.711456298828,452.134582519531,2.82636541335783,1.81593966501169,1,90,89.9172501898875,0.0730332961244471
167143.789633683,4,1178.45072857539,0,91.354677662137,4.6111160699636,0.00640104821364377,4.61112051285746,175.020208256728,81.9126846163999,-598435.326428393,0.452628480049441,0.00792259628630311,25.3772258758545,703.713745117188,452.136047363281,2.82758142889131,1.81672093195201,1,90,89.9204745960439,0.0724322785087217
167143.809633683,4,1177.72919289271,0,91.4501130881254,4.77173839542151,0.00649043638705994,4.77174280950936,175.024452722614,82.0857115722029,-598435.327022544,0.469092126611145,0.00861486097956802,25.3718147277832,703.714904785156,452.136840820313,2.82819003865387,1.81711215809311,1,90,89.9220691780002,0.072086216318142
167143.989633683,4,1171.2324432532,0,92.4539502463304,6.22217023653974,0.00699240810002022,6.22217416553508,175.069798087379,83.9099702347303,-598435.325396195,0.617761322254978,0.016195379383571,25.3230895996094,703.727600097656,452.144989013672,2.83369246793218,1.82064743460896,1,90,89.9356155904707,0.0687523036137106
167144.189633683,4,1164.01114583015,0,93.8764653159305,7.84226729336686,0.00710056903636696,7.8422705078754,175.135174487506,86.5038286839845,-598435.312351633,0.783824299129662,0.0274818745329888,25.268928527832,703.745666503906,452.156555175781,2.83985253254748,1.82460510869343,1,90,89.9481214622411,0.0643365444040555
167144.389633683,4,1156.78974270821,0,95.623842995381,9.46999053821281,0.0070166177532537,9.46999313763031,175.216200042024,89.6990194484824,-598435.292566299,0.950673071295682,0.0418112736886375,25.2147693634033,703.767944335938,452.1708984375,2.84605895866815,1.82859285749562,1,90,89.9575497276803,0.0595927560354268
167144.589633683,4,1149.56833958626,0,97.6976012585219,11.1053118273237,0.00698251854093308,11.1053140224697,175.312823468301,93.5008589174831,-598435.270348789,1.11830563274481,0.0592180347071318,25.160608291626,703.79443359375,452.187927246094,2.85231249176597,1.8326107908013,1,90,89.9639767802679,0.0549961620751099
167144.789633682,4,1142.34693646431,0,100.09926107293,12.748253303625,0.0071669262878766,12.748255318208,175.425072621757,97.9147348316619,-598435.248576494,1.28672514573299,0.0797402135149668,25.1064472198486,703.8251953125,452.207672119141,2.85861348408675,1.8366590990726,1,90,89.9677885673452,0.0512581711382412
167144.989633682,4,1135.12553334236,0,102.830349585041,14.3988362450729,0.00759321475493503,14.3988382472106,175.553108948478,102.946074584848,-598435.227678188,1.45593470693126,0.10341547836076,25.0522861480713,703.860107421875,452.230102539063,2.8649617620173,1.84073786501871,1,90,89.9697817996166,0.048754533946424
167145.189633682,4,1127.90413022041,0,105.892395934323,16.0570808663677,0.00823780069686872,16.0570829794963,175.697136885434,108.600342850434,-598435.2072544,1.62593732528183,0.130280964717564,24.9981269836426,703.899291992188,452.255279541016,2.87135792738061,1.84484740485325,1,90,89.9706155019584,0.0469162623457861
167145.389633682,4,1120.68272709847,0,109.286939436453,17.7230200153966,0.00913612952969255,17.7230223702113,175.857303445894,114.883067040355,-598435.187905409,1.79673731758254,0.160373417852347,24.9439659118652,703.942749023438,452.283203125,2.87780274661477,1.84898821105339,1,90,89.9704653988088,0.0455753841692735
167145.589633682,4,1113.46132397652,0,113.015525121009,19.3967425345943,0.0103283212950624,19.3967452843914,176.033756555946,121.799942218815,-598435.170277658,1.96834475777041,0.19372987867079,24.8898048400879,703.990386962891,452.313812255859,2.88429595878447,1.85316010694439,1,90,89.9694914119935,0.0444508753161365
167145.789633682,4,1106.23992085457,0,117.079710710328,21.0782592113988,0.0118573936726035,21.078262546536,176.226634147323,129.356589738396,-598435.155017147,2.14076173547494,0.230386948643868,24.8356456756592,704.042297363281,452.34716796875,2.89083805076125,1.85736341440777,1,90,89.9677708449734,0.0434097468111402
167145.989633682,4,1099.01851773262,0,121.481057740748,22.7675877249288,0.0138542193234428,22.7675919401179,176.435984582044,137.558675620472,-598435.144338673,2.31399105179065,0.270380013370849,24.7814846038818,704.098449707031,452.383239746094,2.89742967851424,1.86159851004948,1,90,89.9651345999589,0.0426452702255542
167146.189633682,4,1091.79711461067,0,126.221135452273,24.4647459255956,0.0162647599133435,24.4647513321996,176.662027575475,146.411905904766,-598435.137298047,2.48803556559449,0.313743714742178,24.7273235321045,704.158813476563,452.422027587891,2.9040708360121,1.86586547060408,1,90,89.9619091045147,0.0428964705657401
167146.389633682,4,1084.57571148872,0,131.301504104864,26.1697499822793,0.0190634634505553,26.1697569257081,176.904954950511,155.922020739061,-598435.133378283,2.66289798086342,0.360512379956167,24.6731624603271,704.223388671875,452.463531494141,2.91076186631212,1.87016451676487,1,90,89.9582662222784,0.0437840142081322
167146.589633681,4,1077.35430836678,0,136.723741328227,27.8826226658097,0.0221675063960352,27.8826314777187,177.164995000916,166.094817050966,-598435.131342962,2.83858170595732,0.41071957905839,24.6190032958984,704.292175292969,452.507720947266,2.91750288975707,1.87449559971593,1,90,89.9544504901269,0.0451327112563235
167146.789633681,4,1070.13290524483,0,142.489419979742,29.6033806748863,0.02560162395157,29.6033917452947,177.442279019382,176.936116341501,-598435.131623024,3.01508953235236,0.464398013226163,24.5648422241211,704.365234375,452.554656982422,2.92429496029957,1.87885948665266,1,90,89.9504499823463,0.0471005038824147
167146.989633681,4,1062.91150212288,0,148.600117247785,31.3320411123332,0.0292892264113384,31.3320548021307,177.737030858223,188.451778627234,-598435.132889196,3.19242433065381,0.521580349736108,24.5106811523438,704.442443847656,452.604248046875,2.93113769947294,1.88325587984971,1,90,89.9464364342059,0.0494470991577357
167147.189633681,4,1055.69009900093,0,155.05741985538,33.0686223205877,0.0332548240204852,33.0686390416206,178.049371458692,200.647707340191,-598435.135605967,3.37058910160101,0.582297535390034,24.456521987915,704.523803710938,452.656524658203,2.93803123257889,1.88768498675465,1,90,89.9423905760158,0.0520202566144609
167147.389633681,4,1048.46869587898,0,161.862910590484,34.8131422395602,0.0374762818049528,34.8131624111276,178.379463777715,213.529843568918,-598435.139390195,3.54958683401327,0.646580826144287,24.4023609161377,704.609313964844,452.711486816406,2.94497637451527,1.89214733146789,1,90,89.9383236294199,0.0549638022262453
167147.589633681,4,1041.24729275703,0,169.018177983351,36.5656176742506,0.0418805723131525,36.5656416582809,178.727516715218,227.104167868849,-598435.142926384,3.72942043354823,0.714460022690985,24.3481998443604,704.698974609375,452.769104003906,2.95197325824256,1.89664287211266,1,90,89.934370893338,0.0581119821630002
167147.789633681,4,1034.02588963509,0,176.524821385508,38.3260633829638,0.0465112486301614,38.3260916052133,179.093619254914,241.376690741978,-598435.14699598,3.91009259247124,0.785964450100977,24.2940406799316,704.792785644531,452.829345703125,2.95902201596089,1.90117156517621,1,90,89.930476450741,0.0613112360520497
167147.989633681,4,1026.80448651314,0,184.384430075879,40.0944957912159,0.0513557569148567,40.0945286811754,179.477911769145,256.353459551814,-598435.151358701,4.09160620714277,0.861122198273122,24.2398796081543,704.890747070313,452.892272949219,2.96612347903582,1.90573420044423,1,90,89.9266123422035,0.0646626696773142
167148.189633681,4,1019.58308339119,0,192.598601176171,41.870924092847,0.056345586345219,41.8709620048794,179.880583324328,272.040542926756,-598435.15475317,4.27396346870341,0.939960706192417,24.185718536377,704.99267578125,452.957763671875,2.97327701530449,1.91033035362653,1,90,89.9228964280404,0.0682192251211576
167148.389633681,4,1012.36168026924,0,201.168942762073,43.6553519436817,0.061512923109806,43.6553952812986,180.301717528348,288.444005438359,-598435.157734693,4.4571659972396,1.02250653197989,24.1315574645996,705.098693847656,453.02587890625,2.98048351040403,1.91496052063047,1,90,89.9192619536322,0.0716059565321702
167148.58963368,4,1005.14027714729,0,210.09705146146,45.4477977720231,0.0668476037658523,45.447846933918,180.741437907083,305.570019362727,-598435.160091015,4.64121696072641,1.10878499444242,24.0773983001709,705.208740234375,453.096588134766,2.98774284558411,1.91962466192394,1,90,89.9157259652187,0.075079193683734
167148.78963368,4,997.918874025345,0,219.384534223122,47.2482731282304,0.0723192868116015,47.2483284749747,181.199880896358,323.424756686552,-598435.161241918,4.82611884980304,1.1988208971253,24.0232372283936,705.32275390625,453.169860839844,2.99505561229965,1.9243231946177,1,90,89.9122965397383,0.078392607473206
167148.98963368,4,990.697470903397,0,229.032982960343,49.0567944232547,0.0780092565741379,49.0568564476933,181.677070308462,342.01445772103,-598435.16262504,5.01187464381627,1.29263820111997,23.9690761566162,705.440673828125,453.245635986328,3.0024216952157,1.92905595216466,1,90,89.9088947859236,0.0817518871582579
167155.189633677,4,766.833974123001,0,711.43838902947,107.138061680151,15.1131279432337,108.198756447606,218.351052673162,1291.91013682692,-598144.993821062,11.0090727287862,6.04818621796882,22.2901000976563,710.751525878906,456.657867431641,3.25811250717734,2.09333734111948,1,80,81.9707117932207,1.73433794425166
167155.229633677,4,765.389693498611,0,715.734510111972,107.534354428556,15.2551220973872,108.61103135765,218.670496200543,1300.60427397361,-598142.164168967,11.0502377763203,6.09153795590305,22.2792682647705,710.794006347656,456.685119628906,3.25993800531074,2.09451003334711,1,80,81.9257301810583,1.73151974446599
167155.249633677,4,764.667553186417,0,717.888512285426,107.732571450657,15.3263989532972,108.817303110518,218.830627190119,1304.96426649159,-598140.742962526,11.0708292224855,6.11327443837935,22.2738513946533,710.815246582031,456.698791503906,3.26085162652308,2.09509714974125,1,80,81.9032422647143,1.73020285191208
167155.269633677,4,763.945412874222,0,720.046476657502,107.930835518602,15.3978619699355,109.023664444875,218.991030292753,1309.33287950302,-598139.317503362,11.0914266149944,6.1350495414955,22.2684364318848,710.836547851563,456.712493896484,3.26176573741665,2.0956845409034,1,80,81.8807380020268,1.72891747822496
167155.289633677,4,763.223272562027,0,722.208406132646,108.129146947124,15.4695104727195,109.230115690584,219.15170477805,1313.71012125351,-598137.88780063,11.1120299886937,6.15686585372264,22.2630195617676,710.857788085938,456.726135253906,3.2626803369298,2.09627214589188,1,80,81.8582144574569,1.7276116260627
167155.309633677,4,762.501132249832,0,724.374302270124,108.327505516258,15.5413425077752,109.436656465367,219.312648657283,1318.09599379089,-598136.453885956,11.1326393223994,6.1787228557883,22.257604598999,710.879150390625,456.739837646484,3.26359570695115,2.09686016605994,1,80,81.8357025947129,1.72630595365138
167155.329633677,4,761.778991937637,0,726.54416647763,108.525911571783,15.6133582000119,109.643287239887,219.473861734629,1322.49050457508,-598135.015756922,11.1532546545492,6.20061860238474,22.2521877288818,710.900451660156,456.753540039063,3.26451156664065,2.09744868086592,1,80,81.8131714726361,1.72492717973789
167155.349633677,4,761.056851625443,0,728.717999955756,108.72436538364,15.6855553567842,109.850008078862,219.635342148825,1326.89366115094,-598133.573447882,11.1738760144247,6.2225547048459,22.2467727661133,710.921752929688,456.767242431641,3.26542763702217,2.09803733107911,1,80,81.790625207207,1.72348020421071
167155.369633677,4,760.334711313248,0,730.895804776228,108.922867206356,15.7579327083915,110.056819160358,219.797088549717,1331.30547066184,-598132.126981595,11.1945034301377,6.24452977882236,22.2413558959961,710.943176269531,456.780975341797,3.26634503910129,2.09862661681681,1,80,81.7680987517408,1.72196110103613
167155.389633677,4,759.612571001053,0,733.077582283993,109.121417675647,15.8304880604008,110.263720904809,219.959099071376,1335.72594488016,-598130.676396849,11.2151369685592,6.26654585939946,22.2359390258789,710.964538574219,456.794708251953,3.26726265239237,2.09921621839972,1,80,81.7455605599586,1.72033979252859
167155.409633677,4,758.890430688858,0,735.263334149611,109.320017093212,15.9032197233863,110.470713471174,220.121372031637,1340.15509119502,-598129.22172468,11.2357766623447,6.28860104636356,22.2305240631104,710.985900878906,456.808441162109,3.2681804772204,2.09980595591271,1,80,81.723013587113,1.71859327097371
167155.429633677,4,758.168290376663,0,737.453062043176,109.518666060715,15.9761253157635,110.677797212554,220.283905486699,1344.59292058472,-598127.763005544,11.2564225747661,6.31069547539878,22.2251071929932,711.007385253906,456.822204589844,3.26909963589137,2.10039633014283,1,80,81.7004689500532,1.71669776655303
167155.449633677,4,757.446150064468,0,739.646767846541,109.717365254433,16.0492032714319,110.88497266998,220.44669814687,1349.03944570047,-598126.300266066,11.2770747773491,6.33283185035301,22.2196922302246,711.02880859375,456.835998535156,3.27001872615328,2.1009869810274,1,80,81.6779219195264,1.71465300917317
167155.469633677,4,756.724009752274,0,741.844452398247,109.916115218518,16.1224503259973,111.092240004623,220.60974718665,1353.49467702711,-598124.833566345,11.2977333266905,6.35500637165543,22.2142753601074,711.050231933594,456.849761962891,3.27093859019221,2.10157798874623,1,80,81.6553877952228,1.71246007817724
167155.489633677,4,756.001869440079,0,744.046117918566,110.114916618917,16.1958635758534,111.299599545365,220.773050169797,1357.95862620685,-598123.362959238,11.3183982922175,6.37722125701857,22.2088603973389,711.071716308594,456.863555908203,3.27185894769163,2.10216927349105,1,80,81.6328419422901,1.71006836460493
167155.509633677,4,755.279729127884,0,746.251765365712,110.313770392586,16.2694414532318,111.507052079357,220.936606028969,1362.43130864517,-598121.888469779,11.3390697724121,6.39947522351817,22.2034435272217,711.093200683594,456.877380371094,3.27278008016942,2.10276119659289,1,80,81.6103043707684,1.70749563729676
167155.529633677,4,754.557588815689,0,748.461395723163,110.512677061944,16.3431809055675,111.71459776372,221.100411956872,1366.91273513634,-598120.410157975,11.3597478216316,6.42177074548515,22.1980266571045,711.114685058594,456.891174316406,3.27370170715513,2.10335329697275,1,80,81.5877785817987,1.70473616159746
167155.549633677,4,753.835448503494,0,750.675010572071,110.711637839805,16.4170787099858,111.922237408577,221.264465696657,1371.40292423009,-598118.928079388,11.3804325656837,6.4441059901757,22.1926116943359,711.136291503906,456.905029296875,3.2746241097009,2.10394581552715,1,80,81.5652436691025,1.70175484635323
167155.569633677,4,753.113308191299,0,752.892610893701,110.910653277601,16.4911329544109,112.12997135728,221.428765537727,1375.90188654244,-598117.442269836,11.4011240628087,6.46647897033853,22.1871948242188,711.157775878906,456.918853759766,3.27554672684097,2.1045386925778,1,80,81.5427346022852,1.69856898405117
167155.589633677,4,752.391167879105,0,755.114200730692,111.109724263728,16.5653401281012,112.337800047542,221.593308647717,1380.40963736083,-598115.95279469,11.4218224049471,6.48889520103247,22.1817798614502,711.179321289063,456.932708740234,3.27646983912195,2.10513184773431,1,80,81.5202349188926,1.69516491644859
167155.609633677,4,751.66902756691,0,757.339778720634,111.308851822472,16.6396977918754,112.545724204174,221.758093195134,1384.92619348341,-598114.459698301,11.4425276988636,6.5113495461959,22.176362991333,711.200927734375,456.946563720703,3.2773940104295,2.10572550263026,1,80,81.4977422539137,1.69153090981764
167155.629633677,4,750.946887254715,0,759.569347054116,111.508036880575,16.7142020996184,112.75374424287,221.923116002375,1389.45157044986,-598112.963054817,11.463240040108,6.53384496111695,22.1709480285645,711.222534179688,456.960479736328,3.27831839641445,2.10631957672969,1,80,81.4752682119182,1.68766246817994
167155.649633677,4,750.22474694252,0,761.802907706471,111.707280492518,16.788850651836,112.961860914397,222.088375386346,1393.98578540306,-598111.462905997,11.483959538653,6.55638043853394,22.1655311584473,711.244140625,456.974334716797,3.27924356138064,2.10691386999609,1,80,81.4527935002544,1.68353981601562
167155.669633677,4,749.502606630325,0,764.040461300639,111.906583473588,16.8636402573504,113.170074611005,222.253868778281,1398.52885263343,-598109.959311281,11.5046862790861,6.57895474216541,22.1601142883301,711.265747070313,456.988250732422,3.28016922382121,2.10750876430466,1,80,81.430349918103,1.67919792288506
167155.689633677,4,748.78046631813,0,766.282008187845,112.105947014295,16.9385678376157,113.378386107589,222.419593892251,1403.08079155441,-598108.452328184,11.525420384848,6.60156993527734,22.1546993255615,711.287475585938,457.002166748047,3.28109566473012,2.10810379706753,1,80,81.407927147641,1.6746190278883
167155.709633677,4,748.058326005936,0,768.527552427026,112.305372094692,17.0136296095809,113.586795860343,222.58554784336,1407.64161842957,-598106.942025752,11.5461619571648,6.62422509711388,22.1492824554443,711.30908203125,457.016082763672,3.28202232327299,2.1086993314381,1,80,81.3855060901185,1.66977094864505
167155.729633677,4,747.336185693741,0,770.77709469758,112.504859527817,17.0888234946092,113.795304410172,222.751728949609,1412.21134837891,-598105.428443799,11.5669110811635,6.64692169893872,22.1438674926758,711.330749511719,457.030029296875,3.28294947937099,2.10929514542569,1,80,81.3631290288938,1.66470706473588
167155.749633677,4,746.614045381546,0,773.030635717325,112.704410783016,17.1641458250934,114.003912704134,222.918134504662,1416.79000392871,-598103.911653403,11.5876679085416,6.66965757536216,22.1384506225586,711.352478027344,457.0439453125,3.28387769901621,2.10989132088806,1,80,81.3407535155983,1.65937265432784
167155.769633677,4,745.891905069351,0,775.288176623755,112.904026799743,17.2395931960501,114.21262119907,223.084762009758,1421.37760124262,-598102.391715021,11.6084325366638,6.69243417573788,22.13303565979,711.374145507813,457.057891845703,3.28480585344034,2.11048777633623,1,80,81.3184139749092,1.6537997689198
167155.789633677,4,745.169764757156,0,777.549719310016,113.103708465494,17.3151626952611,114.421430369537,223.251609129168,1425.97415660659,-598100.868684997,11.6292050577065,6.71525205545911,22.1276187896729,711.395935058594,457.071868896484,3.28573535453144,2.11108487578193,1,80,81.2961075554504,1.64798502554817
167155.809633677,4,744.447624444962,0,779.815265265061,113.303456902038,17.3908517292874,114.630340965305,223.418674006588,1430.57968860562,-598099.342611614,11.6499855883379,6.73811033463303,22.1222019195557,711.417663574219,457.085845947266,3.28666507425495,2.11168229681499,1,80,81.2738135789402,1.64191500428336
167155.829633677,4,743.725484132767,0,782.08481483045,113.503273359935,17.4666566358023,114.839353696602,223.585953852496,1435.19421792182,-598097.813566322,11.6707742576517,6.76100741950238,22.1167869567871,711.439453125,457.099822998047,3.28759529334434,2.11227985751428,1,80,81.2515539673856,1.6355872307025
167155.849633677,4,743.003343820572,0,784.358371157083,113.703158991603,17.5425747995618,115.0484693304,223.753446906583,1439.81776403997,-598096.281596025,11.6915711855488,6.78394758181838,22.1113700866699,711.461242675781,457.113861083984,3.28852629719661,2.11287820448822,1,80,81.2293300127109,1.62903608472993
167155.869633677,4,742.281203508377,0,786.635933266953,113.90311459886,17.6186031480716,115.257688213023,223.92115074947,1444.45034217183,-598094.746758907,11.7123764552671,6.80692706313255,22.1059551239014,711.483032226563,457.127838134766,3.28945751898065,2.11347640938391,1,80,81.2071373514917,1.62223525818006
167155.989633677,4,737.948361635208,0,800.385543511482,115.10438076724,18.0769159136668,116.515206564463,224.931676323918,1472.43657459726,-598085.480769354,11.8373897878933,6.94566295063318,22.0734577178955,711.614196777344,457.212127685547,3.29505851961659,2.11707512782192,1,80,81.0747121489729,1.57657092626508
167156.189633676,4,730.72695851326,0,823.623114319984,117.112794717799,18.8477144498711,118.619741302184,226.631400627963,1519.81555132067,-598069.843582911,12.0464859907524,7.18019132616527,22.0192985534668,711.834045410156,457.353393554688,3.30443921236698,2.12310228390441,1,80,80.8574188221136,1.48371476243697
167156.389633676,4,723.505555391312,0,847.263990298845,119.129903984473,19.6251617557356,120.73558297904,228.349093949398,1568.12963918573,-598054.002792735,12.2565931104263,7.41889590878304,21.9651374816895,712.055480957031,457.495666503906,3.3138784549308,2.12916700032113,1,80,80.6452617391219,1.37433103438905
167156.589633676,4,716.284152269363,0,871.30987479724,121.156506495083,20.407419322847,122.863183376924,230.083509430837,1617.39646941132,-598037.99359911,12.4677949497212,7.66182933166275,21.9109764099121,712.278381347656,457.638854980469,3.32337585038213,2.13526896037615,1,80,80.4389292462439,1.25333824453308
167156.789633676,4,709.062749147415,0,895.762634132057,123.193247187693,21.1931494332346,125.002902908482,231.833781189086,1667.63260316849,-598021.841680401,12.6801599305683,7.90903340570983,21.8568153381348,712.502624511719,457.782928466797,3.33293128712449,2.14140831557508,1,80,80.2388567314926,1.12477158566634
167156.989633676,4,701.841346025467,0,920.624269947177,125.240672084561,21.9812765937882,127.155033187386,233.59923975574,1718.85403919977,-598005.567843353,12.8937465017598,8.1605399671596,21.8026561737061,712.728210449219,457.927856445313,3.34254493393395,2.14758503203315,1,80,80.0452697571027,0.991666443585507
167157.189633676,4,694.619942903519,0,945.896916245692,127.299208735105,22.7711126392776,129.319805580639,235.379500796828,1771.07584141823,-597989.185350332,13.1086012350628,8.41637529332888,21.7484951019287,712.955017089844,458.073577880859,3.35221726745795,2.15379949748632,1,80,79.8582666388782,0.855765721037082
167157.389633676,4,687.39853978157,0,971.582815520233,129.369268270018,23.5619564347414,131.497427213435,237.174175849056,1824.31336339714,-597972.707963658,13.3247690455296,8.67655768604628,21.6943340301514,713.182983398438,458.220062255859,3.36194817801131,2.16005168279326,1,80,79.6778892906514,0.718078350741819
167157.589633676,4,680.177136659622,0,997.684289062279,131.451223152064,24.3532254828515,133.688083461437,238.982970109764,1878.58192074683,-597956.147235767,13.5422910065439,8.94110078337897,21.6401748657227,713.412048339844,458.367248535156,3.37173755226876,2.16634141266966,1,80,79.5041326840043,0.57934849864639
167157.789633676,4,672.955733537674,0,1024.20374118607,133.545427081349,25.1444049977081,135.891950449718,240.805647565953,1933.89702936984,-597939.513527403,13.7612063696453,9.21001713401134,21.5860137939453,713.642150878906,458.515075683594,3.38158616960793,2.17266908432861,1,80,79.3369723878775,0.440164247604174
167157.989633676,4,665.734330415726,0,1051.14364748017,135.652212087262,25.9350244744435,138.109189189777,242.642009114067,1990.2743469741,-597922.816446043,13.981552246172,9.48331471755253,21.531852722168,713.873168945313,458.663513183594,3.39149363378174,2.17903466985365,1,80,79.1763662630701,0.30121333921749
167158.189633675,4,658.512927293777,0,1078.50686632318,137.771465676411,26.7270875573605,140.339994171032,244.493661103747,2047.72375014692,-597906.01425113,14.2033221598451,9.76100276355427,21.4776935577393,714.105163574219,458.812561035156,3.40146041742839,2.18543828694474,1,79.0212220875955,79.0212220875955,0.152618506186852
167158.389633675,4,651.291524171829,0,1106.2966828018,139.905533987982,27.5129823549069,142.585141717234,246.355660875541,2106.29016014806,-597889.265497894,14.4267551774246,10.0431298575494,21.4235324859619,714.337890625,458.962066650391,3.41148645318388,2.19187991208636,1,78.8745179915482,78.8745179915482,0.0465274745804504
167158.589633675,4,644.070121049881,0,1134.51414536976,142.050470587405,28.2896083283987,144.840043266624,248.223295819233,2165.92854932928,-597872.636712201,14.6514418807619,10.3295465372576,21.3693714141846,714.571350097656,459.112091064453,3.42157190720314,2.19835994380231,1,78.7368044813511,78.7368044813511,0.185461782148552
167158.789633675,4,636.848717927933,0,1163.15996356029,144.202629285419,29.0621498428292,147.102028695444,250.098767541918,2226.59436902846,-597856.02088678,14.8770118383874,10.6194752738921,21.3152103424072,714.805480957031,459.262512207031,3.43171695397639,2.20487809824362,1,78.6054212406044,78.6054212406044,0.289740374157282
167158.989633675,4,629.627314805985,0,1192.23553866998,146.36192739472,29.836831713755,149.372187228454,251.987070334137,2288.29369587475,-597839.287245461,15.1034656275407,10.9128340525828,21.2610511779785,715.040222167969,459.413330078125,3.44192146885485,2.21143448277591,1,78.4777581861315,78.4777581861315,0.348945847020456
167159.189633675,4,622.405911684036,0,1221.74269114551,148.528437860674,30.6182591555627,151.65149075116,253.891900552087,2351.03488691116,-597822.337300061,15.3308187526644,11.2097272289818,21.2068901062012,715.275451660156,459.564483642578,3.45218596387594,2.21802951051168,1,78.3519691191498,78.3519691191498,0.375939931071638
167159.389633675,4,615.184508562088,0,1251.6833471898,150.702290742818,31.4090272352938,153.940597072379,255.815310683271,2414.82719857537,-597805.113850208,15.5590908541502,11.5102250594482,21.1527290344238,715.511169433594,459.715911865234,3.46251061886508,2.22466300247231,1,78.2270720212275,78.2270720212275,0.38571398152221
167159.589633675,4,607.96310544014,0,1282.05935630633,152.883608097337,32.2100267431173,156.2398267013,257.757948687198,2479.67982140975,-597787.595269254,15.7882990977438,11.8143625346809,21.0985698699951,715.747192382813,459.867553710938,3.47289472250099,2.23133477480408,1,78.1027274826173,78.1027274826173,0.389364673106366
167159.789633675,4,600.741702318192,0,1312.8724415726,155.072516326669,33.0212172226444,158.549317585255,259.719711909727,2545.6021191536,-597769.77958537,16.0184601744734,12.1221261179061,21.0444087982178,715.983459472656,460.019378662109,3.48333909160585,2.23804539530869,1,77.9789490933588,77.9789490933588,0.392987318967621
167159.989633674,4,593.520299196243,0,1344.12420679617,157.269072636338,33.8421890650201,160.869061564386,261.700165794558,2612.6024678353,-597751.672760415,16.249583211532,12.4334766948914,20.9902477264404,716.219909667969,460.171295166016,3.49384360514251,2.24479453193541,1,77.8559019081156,77.8559019081156,0.398649706361289
167160.189633674,4,586.298896074295,0,1375.81618185749,159.473297002375,34.6725443564443,163.19901283083,263.698869249369,2680.6887222816,-597733.280637008,16.4816734973249,12.7483653636634,20.9360866546631,716.456604003906,460.323333740234,3.50440905241495,2.25158264824692,1,77.7337013713613,77.7337013713613,0.40609848595526
167160.389633674,4,579.077492952347,0,1407.94986723876,161.685230102164,35.512074818671,165.539182948076,265.715550855965,2749.86916262261,-597714.605046591,16.714738723208,13.0667287795882,20.8819274902344,716.693298339844,460.475433349609,3.51503441294581,2.25840955718342,1,77.612417174063,77.612417174063,0.414120589457861
167160.589633674,4,571.856089830399,0,1440.52676324942,163.904899544453,36.3607655211534,167.889610649264,267.750089485511,2820.15195196122,-597695.643624486,16.9487854969435,13.3885244428784,20.827766418457,716.929931640625,460.627471923828,3.52572052036019,2.26527538930759,1,77.4920216714983,77.4920216714983,0.421551672600824
167160.789633674,4,564.63468670845,0,1473.54838864633,166.132333535401,37.2187436293498,170.250366000385,269.802478507715,2891.54534726124,-597676.39086865,17.1838207198131,13.7136992592848,20.7736053466797,717.166442871094,460.779418945313,3.53646725084922,2.27218010709172,1,77.3724806503986,77.3724806503986,0.427593639151075
167160.989633674,4,557.413283586502,0,1507.01628807711,168.367563641429,38.0862035666538,172.621538020813,271.872767259272,2964.0577500771,-597656.839708544,17.4198517969766,14.042214502868,20.719446182251,717.40283203125,460.931304931641,3.54727477736691,2.27912397202748,1,77.2537085240188,77.2537085240188,0.431972237012533
167161.189633674,4,550.191880464554,0,1540.93202290148,170.610622527151,38.963354861749,175.00322151659,273.961017652711,3037.69766406494,-597636.982635205,17.656886342552,14.3740268682897,20.6652851104736,717.638916015625,461.0830078125,3.55814334826179,2.2861071224416,1,77.1356436882627,77.1356436882627,0.434729719220466
167161.389633674,4,542.970477342606,0,1575.29716722248,172.861544926904,39.8503838687784,177.395509551412,276.067275006107,3112.473709599,-597616.812536669,17.8949322339043,14.7090886910256,20.6111240386963,717.874755859375,461.234527587891,3.56907344527725,2.29312967341814,1,77.0182005169068,77.0182005169068,0.43610500895961
167161.589633674,4,535.749074220657,0,1610.11330246751,175.12036221131,40.7474468933344,179.798486337748,278.191559591441,3188.39453048783,-597596.322862442,18.1339970344505,15.0473583133234,20.5569629669189,718.110290527344,461.385833740234,3.58006527504709,2.30019180000759,1,76.9013404704069,76.9013404704069,0.436321241375897
167161.789633674,4,528.527671098709,0,1645.38202001713,177.387107164656,41.6546717566183,182.212231936818,280.333871081736,3265.46887282422,-597575.507605843,18.3740884911673,15.3887822293209,20.5028038024902,718.345275878906,461.536804199219,3.59111779694641,2.3072930068033,1,76.785035825272,76.785035825272,0.435625736701214
167161.989633673,4,521.306267976761,0,1681.10491236229,179.661809978256,42.5721641336004,184.636819523304,282.494191584937,3343.70552226424,-597554.361165851,18.6152141240622,15.7333112203787,20.4486427307129,718.579833984375,461.687530517578,3.60223279844658,2.31443450874853,1,76.669228409532,76.669228409532,0.434214849388698
167162.189633673,4,514.084864854813,0,1717.28358052473,181.944496376255,43.5000138529074,187.072314805831,284.672489429603,3423.11325654737,-597532.878217769,18.8573810363209,16.0808954459429,20.3944816589355,718.813720703125,461.837829589844,3.61340924003326,2.32161550728951,1,76.5539025427038,76.5539025427038,0.43219060796696
167162.389633673,4,506.863461732864,0,1753.91962363943,184.235187272179,44.4383036883118,189.518777602404,286.86872584467,3503.70084001427,-597511.053519592,19.1005958895724,16.431468106165,20.3403224945068,719.047058105469,461.987701416016,3.62464791237609,2.32883611525099,1,76.439047148696,76.439047148696,0.429631017936674
167162.589633673,4,499.642058610916,0,1791.01464685809,186.533901014092,45.3871123887716,191.976264674897,289.082858746614,3585.47705825523,-597488.881845298,19.3448651420674,16.7849774661555,20.2861614227295,719.279724121094,462.13720703125,3.63594940217959,2.33609741145342,1,76.3246349711543,76.3246349711543,0.426557859827943
167162.789633673,4,492.420655488968,0,1828.57025343878,188.840652637308,46.3465196614287,194.444830152955,291.314846066937,3668.45070353826,-597466.357871509,19.5901949779699,17.1413642796801,20.2320003509521,719.511535644531,462.286163330078,3.6473129697171,2.34339859155164,1,76.2106410787771,76.2106410787771,0.423039264515086
167162.989633673,4,485.19925236702,0,1866.58805511717,191.155470131661,47.3165497572461,196.924527782057,293.564613471828,3752.63088646135,-597443.477476089,19.836592925621,17.5005572316131,20.1778392791748,719.742614746094,462.434631347656,3.65873975986017,2.35074030269115,1,76.0970761207062,76.0970761207062,0.418963120310688
167163.189633673,4,477.977849245071,0,1905.06963881652,193.478355294922,48.2973836329525,199.415423760091,295.832190128525,3838.0262965915,-597420.232854508,20.0840640813199,17.8624987903377,20.1236801147461,719.972839355469,462.582550048828,3.67022933739247,2.35812235316393,1,75.9838804494497,75.9838804494497,0.413834433876701
167163.389633673,4,470.756446123123,0,1944.01663209696,195.809321388183,49.2891773325651,201.917590478447,298.117594192768,3924.64590821648,-597396.616659293,20.3326147855626,18.2271179404288,20.0695190429688,720.2021484375,462.729888916016,3.68178261993008,2.36554537698801,1,75.8710305319075,75.8710305319075,0.407940029396805
167163.589633673,4,463.535043001175,0,1983.43065771682,198.148387305941,50.2920261676856,204.431091783996,300.420802533443,4012.4988711843,-597372.622848572,20.5822519553427,18.5943544999848,20.0153579711914,720.430480957031,462.876556396484,3.6933994877433,2.37300902928498,1,75.7584839132487,75.7584839132487,0.401436763928958
167163.789633672,4,456.313639879227,0,2023.31335066538,200.495551051827,51.3060784673152,206.955984883912,302.741819248854,4101.59398412448,-597348.244045506,20.8329804804656,18.9641415988558,19.9611988067627,720.657775878906,463.022613525391,3.70507981536061,2.38051374292908,1,75.646227882568,75.646227882568,0.394714851016172
167163.989633672,4,449.092236757278,0,2063.66636102286,202.85082333661,52.3313482528284,209.492306632724,305.080557019744,4191.94034332375,-597323.475932687,21.0848064432934,19.3363997037434,19.9070377349854,720.883972167969,463.16796875,3.71682453981792,2.38805985258679,1,75.5342731295606,75.5342731295606,0.388433204158726
167164.189633672,4,441.87083363533,0,2104.49133510806,205.214204026597,53.3677572632604,212.040060011264,307.436854711967,4283.54686373111,-597298.316321169,21.3377347019097,19.7110593698789,19.852876663208,721.109069824219,463.312591552734,3.72863385811154,2.39564732721229,1,75.422629990292,75.422629990292,0.383217170403778
167164.389633672,4,434.649430513382,0,2145.78991927055,207.585694141209,54.4151057696659,214.59921749161,309.810464480152,4376.42251471523,-597272.765903733,21.5917700855743,20.0880223827926,19.7987174987793,721.333038330078,463.456466674805,3.7405078065976,2.4032762115382,1,75.311359767079,75.311359767079,0.379443154516198
167164.589633672,4,427.428027391434,0,2187.56368050852,209.965332919461,55.4730930954128,217.16976098332,312.201093291529,4470.57714436238,-597246.827832867,21.8469213140459,20.4672060704082,19.744556427002,721.555786132813,463.599548339844,3.75244718639319,2.41094708713319,1,75.2005389992429,75.2005389992429,0.37567127896475
167164.789633672,4,420.206624269485,0,2229.81419768918,212.353095010704,56.5420015415681,219.751757442237,314.608839495387,4566.01936379354,-597220.491334393,22.1031913838156,20.8485147015373,19.6903953552246,721.777282714844,463.741882324219,3.7644520409419,2.41866032250192,1,75.090127069887,75.090127069887,0.370837401024138
167164.989633672,4,412.985221147537,0,2272.54310365336,214.748995466478,57.6220161991205,222.345289594165,317.033756552609,4662.75870740449,-597193.747800177,22.360587467326,21.2318789795604,19.6362342834473,721.997436523438,463.883331298828,3.776522457661,2.42641556571199,1,74.980037365206,74.980037365206,0.365154203094481
167165.189633672,4,405.763818025589,0,2315.7520371984,217.153058205922,58.7132627918971,224.950434353559,319.475860668861,4760.80497669987,-597166.589932639,22.6191176582653,21.6172187577745,19.5820751190186,722.21630859375,464.023956298828,3.78865895614976,2.43421326406033,1,74.8702741887332,74.8702741887332,0.358889441186582
167165.389633672,4,398.542414903641,0,2359.44264916261,219.565303586702,59.8158166209806,227.567252602732,321.935129863398,4860.16797445144,-597139.011551813,22.8787896742429,22.0044580474998,19.5279140472412,722.433837890625,464.163726806641,3.80086252881038,2.44205410090362,1,74.760820506125,74.760820506125,0.352389876196851
167165.589633672,4,391.321011781693,0,2403.61658641556,221.985746934744,60.9297094086067,230.195789124809,324.411508345006,4960.85746096715,-597111.007459878,23.139610706657,22.3934989233244,19.4737529754639,722.64990234375,464.302551269531,3.81313274591857,2.44993773128225,1,74.6516745856007,74.6516745856007,0.345840043385491
167165.789633671,4,384.099608659744,0,2448.2754938252,224.414398565587,62.0549559100472,232.836079327393,326.904926272689,5062.8831518396,-597082.572810348,23.4015874669998,22.7842675402462,19.4195938110352,722.864562988281,464.440490722656,3.82547013673088,2.45786461049269,1,74.5428365915746,74.5428365915746,0.339318960036409
167165.989633671,4,376.878205537796,0,2493.42101478868,226.851269646081,63.1915702240153,235.488159123586,329.41531571288,5166.25485699472,-597053.702713863,23.6647268349898,23.176657887414,19.3654327392578,723.077758789063,464.577453613281,3.83787571777819,2.46583511465711,1,74.4343106879776,74.4343106879776,0.332846318539492
167166.189633671,4,369.656802415848,0,2539.05479580304,229.296373057315,64.3395687891161,238.15206656506,331.942613392336,5270.98250302591,-597024.392163569,23.9290359569146,23.5705814102975,19.3112716674805,723.289428710938,464.713439941406,3.85034938574693,2.47384938449285,1,74.3261047743436,74.3261047743436,0.326396575453209
167166.389633671,4,362.4353992939,0,2585.17848293448,231.749723173956,65.4989718904671,240.827842057171,334.48676165989,5377.07613347878,-596994.635993408,24.1945222277039,23.9659386458065,19.2571105957031,723.499633789063,464.848510742188,3.86289206535987,2.48190813081168,1,74.218211628005,74.218211628005,0.319929735492396
167166.589633671,4,355.213996171951,0,2631.79373005952,234.211362244468,66.6698109298329,243.515555753281,337.047731669869,5484.54655854602,-596964.4287036,24.4611960991607,24.3626430086247,19.2029514312744,723.708251953125,464.982543945313,3.87550332656398,2.49001084482724,1,74.1106451678829,74.1106451678829,0.313444406383423
167166.789633671,4,347.992593050003,0,2678.90219972283,236.681354146812,67.8521234115928,246.215300199298,339.625516069302,5593.40525133733,-596933.764562728,24.7290704233404,24.7605929344107,19.1487903594971,723.915344238281,465.115570068359,3.8881848743978,2.49815857445265,1,74.0033834246264,74.0033834246264,0.306951594200746
167166.989633671,4,340.771189928055,0,2726.50557092763,239.159762255088,69.0459499769289,248.927168244302,342.220111280804,5703.66381881072,-596902.637687018,24.9981581097533,25.1597112549623,19.0946292877197,724.120727539063,465.24755859375,3.90093595957414,2.50635130634971,1,73.8964516609682,73.8964516609682,0.300399829613504
167167.189633671,4,333.549786806107,0,2774.60553611605,241.646653855192,70.25133099001,251.651256355455,344.831518144888,5815.3341171178,-596871.042122727,25.2684725889288,25.5599007027192,19.040470123291,724.324584960938,465.378540039063,3.91375779745056,2.51458935353169,1,73.7898322737561,73.7898322737561,0.293850635373356
167167.389633671,4,326.328383684158,0,2823.20380031981,244.142101114034,71.4682998086329,254.38766364333,347.459737655627,5928.42828124238,-596838.972024179,25.5400279033056,25.961066243743,18.9863090515137,724.526794433594,465.508453369141,3.92665114230393,2.52287329359992,1,73.6835367415446,73.6835367415446,0.287302330602571
167167.58963367,4,319.10698056221,0,2872.30208221346,246.646176409733,72.6968935306203,257.136490344221,350.104775614104,6042.9586140851,-596806.421371227,25.812838238322,26.3631234202157,18.9321479797363,724.727355957031,465.637298583984,3.93961624002734,2.53120328408396,1,73.5775636619643,73.5775636619643,0.280742263464708
167167.78963367,4,311.885577440262,0,2921.90211788239,249.158949486397,73.9371449291133,259.897832829428,352.766634694336,6158.93751589814,-596773.384180442,26.0869176044988,26.7659738942904,18.877986907959,724.92626953125,465.765106201172,3.95265373365773,2.53957990406939,1,73.4719090619146,73.4719090619146,0.27421351524098
167167.98963367,4,304.664174318314,0,2972.00565556949,251.680493859035,75.1890979958388,262.67179415871,355.445329977398,6276.37765414431,-596739.854099637,26.3622805545199,27.1695194976843,18.8238277435303,725.123474121094,465.891815185547,3.96576353811007,2.54800298060439,1,73.3665795401779,73.3665795401779,0.267685444171959
167168.18963367,4,297.442771196365,0,3022.61445927084,254.21089812373,76.4527764000127,265.458485914736,358.140874503741,6395.29226438922,-596705.82523314,26.6389433185113,27.573663481118,18.7696666717529,725.318969726563,466.017456054688,3.9789471097337,2.55647361677758,1,73.261574824589,73.261574824589,0.261177352435317
167168.38963367,4,290.221368074417,0,3073.73030987917,256.750243790218,77.7282162722549,268.258016266435,360.853287073586,6515.6945869904,-596671.291279767,26.9169215261442,27.9783216694308,18.7155055999756,725.512878417969,466.141998291016,3.99220538381391,2.56499181552375,1,73.1569071687047,73.1569071687047,0.25468704528316
167168.58963367,4,282.999964952469,0,3125.35500330478,259.298620365608,79.015457198657,271.070501899083,363.582596186071,6637.59826557443,-596636.24577327,27.1962317932606,28.3833744684561,18.6613464355469,725.704956054688,466.265441894531,4.00553728039995,2.57355774476751,1,73.0525644476673,73.0525644476673,0.248217563655064
167168.78963367,4,275.778561830521,0,3177.49035999249,261.856112465345,80.3145507683771,273.896058205644,366.328837054402,6761.01701368636,-596600.681841334,27.4768903754699,28.7887475379487,18.6071853637695,725.895446777344,466.387817382813,4.01894564010976,2.58217253406454,1,72.9485619403077,72.9485619403077,0.241758884692689
167168.98963367,4,268.557158708572,0,3230.13821147068,264.422810258242,81.6255310248196,276.734800666541,369.092038167445,6885.96488968923,-596564.592993594,27.7589142119641,29.1943208345008,18.5530242919922,726.084167480469,466.509063720703,4.03242973237028,2.59083602593247,1,72.8448889356044,72.8448889356044,0.235339744566552
167169.18963367,4,261.335755586624,0,3283.30041153822,266.998807499275,82.9484290875841,279.5868471408,371.872230221652,7012.45625461568,-596527.972738382,28.0423207535376,29.6000088380722,18.4988632202148,726.271240234375,466.629241943359,4.04599092932271,2.5995490054794,1,72.7415606442527,72.7415606442527,0.228953900517276
167169.38963367,4,254.114352464676,0,3336.9788303267,269.584202335796,84.2832805140536,282.452320796339,374.669451850713,7140.50580585736,-596490.814383311,28.3271280712464,30.0056977611156,18.4447040557861,726.45654296875,466.748291015625,4.05962883575826,2.60831131550484,1,72.6385736190232,72.6385736190232,0.222595395814164
167169.589633669,4,246.892949342728,0,3391.17535929021,272.179106144575,85.6301195953326,285.331356852994,377.483751850402,7270.12884368852,-596453.111192624,28.6133557924263,30.4112857993956,18.3905429840088,726.64013671875,466.866271972656,4.07334533969997,2.61712429179918,1,72.5359296375173,72.5359296375173,0.216277990233991
167169.789633669,4,239.671546220779,0,3445.89198388602,274.784588187105,86.9892884924089,288.225096439523,380.316085737881,7401.36891316692,-596414.847898014,28.9011270902932,30.8167350437279,18.3363819122314,726.822021484375,466.983123779297,4.08714074573125,2.62598778841246,1,72.433633073802,72.433633073802,0.210002296805889
167169.989633669,4,232.450143098831,0,3501.13110355695,277.403230514558,88.3616057567955,291.13626650047,383.16883827259,7534.3158984615,-596375.995811331,29.19072912069,31.2223421881838,18.2822227478027,727.002197265625,467.098907470703,4.10101536188705,2.6349023459115,1,72.3316909976802,72.3316909976802,0.203766393734659
167170.189633669,4,225.228739976883,0,3556.89555919531,280.036753843285,89.7476361201475,294.066695992999,386.043605525233,7669.0376886765,-596336.532707383,29.4823571737637,31.628503504657,18.2280616760254,727.180725097656,467.213623046875,4.11497113713867,2.64386899619443,1,72.2301116857891,72.2301116857891,0.197554805091579
167170.389633669,4,218.007336854935,0,3613.18840259942,282.685623877977,91.1475529808522,297.016899118011,388.940809821455,7805.5668649656,-596296.44683997,29.7760716124578,32.0353655736239,18.173900604248,727.357543945313,467.327209472656,4.12900806556324,2.65288761109603,1,72.1288886733641,72.1288886733641,0.19138860895434
167170.589633669,4,210.785933732986,0,3670.01261576172,285.348797146116,92.5610389387683,299.985802934338,391.85944018099,7943.890839656,-596255.740042861,30.07176963156,32.4427440942584,18.1197395324707,727.53271484375,467.439788818359,4.1431272653138,2.66195937918998,1,72.0280426129229,72.0280426129229,0.185241624112157
167170.789633669,4,203.564530611038,0,3727.37082629721,288.024224104019,93.9874373575002,302.971272650977,394.797516232747,8083.9646934747,-596214.423846903,30.3692389658273,32.8501361936059,18.065580368042,727.706237792969,467.551239013672,4.15732907569268,2.67108382391065,1,71.9275695134782,71.9275695134782,0.179158213234739
167170.989633669,4,196.34312748909,0,3785.26544181735,290.711774313996,95.4267066313638,305.97318847131,397.75487324153,8225.80036112654,-596172.492687367,30.6684749328608,33.2571014078917,18.0114192962646,727.878173828125,467.661712646484,4.17161550604562,2.68026288217923,1,71.8274768814796,71.8274768814796,0.173129812160947
167171.189633669,4,189.121724367142,0,3843.69895745872,293.412119581971,96.8790684580661,308.992274697746,400.732113674514,8369.43492924992,-596129.933434111,30.9695601404743,33.6635878162298,17.9572582244873,728.048400878906,467.771087646484,4.18598621692712,2.68949608734993,1,71.7277625613343,71.7277625613343,0.167159220446545
167171.389633669,4,181.900321245193,0,3902.67402489169,296.126139804469,98.3448197047252,312.029476553499,403.730046767586,8514.91318802268,-596086.730577828,31.2726003186236,34.0696200346452,17.9030990600586,728.217102050781,467.879486083984,4.20044262056467,2.69878437227092,1,71.628445358239,71.628445358239,0.161232466988038
167171.589633668,4,174.678918123245,0,3962.19348821091,298.854833551848,99.8242985880096,315.085864687534,406.749600582365,8662.28514755704,-596042.867138639,31.5777147031692,34.4752935681328,17.8489379882813,728.384155273438,467.98681640625,4.21498572886373,2.70812831136917,1,71.5295096951168,71.5295096951168,0.155366004145818
167171.789633668,4,167.457515001297,0,4022.26039570698,301.599210535139,101.317861294114,318.162525783022,409.791727370029,8811.60280324041,-595998.325303494,31.8850244367968,34.880676157001,17.7947769165039,728.549682617188,468.093170166016,4.22961663811299,2.71752868467247,1,71.4309786170215,71.4309786170215,0.149566483498795
167171.989633668,4,160.236111879349,0,4082.87799131428,304.360208571879,102.825824530161,321.260465591745,412.857303211243,8962.91745349497,-595953.088087881,32.1946434407404,35.2858669679292,17.7406158447266,728.713623046875,468.198486328125,4.24433584484702,2.72698568433069,1,71.3328414117965,71.3328414117965,0.143855293357728
167172.189633668,4,153.014708757401,0,4144.04968753841,307.138598992338,104.34845896532,324.380517108246,415.94705363637,9116.27648791845,-595907.139546816,32.5066681306312,35.6909074271968,17.6864566802979,728.876037597656,468.302856445313,4.25914410774954,2.73650010260366,1,71.2351240831162,71.2351240831162,0.138203671279923
167172.389633668,4,145.793305635452,0,4205.77903019392,309.93495715647,105.885976300403,327.523308551731,419.061522213333,9271.72213033272,-595860.465194698,32.8211741000106,36.0958091043736,17.6322956085205,729.036926269531,468.406219482422,4.27404321973243,2.74607273557937,1,71.1378148061329,71.1378148061329,0.132595849031023
167172.589633668,4,138.571902513504,0,4268.06965560967,312.749641749665,107.438524659711,330.689242334249,422.201050993926,9429.29040783644,-595813.052200297,33.1382137547461,36.5005244742651,17.5781345367432,729.196411132813,468.508666992188,4.28903433186304,2.75570439846678,1,71.0409229868119,71.0409229868119,0.1270372579397
167172.789633668,4,131.350499391556,0,4330.92524434358,315.582740996192,109.006167610198,333.878437446523,425.365726043384,9589.00893764244,-595764.890048612,33.4578102843569,36.9049613491108,17.5239753723145,729.354370117188,468.610168457031,4.30411716341146,2.7653951928484,1,70.9444463781779,70.9444463781779,0.121559270050858
167172.989633668,4,124.129096269608,0,4394.34946925181,318.43409706386,110.588872397609,337.090748717687,428.555386436483,9750.89726468234,-595715.970977634,33.7799601090094,37.3089448420815,17.4698143005371,729.510986328125,468.710784912109,4.31929464444461,2.77514666811846,1,70.8484117653855,70.8484117653855,0.116182782305977
167173.189633668,4,116.907693147659,0,4458.34594631242,321.303341379552,112.186525844461,340.325805314136,431.769660400044,9914.96763276041,-595666.289582328,34.1046366146524,37.7122554947935,17.4156532287598,729.666137695313,468.810485839844,4.33456651784577,2.78495894239364,1,70.752794989436,70.752794989436,0.110976072794076
167173.389633667,4,109.686290025711,0,4522.91820117552,324.189936745904,113.798947767213,343.583054879367,435.00800500077,10081.226052,-595615.842480635,34.4317946410578,38.1146037014675,17.3614921569824,729.819885253906,468.909271240234,4.34993408392591,2.79483261890998,1,70.6576216687569,70.6576216687569,0.105938055027849
167173.589633667,4,102.464886903763,0,4588.06962894672,327.093214324712,115.425909837779,346.86180464149,438.269745849712,10249.6732758048,-595564.627799397,34.7613744572928,38.5157027812795,17.3073329925537,729.972351074219,469.007232666016,4.36539854160826,2.80476854564562,1,70.5628775637814,70.5628775637814,0.101060634753399
167173.789633667,4,95.2434837818146,0,4653.80348527816,330.012389657805,117.067150170202,350.161241396914,441.554098302352,10420.3051216035,-595512.644778312,35.0933034627318,38.9151898081324,17.2531719207764,730.123474121094,469.104309082031,4.38096145086137,2.81476759392684,1,70.4685842969272,70.4685842969272,0.0963260015778036
167173.989633667,4,88.0220806598663,0,4720.1228569597,332.946612198181,118.722364153759,353.480475167305,444.860198353566,10593.1139937904,-595459.894079365,35.4275014736718,39.3126933123929,17.199010848999,730.273315429688,469.200592041016,4.39662367453785,2.82483063188597,1,70.3747381456712,70.3747381456712,0.0917436484036273
167174.189633667,4,80.8006775379181,0,4787.03065136704,335.894974353623,120.391221593362,356.818553375189,448.187120499486,10768.0890754149,-595406.377309478,35.7638817087842,39.707836974114,17.1448516845703,730.421813964844,469.296020507813,4.41238533973132,2.83495761119558,1,70.2813389460014,70.2813389460014,0.0872791607499876
167174.389633667,4,73.5792744159698,0,4854.52959066327,338.856487012204,122.073354856733,360.174433790393,451.533851748341,10945.2152982107,-595352.097410317,36.1023480092491,40.1002050141742,17.090690612793,730.569152832031,469.390686035156,4.42824952743773,2.84515035374994,1,70.188397011798,70.188397011798,0.0829124408207627
167174.589633667,4,66.3578712940216,0,4922.6222173745,341.830532790946,123.768538199481,363.54747172299,454.899750201742,11124.4899450113,-595297.053048801,36.44284511159,40.4894024878922,17.0365295410156,730.715209960938,469.484527587891,4.44421602165096,2.85540882546413,1,70.0959041437842,70.0959041437842,0.0786383916256724
167174.789633667,4,59.1364681720734,0,4991.31107847579,344.817516106635,125.476911231875,366.938107405379,458.285182748266,11305.9477158707,-595241.231371152,36.7854311038773,40.8752166675962,16.9823684692383,730.860168457031,469.57763671875,4.46028695921303,2.86573423999348,1,70.0038744250563,70.0038744250563,0.0744617463363089
167174.989633667,4,51.9150650501251,0,5060.59881730017,347.817939333505,127.198644402989,370.346883421697,461.690611937131,11489.6278483315,-595184.618342823,37.1301754013306,41.2575729795574,16.9282093048096,731.003967285156,469.670043945313,4.47646250732305,2.87612713011969,1,69.9122927243378,69.9122927243378,0.070435021652133
167175.189633667,4,44.6936619281769,0,5130.48817620415,350.832301346263,128.933910860618,373.774339726163,465.11650122123,11675.5704535041,-595127.199619323,37.4771475619345,41.6364082526855,16.8740482330322,731.146545410156,469.761657714844,4.49274435259027,2.88658826060357,1,69.8211827654466,69.8211827654466,0.0665112475741654
167175.389633666,4,37.4722588062286,0,5200.98199722136,353.861087088075,130.682877652278,377.221000829268,468.563301222525,11863.8161275147,-595068.96082413,37.826416115658,42.0116482633464,16.8198871612549,731.288146972656,469.852630615234,4.50913456700394,2.89711893577855,1,69.7305257550188,69.7305257550188,0.0627017064771309
167175.589633666,4,30.2508556842804,0,5272.08321923274,356.904771111741,132.445719224766,380.687383798425,472.031461049703,12054.4060768549,-595009.887116587,38.1780490119619,42.3832020958336,16.7657279968262,731.428588867188,469.94287109375,4.52563260121378,2.90771896327402,1,69.6403431006493,69.6403431006493,0.0589897963597241
167175.789633666,4,23.0294525623322,0,5343.79487244145,359.963818115354,134.222617732289,384.173998942005,475.521428974612,12247.3821424592,-594949.963160032,38.5321136920753,42.7510088962421,16.7115669250488,731.568054199219,470.032470703125,4.54224172050587,2.91839027984509,1,69.5506129481715,69.5506129481715,0.0553725720012739
167175.989633666,4,15.8080494403839,0,5416.12007769838,363.038678491889,136.013723582608,387.681331874444,479.033622930962,12442.7865836888,-594889.174423823,38.8886764366279,43.1149616565514,16.6574058532715,731.706481933594,470.121429443359,4.55896216312203,2.92913328202501,1,69.4613654021157,69.4613654021157,0.0518364528361393
167176.189633666,4,8.58664631843567,0,5489.06204774114,366.129794766833,137.819199399715,391.209864828562,482.568464309093,12640.6623603497,-594827.505741974,39.2478032651751,43.4749676159612,16.6032447814941,731.843933105469,470.209716796875,4.57579545268297,2.93994851442789,1,69.3725618523203,69.3725618523203,0.0483820746490725
167176.389633666,4,1.36524319648743,0,5562.62408062886,369.23760071481,139.639214499979,394.760073978867,486.126373439246,12841.0530902179,-594764.941486897,39.6095598261363,43.8309260196097,16.5490856170654,731.980407714844,470.297393798828,4.59274222214054,2.95083676379489,1,69.2842553978727,69.2842553978727,0.0449665797853431
167177.049633666,3,0,716.042226762117,5807.21977428615,371.807608436665,142.784513910795,398.281703200303,490.171317913014,13197.6722216945,-594652.621937315,39.941472439074,43.4613324276356,14.9448699951172,220.861785888672,220.861785888672,1.53576872600557,1.53576872600557,1,68.9918159714613,68.9918159714613,0.0349298931261073
167177.129633665,3,0,715.514523663733,5836.97732084559,372.108799391973,143.165261964421,398.699449232472,490.653554336411,13240.6337361499,-594638.933176367,39.9806401840067,43.3756977837555,14.9390068054199,220.908340454102,220.908340454102,1.5368462928521,1.5368462928521,1,68.9562462948695,68.9562462948695,0.0348733961926857
167177.209633665,3,0,714.986820565349,5866.75899732881,372.410782261154,143.546977478946,399.118435414484,491.137046521934,13283.6671361009,-594625.191762542,40.0199188496175,43.2900893192095,14.9331436157227,220.954727172852,220.954727172852,1.53792373117308,1.53792373117308,1,68.9206764804035,68.9206764804035,0.0347456304797273
167177.289633665,3,0,714.459117466964,5896.56486007641,372.713555665915,143.929672616231,399.538665508789,491.621801443868,13326.7725556347,-594611.397136434,40.0593084589089,43.2045000417652,14.9272804260254,221.000915527344,221.000915527344,1.53900082834094,1.53900082834094,1,68.8850761748414,68.8850761748414,0.0345704739501976
167177.429633665,3,0,713.535637044792,5948.78351709386,373.245317303246,144.60177163206,400.277078094576,492.47318232597,13402.3811410865,-594587.127189494,40.1285083760104,43.0547644095164,14.9170188903809,221.08137512207,221.08137512207,1.54088577264687,1.54088577264687,1,68.8227575172963,68.8227575172963,0.0340382373397707
167177.629633665,3,0,712.216379298831,6023.51112012169,374.009205672252,145.567250723366,401.338648040216,493.696259727092,13510.7801909243,-594552.166203878,40.2279605911625,42.840973951666,14.9023609161377,221.195419311523,221.195419311523,1.54357768021268,1.54357768021268,1,68.7336304414632,68.7336304414632,0.0329577312023945
167177.829633665,3,0,710.89712155287,6098.392008884,374.778097221815,146.53908875162,402.408159322546,494.927434008908,13619.638066749,-594516.859585671,40.3281182653316,42.627282566717,14.8877019882202,221.308395385742,221.308395385742,1.54626874674035,1.54626874674035,1,68.6443828554793,68.6443828554793,0.0316208778821963
167178.029633665,3,0,709.577863806909,6173.42720491125,375.551996380128,147.517376724524,403.48566073751,496.166769701992,13728.9579192759,-594481.201750469,40.4289842899578,42.4137027294802,14.8730440139771,221.420333862305,221.420333862305,1.54895898635157,1.54895898635157,1,68.5550235563516,68.5550235563516,0.03042157064714
167178.229633665,3,0,708.258606060949,6248.61772658129,376.330923797667,148.502025304209,404.57115038749,497.414225801756,13838.7434306518,-594445.193267353,40.5305625539061,42.2001837759327,14.8583850860596,221.53125,221.53125,1.55164870351857,1.55164870351857,1,68.4655664172663,68.4655664172663,0.0294945357002661
167178.429633665,3,0,706.939348314988,6323.96457161068,377.114874401597,149.492979449804,405.664614428855,498.669764162142,13948.9972826414,-594408.833540119,40.6328542558454,41.9867040611244,14.8437271118164,221.641174316406,221.641174316406,1.55433791284731,1.55433791284731,1,68.3760163764694,68.3760163764694,0.0287184798629854
167178.629633665,3,0,705.620090569027,6399.46873277694,377.903800622044,150.490245052867,406.766021664369,499.933354162316,14059.7204687879,-594372.11987351,40.7358561537978,41.773241978454,14.8290681838989,221.750076293945,221.750076293945,1.55702659977245,1.55702659977245,1,68.2863836748925,68.2863836748925,0.0280297053028895
167178.829633665,3,0,704.300832823066,6475.13120623282,378.697662382445,151.493761871676,407.875323328049,501.204927608131,14170.9142169628,-594335.051852774,40.8395655340285,41.5597434185057,14.8144102096558,221.857986450195,221.857986450195,1.55971477831632,1.55971477831632,1,68.196669545002,68.196669545002,0.0276006068366607
167179.029633665,3,0,702.981575077105,6550.95295575378,379.496336945017,152.503684587004,408.992473729406,502.48449462028,14282.576521172,-594297.621566345,40.9439714819434,41.3461774873454,14.7997522354126,221.964904785156,221.964904785156,1.56240254843371,1.56240254843371,1,68.1068711285972,68.1068711285972,0.0272084640109423
167179.229633664,3,0,701.662317331144,6626.93495101854,380.299800178649,153.51993346763,410.117431948248,503.771986547357,14394.7092033882,-594259.829222704,41.0490729730646,41.132504447488,14.7850933074951,222.070861816406,222.070861816406,1.56509022626874,1.56509022626874,1,68.0169827433983,68.0169827433983,0.026917512955293
167179.429633664,3,0,700.343059585183,6703.07813464862,381.10800068922,154.542499054086,411.25015769385,505.067360128291,14507.3130118852,-594221.672579809,41.1548662774769,40.9186791214417,14.770435333252,222.175842285156,222.175842285156,1.56777750328376,1.56777750328376,1,67.9270370038799,67.9270370038799,0.0265762265009461
167179.629633664,3,0,699.023801839223,6779.38345471246,381.920922279462,155.571275205024,412.390606759795,506.370535208122,14620.3900489473,-594183.152796613,41.261351132919,40.7046756674263,14.7557764053345,222.279876708984,222.279876708984,1.57046479765741,1.57046479765741,1,67.8370069545114,67.8370069545114,0.0262953529869575
167179.829633664,3,0,697.704544093262,6855.85184567631,382.738454244128,156.606366689477,413.538726656722,507.681498795768,14733.9386637002,-594144.263590012,41.3685177355902,40.4904653250286,14.7411184310913,222.382965087891,222.382965087891,1.57315190777643,1.57315190777643,1,67.7469267784308,67.7469267784308,0.0260653938892904
167180.029633664,3,0,696.385286347301,6932.48422361654,383.560544949968,157.647723934999,414.694461627114,509.000181256655,14847.9594902013,-594105.004095895,41.4763621351454,40.2759966857862,14.7264595031738,222.485092163086,222.485092163086,1.57583892985121,1.57583892985121,1,67.6567752019099,67.6567752019099,0.0259262881673827
167180.229633664,3,0,695.06602860134,7009.28149071813,384.387103111007,158.695414790025,415.857763800857,510.326560309298,14962.4515853992,-594065.369264136,41.5848765170748,40.0612438942766,14.7118015289307,222.586318969727,222.586318969727,1.57852609343018,1.57852609343018,1,67.5665567189995,67.5665567189995,0.0259000564030503
167180.429633664,3,0,693.746770855379,7086.24452862469,385.218096068503,159.749351607557,417.028580408678,511.660555691799,15077.4162941091,-594025.359562079,41.6940588649981,39.8461684289788,14.6971426010132,222.686614990234,222.686614990234,1.58121338823224,1.58121338823224,1,67.4762944235148,67.4762944235148,0.0257017172898379
167180.629633664,3,0,692.427513109418,7163.37423121114,386.053467565631,160.809499738349,418.206856741428,513.002104182478,15192.8539950657,-593984.973577361,41.8039047779337,39.6307336668651,14.68248462677,222.785980224609,222.785980224609,1.58390061061228,1.58390061061228,1,67.3859592636202,67.3859592636202,0.0256952286662758
167180.829633664,3,0,691.108255363458,7240.67145917506,386.893125883945,161.875912280238,419.392539076231,514.351173717348,15308.7636294169,-593944.206729972,41.9144063148065,39.4149135547971,14.6678256988525,222.884460449219,222.884460449219,1.58658829301273,1.58658829301273,1,67.2955868412101,67.2955868412101,0.0257359046985284
167181.029633663,3,0,689.788997617497,7318.13705255324,387.737008339221,162.948583185539,420.585577971979,515.707715262132,15425.1452778282,-593903.056535546,42.0255584932045,39.1986853728976,14.6531677246094,222.981994628906,222.981994628906,1.58927579659317,1.58927579659317,1,67.2051491432752,67.2051491432752,0.0256001543225191
167181.229633663,3,0,688.469739871536,7395.77186529245,388.585080922681,164.027401464945,421.785909611771,517.071632160478,15542.0001021554,-593861.524308827,42.1373590151345,38.9819999026654,14.6385087966919,223.078689575195,223.078689575195,1.59196409083519,1.59196409083519,1,67.1146903034237,67.1146903034237,0.0255907947227655
167181.429633663,3,0,687.150482125575,7473.5767044432,389.437206058752,165.112535355957,422.993483158451,518.442934140983,15659.3251111301,-593819.601217247,42.2497953650266,38.7648291990084,14.6238508224487,223.174453735352,223.174453735352,1.59465231768533,1.59465231768533,1,67.0241526166017,67.0241526166017,0.025449154088806
167181.629633663,3,0,685.831224379614,7551.55240519927,390.293338438321,166.203867732043,424.208222077814,519.821512159574,15777.1209096489,-593777.28876922,42.3628639323802,38.5471557944314,14.6091918945313,223.26936340332,223.26936340332,1.59734123162841,1.59734123162841,1,66.9335860201445,66.9335860201445,0.0255398890683863
167181.829633663,3,0,684.511966633653,7629.69973110163,391.153443015527,167.301254302842,425.430047921166,521.207246785884,15895.3884956507,-593734.589514699,42.4765621102196,38.3289255259626,14.5945339202881,223.363372802734,223.363372802734,1.60003029911222,1.60003029911222,1,66.8429810523825,66.8429810523825,0.0253398870207023
167182.029633663,3,0,683.192708887693,7708.01947395795,392.01734220751,168.40492165277,426.658896811394,522.600156728781,16014.1230807279,-593691.492383628,42.5908731599222,38.1101203681599,14.5798759460449,223.456527709961,223.456527709961,1.6027199539867,1.6027199539867,1,66.7523468715678,66.7523468715678,0.0252529405084287
167182.229633663,3,0,681.873451141732,7786.51240043656,392.884976633929,169.514720568478,427.894666190234,524.000101251538,16133.3245093123,-593648.000076791,42.7057916841753,37.89068988238,14.5652170181274,223.548828125,223.548828125,1.60541030400487,1.60541030400487,1,66.6616624132894,66.6616624132894,0.0253498870744252
167182.429633663,3,0,680.554193395771,7865.17922015663,393.75629886793,170.630503316787,429.13726424107,525.406949391836,16252.9931115099,-593604.115301858,42.8213136208833,37.67061847715,14.5505590438843,223.640258789063,223.640258789063,1.60810103183113,1.60810103183113,1,66.5709666437902,66.5709666437902,0.02517470891237
167182.629633663,3,0,679.23493564981,7944.02067060501,394.631174583829,171.752515462466,430.386675584988,526.82076546165,16373.1258215345,-593559.826162205,42.9374271747864,37.4498760445177,14.5359001159668,223.730850219727,223.730850219727,1.61079256975869,1.61079256975869,1,66.4802186968707,66.4802186968707,0.0250129156001798
167182.829633663,3,0,677.915677903849,8023.03747296892,395.509617177476,172.880648046522,431.642879877404,528.241489941869,16493.7255744665,-593515.133877351,43.0541353438108,37.2284253240777,14.5212421417236,223.820587158203,223.820587158203,1.61348459951675,1.61348459951675,1,66.3894509546839,66.3894509546839,0.025005923179798
167183.029633662,3,0,676.596420157888,8102.2303415077,396.391625129995,174.01481470312,432.905851438116,529.669066938665,16614.7946919316,-593470.038858546,43.1714395692181,37.0062702302426,14.5065832138062,223.909484863281,223.909484863281,1.61617744523882,1.61617744523882,1,66.2986605488364,66.2986605488364,0.0250964357927151
167183.229633662,3,0,675.277162411928,8181.59995272115,397.27714599501,175.155128930125,434.175598025118,531.103534967435,16736.3334962924,-593424.534008946,43.289336623845,36.7833814385573,14.491925239563,223.997528076172,223.997528076172,1.61887078699829,1.61887078699829,1,66.2078440787388,66.2078440787388,0.0248210908908031
167183.429633662,3,0,673.957904665967,8261.14703426056,398.166160821917,176.30163594558,435.452131078437,532.544912488888,16858.3436734739,-593378.614733911,43.4078267125877,36.5597498766656,14.4772663116455,224.084762573242,224.084762573242,1.62156517124681,1.62156517124681,1,66.1169956615518,66.1169956615518,0.0246671606776677
167183.629633662,3,0,672.638646920006,8340.8722899016,399.058662111532,177.454291569073,436.735436394309,533.993167215311,16980.8273298747,-593332.279789252,43.5269108661872,36.3353693976678,14.4626083374023,224.171157836914,224.171157836914,1.62426016706296,1.62426016706296,1,66.0261316949691,66.0261316949691,0.0246381780322747
167183.829633662,3,0,671.319389174045,8420.77641236014,399.954626349246,178.613084631903,438.025498275943,535.448276777399,17103.7859018743,-593285.526677124,43.6465884921801,36.1102251650699,14.4479494094849,224.256729125977,224.256729125977,1.62695610171681,1.62695610171681,1,65.9352437464359,65.9352437464359,0.0247627267330519
167184.029633662,3,0,670.000131428084,8500.86007337831,400.854096278532,179.777911638115,439.322323603343,536.910206860821,17227.2236613695,-593238.356419913,43.7668660073932,35.8842955600326,14.4332914352417,224.34147644043,224.34147644043,1.62965276366663,1.62965276366663,1,65.8443772373495,65.8443772373495,0.024498248169292
167184.229633662,3,0,668.680873682123,8581.12397691817,401.756972296074,180.949033875747,440.625938466035,538.379059516943,17351.1389888638,-593190.756065203,43.8877357354044,35.6575677949684,14.4186325073242,224.425430297852,224.425430297852,1.6323505930775,1.6323505930775,1,65.7534690939838,65.7534690939838,0.0242873098863491
167184.429633662,3,0,667.361615936162,8661.56882000039,402.663282241398,182.126346412363,441.93633582557,539.854788477772,17475.5354977893,-593142.726612731,44.0092024315579,35.430043646459,14.4039745330811,224.508560180664,224.508560180664,1.63504915599256,1.63504915599256,1,65.6625547143951,65.6625547143951,0.0242086071795568
167184.629633662,3,0,666.042358190202,8742.19529014151,403.573005522231,183.309839269811,443.253503042413,541.337374435136,17600.4147699306,-593094.265426825,44.1312658994084,35.2017004346342,14.3893156051636,224.590881347656,224.590881347656,1.6377487829411,1.6377487829411,1,65.5716182815745,65.5716182815745,0.0242681443025198
167184.829633661,3,0,664.723100444241,8823.0040528836,404.486161426288,184.499434908822,444.577435625165,542.826782744579,17725.7800936033,-593045.372482577,44.2539301017258,34.972514758561,14.3746576309204,224.672409057617,224.672409057617,1.64044937188271,1.64044937188271,1,65.4807126424296,65.4807126424296,0.0241625940811914
167185.029633661,3,0,663.40384269828,8903.99579437473,405.402681715163,185.695306115546,445.908153160706,544.323080451029,17851.6311367229,-592996.038016919,44.3771904946928,34.6519698642614,14.3599996566772,224.753067016602,224.753067016602,1.64315047718135,1.64315047718135,1,65.3897846201928,65.3897846201928,0.0240980768515816
167185.229633661,3,0,662.084584952319,8985.17119881639,406.322603668227,186.897353785705,447.24565856342,545.826231972731,17977.971977939,-592946.262789539,44.5010529983938,34.3225918933398,14.3453407287598,224.832702636719,224.832702636719,1.64585109298091,1.64585109298091,1,65.2988507355599,65.2988507355599,0.024120260941238
167185.429633661,3,0,660.765327206358,9066.53092171997,407.245899114873,188.105617289673,448.589952631365,547.336245322231,18104.8039410671,-592896.042155663,44.6255168996506,33.9955585547739,14.3306827545166,224.911346435547,224.911346435547,1.64855122166378,1.64855122166378,1,65.2079240412139,65.2079240412139,0.0239172002323702
167185.629633661,3,0,659.446069460397,9148.07565717772,408.172529454874,189.320155624672,449.94103516721,548.853133968496,18232.1278880965,-592845.37065246,44.7505804257344,33.6708654897292,14.3160238265991,224.988967895508,224.988967895508,1.6512508566573,1.6512508566573,1,65.1170107963586,65.1170107963586,0.0237869590002377
167185.829633661,3,0,658.126811714437,9229.80607220717,409.102499664417,190.540888918759,451.298887192984,550.376851020852,18359.9464892807,-592794.248259816,44.8762459734989,33.3485124949687,14.301365852356,225.065582275391,225.065582275391,1.65394988762489,1.65394988762489,1,65.026097883819,65.026097883819,0.0237832795568484
167186.029633661,3,0,656.807553968476,9311.72280143318,410.035803415665,191.767819317217,452.663513670376,551.90739594269,18488.2620142928,-592742.671724141,45.002515145506,33.0284729826598,14.2867069244385,225.141235351563,225.141235351563,1.65664886915827,1.65664886915827,1,64.9351817916899,64.9351817916899,0.0233879314879374
167186.229633661,3,0,655.488296222515,9393.82653506135,410.972372526505,193.001100220758,454.034927804555,553.444823571725,18617.0740893007,-592690.631734029,45.129383396718,32.7107696996064,14.2720489501953,225.215896606445,225.215896606445,1.65934735457871,1.65934735457871,1,64.8442822468299,64.8442822468299,0.0230777073443451
167186.429633661,3,0,654.169038476554,9476.11793040007,411.912213749694,194.240648974071,455.413110867531,554.98908651073,18746.385464301,-592638.128318639,45.2568533525755,32.3953661431589,14.2573900222778,225.289596557617,225.289596557617,1.66204578845978,1.66204578845978,1,64.7533807144121,64.7533807144121,0.0229205237143553
167186.629633661,3,0,652.849780730593,9558.59764202056,412.855320622929,195.486415370097,456.798045487185,556.540149164478,18876.1983339705,-592585.160231121,45.3849263321234,32.0822737190319,14.2427320480347,225.362350463867,225.362350463867,1.66474406026694,1.66474406026694,1,64.6625095269417,64.6625095269417,0.0229072970795066
167186.82963366,3,0,651.530522984632,9641.26629268564,413.801686779204,196.7383975213,458.189734761227,558.09800835027,19006.5149728449,-592531.724283221,45.5136039711096,31.7714555952262,14.2280731201172,225.434143066406,225.434143066406,1.66744227882498,1.66744227882498,1,64.5716478779705,64.5716478779705,0.0225565905401144
167187.02963366,3,0,650.211265238672,9724.12455430138,414.751246943101,197.996738084651,459.588190811098,559.66271427574,19137.335108958,-592477.81140917,45.6428820567871,31.4629172409292,14.213415145874,225.504989624023,225.504989624023,1.67014033275835,1.67014033275835,1,64.4808043795272,64.4808043795272,0.0223277475043326
167187.22963366,3,0,648.892007492711,9807.1730743706,415.704011516867,199.261354822795,460.993397693537,561.234222439137,19268.6616748046,-592423.421580651,45.77276368847,31.1566371153217,14.1987562179565,225.574920654297,225.574920654297,1.67283867134042,1.67283867134042,1,64.3899801984247,64.3899801984247,0.0222770130553926
167187.42963366,3,0,647.57274974675,9890.41247346636,416.660001538883,200.532165031456,462.405348254738,562.812495738162,19400.4981156643,-592368.554817641,45.9032531948495,30.8525948383672,14.1840982437134,225.643936157227,225.643936157227,1.67553706999989,1.67553706999989,1,64.2991912559454,64.2991912559454,0.022090898369294
167187.62963366,3,0,646.253492000789,9973.8434050238,417.619139807796,201.809329463537,463.824052192559,564.397587965604,19532.843630123,-592313.201189376,46.0343451587651,30.5507770032186,14.1694393157959,225.712036132813,225.712036132813,1.67823575375927,1.67823575375927,1,64.2084137076287,64.2084137076287,0.0220154039507943
167187.82963366,3,0,644.934234254828,10057.4664802633,418.58150176295,203.09267161259,465.249510349947,565.989439172841,19665.7040869036,-592257.364521247,46.1660496039607,30.2511672618794,14.1547813415527,225.779220581055,225.779220581055,1.68093449676581,1.68093449676581,1,64.1176734193114,64.1176734193114,0.0216509191665895
167188.02963366,3,0,643.614976508867,10141.2823520491,419.546979581859,204.382441552786,466.681744330479,567.588140832978,19799.0773772746,-592201.031103674,46.2983581979492,29.9537339031053,14.1401233673096,225.84553527832,225.84553527832,1.68363375289353,1.68363375289353,1,64.0269478898735,64.0269478898735,0.0213130814402898
167188.22963366,3,0,642.295718762907,10225.2916576158,420.515603799368,205.678530823566,468.120744125368,569.193645580675,19932.9673719849,-592144.201915817,46.4312762703672,29.6584642339034,14.1254644393921,225.91096496582,225.91096496582,1.68633352329692,1.68633352329692,1,63.9362615117185,63.9362615117185,0.0211215912171927
167188.42963366,3,0,640.976461016946,10309.4950179153,421.487424870387,206.980780777426,469.566494689626,570.805886678126,20067.3788423321,-592086.880073518,46.5648111376496,29.3653151652252,14.1108064651489,225.975509643555,225.975509643555,1.68903358122269,1.68903358122269,1,63.8456339087358,63.8456339087358,0.0209400301556037
167188.629633659,3,0,639.657203270985,10393.8930356465,422.462309649281,208.289491987118,471.019018242848,572.424971400513,20202.308552898,-592029.049575069,46.6989519354985,29.0742680855325,14.0961475372314,226.03923034668,226.03923034668,1.69173461201163,1.69173461201163,1,63.7550052909692,63.7550052909692,0.0203721338324622
167188.829633659,3,0,638.337945525024,10478.4863636448,423.440304918512,209.604564163917,472.478322410487,574.050869782093,20337.7611711849,-591970.711024252,46.8337059695976,28.7852984579278,14.0814895629883,226.102096557617,226.102096557617,1.6944361609548,1.6944361609548,1,63.6644147523382,63.6644147523382,0.019952681957285
167189.029633659,3,0,637.018687779063,10563.2756272112,424.421391321564,210.925981168835,473.944392248044,575.683559697897,20473.7383862505,-591911.86152089,46.9690734847079,28.4983544154666,14.0668306350708,226.164108276367,226.164108276367,1.69713845879839,1.69713845879839,1,63.5738624572505,63.5738624572505,0.0197242442421157
167189.229633659,3,0,635.699430033102,10648.2614421034,425.405581173373,212.253647258311,475.417205481576,577.32298853662,20610.2432822051,-591852.501519444,47.1050578714864,28.2134207087501,14.0521726608276,226.225311279297,226.225311279297,1.69984162115677,1.69984162115677,1,63.4833633684685,63.4833633684685,0.0196868990753643
167189.429633659,3,0,634.380172287141,10733.4443852092,426.39283935734,213.587632259601,476.896770915337,578.969180566891,20747.2769362432,-591792.624483097,47.2416581477359,27.9304381844883,14.0375137329102,226.285690307617,226.285690307617,1.70254576625249,1.70254576625249,1,63.3929011719035,63.3929011719035,0.0191821256806202
167189.629633659,3,0,633.060914541181,10818.8251008511,427.383111987325,214.928051184457,478.383101287994,580.622176983021,20884.8395630653,-591732.221879505,47.3788714800804,27.6493683489363,14.022855758667,226.345291137695,226.345291137695,1.70525101044651,1.70525101044651,1,63.3024852049152,63.3024852049152,0.0188323418309787
167189.829633659,3,0,631.74165679522,10904.4042039987,428.376411086572,216.274816585181,479.876177637904,582.281930610288,21022.9342536204,-591671.293740727,47.5167013302406,27.3702430650082,14.0081968307495,226.404098510742,226.404098510742,1.7079574739873,1.7079574739873,1,63.2121078907094,63.2121078907094,0.0186836819161221
167190.029633659,3,0,630.422399049259,10990.1822874686,429.372775123427,217.627801162744,481.375985957052,583.948386532446,21161.5653310814,-591609.841846435,47.6551539662203,27.0930717443474,13.9935388565063,226.46208190918,226.46208190918,1.7106646972349,1.7106646972349,1,63.121805584106,63.121805584106,0.0185236996362012
167190.229633659,3,0,629.103141303298,11076.1599361307,430.372092431009,218.987231970487,482.882538211459,585.621619524181,21300.7304052486,-591547.852750348,47.7942206737046,26.8178485877447,13.9788799285889,226.519317626953,226.519317626953,1.71337349229733,1.71337349229733,1,63.0315302585362,63.0315302585362,0.0182228860613668
167190.429633659,3,0,627.783883557337,11162.337774009,431.374397298682,220.353016862652,484.395832646477,587.301595509228,21440.4336461694,-591485.326654056,47.9339075109775,26.5445735737625,13.9642219543457,226.575744628906,226.575744628906,1.71608316810177,1.71608316810177,1,62.9413139527744,62.9413139527744,0.0180962807552274
167190.629633658,3,0,626.464625811376,11248.7163827505,432.379712743018,221.725068990924,485.915859188363,588.988275512686,21580.6787211176,-591422.263567075,48.0742192837734,26.273230437095,13.9495630264282,226.631423950195,226.631423950195,1.71879442423073,1.71879442423073,1,62.8511578688007,62.8511578688007,0.0178836338228877
167190.829633658,3,0,625.145368065416,11335.2963628533,433.387957986164,223.103546231924,487.442626848204,590.681710488031,21721.4646146998,-591358.652849503,48.2151504485778,26.0038254130565,13.9349050521851,226.686340332031,226.686340332031,1.72150691464929,1.72150691464929,1,62.7610670580228,62.7610670580228,0.0177071893166996
167191.029633658,3,0,623.826110319455,11422.0782927513,434.399211362002,224.488268133501,488.976131688969,592.381838431041,21862.7975698239,-591294.498558585,48.3567116293853,25.7363392268868,13.9202470779419,226.740509033203,226.740509033203,1.72422087655057,1.72422087655057,1,62.6710491942176,62.6710491942176,0.0173262386231996
167191.229633658,3,0,622.506852573494,11509.0627696161,435.413358851006,225.879479233937,490.516393410974,594.08874504144,22004.675073835,-591229.78614818,48.498894066151,25.4707785511607,13.9055881500244,226.793914794922,226.793914794922,1.7269363167144,1.7269363167144,1,62.5810614571455,62.5810614571455,0.0169077907222057
167191.429633658,3,0,621.187594827533,11596.2503937285,436.430434553895,227.277073625301,492.063402825877,595.802386546023,22147.1013309073,-591164.516361296,48.6417038005274,25.2071105638891,13.8909301757813,226.846603393555,226.846603393555,1.72965335169678,1.72965335169678,1,62.4911396890817,62.4911396890817,0.0166400797887958
167191.629633658,3,0,619.868337081572,11683.6417477696,437.450443461346,228.68100037511,493.61714963835,597.522735059343,22290.0792183999,-591098.687551331,48.7851438883121,24.9453309646933,13.8762712478638,226.898544311523,226.898544311523,1.73237199107198,1.73237199107198,1,62.401281667364,62.401281667364,0.0165010977209605
167191.829633658,3,0,618.549079335611,11771.2374065559,438.473378261067,230.091250297139,495.17763167067,599.24978204235,22433.6110930822,-591032.296222884,48.9292162678083,24.6854231655525,13.8616132736206,226.949752807617,226.949752807617,1.73509211810043,1.73509211810043,1,62.3115080772438,62.3115080772438,0.0163257621386884
167192.029633658,3,0,617.229821589651,11859.0379434074,439.499174083234,231.507936290131,496.744852600568,600.983560115407,22577.6966501386,-590965.333401961,49.0739170570664,24.4273674499034,13.8469543457031,227.000274658203,227.000274658203,1.73781432653643,1.73781432653643,1,62.2218011637555,62.2218011637555,0.0159943276576288
167192.229633658,3,0,615.91056384369,11947.0439492827,440.527863618117,232.930966695593,498.318807461334,602.724033884089,22722.3400896045,-590897.799194328,49.2192523090381,24.1711413917331,13.83229637146,227.050079345703,227.050079345703,1.74053814977029,1.74053814977029,1,62.1321682273458,62.1321682273458,0.0157863243839621
167192.429633657,3,0,614.591306097729,12035.2559766825,441.559442439609,234.360334201771,499.899497353962,604.471198221986,22867.54393951,-590829.689942647,49.3652243755258,23.9167220548758,13.8176374435425,227.099197387695,227.099197387695,1.74326406699303,1.74326406699303,1,62.0426089952427,62.0426089952427,0.0152077471061059
167192.629633657,3,0,613.272048351768,12123.6746137058,442.593834463394,235.796175221183,501.486927600261,606.225093878817,23013.3073587773,-590760.995463966,49.5118282972479,23.6640869476761,13.8029794692993,227.14762878418,227.14762878418,1.74599184428288,1.74599184428288,1,61.9531025939321,61.9531025939321,0.0147578801451779
167192.829633657,3,0,611.952790605807,12212.3004402778,443.631058734739,237.238409653152,503.081086196711,607.985683317681,23159.6339183257,-590691.715290557,49.6590686774957,23.413222859008,13.7883205413818,227.195358276367,227.195358276367,1.74872161150787,1.74872161150787,1,61.8636820014413,61.8636820014413,0.014449199695988
167193.029633657,3,0,610.633532859846,12301.1340154882,444.671130832692,238.686945305372,504.681951782739,609.752918017563,23306.5270133375,-590621.849538992,49.8069496384143,23.164119802491,13.7736625671387,227.242446899414,227.242446899414,1.75145360328334,1.75145360328334,1,61.7743425986885,61.7743425986885,0.0142488970975971
167193.229633657,3,0,609.314275113886,12390.1758887402,445.713970037072,240.141915919909,506.289524746358,611.526833760239,23453.9855687614,-590551.388015044,49.9554657150746,22.9167802984222,13.7590036392212,227.288864135742,227.288864135742,1.75418783394186,1.75418783394186,1,61.6850842269187,61.6850842269187,0.0139155958526713
167193.429633657,3,0,607.995017367925,12479.4266322351,446.75960708538,241.603222969647,507.903793914166,613.307388740423,23602.0137332988,-590480.331086073,50.1046227941828,22.6712052714113,13.744345664978,227.334594726563,227.334594726563,1.75692394953262,1.75692394953262,1,61.595905725187,61.595905725187,0.0137341133419945
167193.629633657,3,0,606.675759621964,12568.8867717233,447.808035474722,243.070857794635,509.524757538581,615.094575417005,23750.6139552635,-590408.675014378,50.2544230907492,22.4273984861022,13.7296867370605,227.379699707031,227.379699707031,1.75966267199031,1.75966267199031,1,61.5068297974644,61.5068297974644,0.0131856855012271
167193.829633657,3,0,605.356501876003,12658.5568875696,448.859177402973,244.544957957983,511.152421105042,616.888434654439,23899.7852840885,-590336.409260988,50.4048615719508,22.1853386045086,13.7150287628174,227.424163818359,227.424163818359,1.76240364728232,1.76240364728232,1,61.4178086874219,61.4178086874219,0.0127544012531268
167194.029633657,3,0,604.037244130042,12748.4375277999,449.913052089066,246.025439837141,512.786770000122,618.688926405081,24049.5313340628,-590263.533457425,50.5559429440591,21.9450353909393,13.7003707885742,227.467987060547,227.467987060547,1.76514700501422,1.76514700501422,1,61.3288893787041,61.3288893787041,0.0124581189417942
167194.229633657,3,0,602.717986384081,12838.5292391997,450.969681637901,247.512215564376,514.427789500311,620.496009613688,24199.8558858769,-590190.047469806,50.7076722378918,21.7064735249756,13.6857118606567,227.511154174805,227.511154174805,1.76789275751862,1.76789275751862,1,61.240061069274,61.240061069274,0.0122606435437321
167194.429633656,3,0,601.39872863812,12928.8325501577,452.028982470869,249.005417593005,516.075477991655,622.309717680986,24350.7576880249,-590115.940859353,50.8600437614442,21.4696460979747,13.6710538864136,227.553695678711,227.553695678711,1.7706409033282,1.7706409033282,1,61.1513152383168,61.1513152383168,0.011933319161189
167194.629633656,3,0,600.07947089216,13019.348012528,453.090970006434,250.504982765731,517.729826735751,624.130021704985,24502.2402153723,-590041.212281841,51.0130619868922,21.2345404992634,13.6563949584961,227.595642089844,227.595642089844,1.77339193520235,1.77339193520235,1,61.0626634982394,61.0626634982394,0.0117729153126862
167194.829633656,3,0,598.760213146199,13110.0761433966,454.155696119661,252.01079391983,519.390832196754,625.956881922719,24654.3087713688,-589965.862970415,51.1667352888921,21.001139527644,13.6417369842529,227.636962890625,227.636962890625,1.77614537672201,1.77614537672201,1,60.974124833375,60.974124833375,0.0113175667951767
167195.029633656,3,0,597.440955400238,13201.0174892199,455.223029325061,253.523089877456,521.058502981093,627.790370442626,24806.9597980025,-589889.877300766,51.321053223465,20.7694321767952,13.6270780563354,227.677703857422,227.677703857422,1.7789018418291,1.7789018418291,1,60.8856620555186,60.8856620555186,0.0108607269833045
167195.229633656,3,0,596.121697654277,13292.1725913445,456.293009555093,255.041761144396,522.732828982912,629.630444217792,24960.1979853195,-589813.256060528,51.4760228579071,20.539402392082,13.6124200820923,227.717819213867,227.717819213867,1.78166073344193,1.78166073344193,1,60.7972856018965,60.7972856018965,0.0105650565236235
167195.429633656,3,0,594.802439908316,13383.5419778317,457.36562292581,256.566790689946,524.41379760572,631.477084705111,25114.0254167344,-589735.995663211,51.6316456531846,20.3110205584571,13.5977611541748,227.757369995117,227.757369995117,1.78442278727806,1.78442278727806,1,60.7090402849676,60.7090402849676,0.0103717136389402
167195.629633656,3,0,593.483182162355,13475.1261551274,458.440922349432,258.098057891502,526.101403506932,633.330250221543,25268.4474991282,-589658.097493091,51.7879301666883,20.0842621970805,13.5831031799316,227.796325683594,227.796325683594,1.78718752401456,1.78718752401456,1,60.6208895675328,60.6208895675328,0.00997738689615589
167195.829633656,3,0,592.163924416395,13566.9256553148,459.518778962736,259.635797155143,527.79565684438,635.19001237071,25423.4607733493,-589579.545846829,51.9448663212675,19.8590026716848,13.5684442520142,227.834732055664,227.834732055664,1.78995556318106,1.78995556318106,1,60.5328149788423,60.5328149788423,0.0095745991831937
167196.029633656,3,0,590.844666670434,13658.9410089395,460.599233486363,261.179904299197,529.496549845193,637.056332080259,25579.0700336018,-589500.341235914,52.1024614087144,19.6352264261081,13.553786277771,227.87255859375,227.87255859375,1.79272642417044,1.79272642417044,1,60.444859079167,60.444859079167,0.00923549184200409
167196.229633655,3,0,589.525408924473,13751.1727409856,461.682273887984,262.730362739496,531.2040714524,638.929192447175,25735.2774898225,-589420.479958161,52.2607172006613,19.4129530076098,13.5391273498535,227.909881591797,227.909881591797,1.79550096975944,1.79550096975944,1,60.357012630958,60.357012630958,0.00903768126143269
167196.429633655,3,0,588.206151178512,13843.6213568052,462.767950516628,264.287051186017,532.918212721202,640.808549169175,25892.0884690906,-589339.963419105,52.4196420349838,19.1922011230563,13.5244693756104,227.946640014648,227.946640014648,1.79827847801162,1.79827847801162,1,60.2692854447434,60.2692854447434,0.00881922237390489
167196.629633655,3,0,586.886893432551,13936.2873509992,463.856139924032,265.850182837017,534.638979368039,642.69446371481,26049.4997397001,-589258.776661493,52.5792263972866,18.9729871628233,13.5098104476929,227.982849121094,227.982849121094,1.80105933290692,1.80105933290692,1,60.1816530017608,60.1816530017608,0.00839483700074666
167196.829633655,3,0,585.56763568659,14029.1712619376,464.946882919438,267.419675650972,536.366373723943,644.58691211994,26207.5161986511,-589176.919091938,52.7394778692002,18.7553378947044,13.4951524734497,228.018508911133,228.018508911133,1.80384329144761,1.80384329144761,1,60.0941281683401,60.0941281683401,0.00803232125568883
167197.029633655,3,0,584.24837794063,14122.2735999568,466.040167988011,268.995516592136,538.100386661228,646.485880297863,26366.1401223758,-589094.386736009,52.9003984067365,18.5392569840134,13.4804944992065,228.053680419922,228.053680419922,1.80663097477062,1.80663097477062,1,60.0067094243377,60.0067094243377,0.00780078834033395
167197.229633655,3,0,582.929120194669,14215.5948761957,467.135983009472,270.57769001723,539.841007109766,648.391351899444,26525.373756625,-589011.175730774,53.0619898922079,18.3247606457692,13.4658355712891,228.088287353516,228.088287353516,1.80942191865524,1.80942191865524,1,59.9194246092128,59.9194246092128,0.00764626460559979
167197.429633655,3,0,581.609862448708,14309.1355740973,468.234359480594,272.166111366066,541.588226953216,650.303294136599,26685.2215711318,-588927.285639334,53.2242588466323,18.1118651933971,13.4511775970459,228.122375488281,228.122375488281,1.81221624101615,1.81221624101615,1,59.8322518821917,59.8322518821917,0.00743049112995877
167197.629633655,3,0,580.290604702747,14402.8962098081,469.335206598991,273.760930717423,543.342050039004,652.221748926308,26845.6819238295,-588842.704297877,53.3871992310224,17.90058039284,13.4365186691284,228.15592956543,228.15592956543,1.81501408906614,1.81501408906614,1,59.7451981001707,59.7451981001707,0.00719705535149532
167197.829633655,3,0,578.971346956786,14496.877285892,470.438549545684,275.362075343739,545.102468749003,654.146687192685,27006.7589731062,-588757.430609984,53.5508169622629,17.6909186168163,13.4218606948853,228.188995361328,228.188995361328,1.81781558158123,1.81781558158123,1,59.6582506065529,59.6582506065529,0.00705088018970902
167198.029633655,3,0,577.652089210825,14591.0792937321,471.544419371855,276.969463802537,546.869475578775,656.078077833919,27168.457213082,-588671.463950914,53.7151186091806,17.4828811832881,13.4072017669678,228.221542358398,228.221542358398,1.82062074601396,1.82062074601396,1,59.5714466743273,59.5714466743273,0.00689944541947903
167198.229633654,3,0,576.332831464865,14685.5027250098,472.652728201705,278.583237682272,548.643073221609,658.01595927881,27330.7751429572,-588584.792408431,53.8800984851341,17.2764817296514,13.3925437927246,228.253570556641,228.253570556641,1.8234293356373,1.8234293356373,1,59.4847407735618,59.4847407735618,0.00664272510745274
167198.429633654,3,0,575.013573718904,14780.1480830846,473.763500302898,280.203337566051,550.423259503456,659.960310914744,27493.7169403275,-588497.414172169,54.0457625926332,17.0717360564005,13.3778848648071,228.285110473633,228.285110473633,1.82624186598334,1.82624186598334,1,59.3981709818072,59.3981709818072,0.00646007134426182
167198.629633654,3,0,573.694315972943,14875.0158638919,474.876724545071,281.82975244689,552.210026057958,661.911120295414,27657.2849730867,-588409.324972703,54.2121131429227,16.8686376587167,13.363226890564,228.316146850586,228.316146850586,1.82905796785099,1.82905796785099,1,59.3117231034564,59.3117231034564,0.00632486806122848
167198.829633654,3,0,572.375058226982,14970.1065568342,475.99239275922,283.462470946029,554.003366776301,663.868376824862,27821.4817834449,-588320.520538966,54.379152725017,16.6671949495918,13.3485679626465,228.3466796875,228.3466796875,1.83187791452185,1.83187791452185,1,59.2253966690508,59.2253966690508,0.0062902251872455
167199.029633654,3,0,571.055800481021,15065.4206378398,477.110539059552,285.101412018632,555.803276003942,665.832051592719,27986.3121132536,-588231.000177022,54.546888408436,16.4674098550582,13.3339099884033,228.376754760742,228.376754760742,1.8347018248615,1.8347018248615,1,59.1392109737669,59.1392109737669,0.00619056823639355
167199.229633654,3,0,569.73654273506,15160.9585929508,478.231070995313,286.746722565569,557.609756162336,667.802183931255,28151.7742176185,-588140.751412354,54.715314135117,16.2692777761115,13.3192510604858,228.406311035156,228.406311035156,1.83752948412314,1.83752948412314,1,59.0531561636029,59.0531561636029,0.00604717826959706
167199.429633654,3,0,568.417284989099,15256.7209142419,479.354014380575,288.39833883152,559.4228033818,669.778751097036,28317.8724246133,-588049.772582857,54.8844361869929,16.0727996519493,13.3045930862427,228.435424804688,228.435424804688,1.84036125635315,1.84036125635315,0.998764525539085,58.9672126866561,58.9672126866561,0.00598726269527521
167199.629633654,3,0,567.100955839796,15352.7076363923,480.472824447692,290.05231214735,561.234780474951,671.754315429529,28484.2349620954,-587958.265051073,55.0534286798548,15.8778732100794,13.2899675369263,228.464050292969,228.464050292969,1.84319241851333,1.84319241851333,0.992334071093268,58.8814163298482,58.8814163298482,0.00596181921209243
167199.829633654,3,0,565.792882221167,15448.9163816534,481.575582890434,291.701413494139,563.031754584712,673.715308124396,28650.1741663488,-587866.6058321,55.2207786472327,15.6837443198239,13.2754325866699,228.492218017578,228.492218017578,1.84601508817416,1.84601508817416,0.986027589399446,58.7957396764915,58.7957396764915,0.00599254301678329
167200.029633654,3,0,564.493117214129,15545.3438903744,482.662130225457,293.34547281846,564.813507608362,675.661508071108,28815.6694927672,-587774.806392584,55.3864591579508,15.4901142021038,13.2609910964966,228.519912719727,228.519912719727,1.84882863532511,1.84882863532511,0.979787116203925,58.7102036578218,58.7102036578218,0.00604597708550064
167200.229633653,3,0,563.201573767589,15641.9869345578,483.732643905157,294.984477020266,566.580190672418,677.593044745004,28980.7197289437,-587682.870045816,55.5504855736111,15.2970295144763,13.2466402053833,228.547180175781,228.547180175781,1.85163371947627,1.85163371947627,0.973611918149113,58.6247817053888,58.6247817053888,0.00611304464896084
167200.429633653,3,0,561.918165568064,15738.8423165916,484.787233490641,296.618519965827,568.331952420614,679.510073950648,29145.3202862324,-587590.794430365,55.71286612399,15.104558937287,13.2323808670044,228.573989868164,228.573989868164,1.85442985281811,1.85442985281811,0.96750286460429,58.539495399226,58.539495399226,0.00614192662007891
167200.629633653,3,0,560.642806114316,15835.9068766977,485.826068444737,298.247599597766,570.068942713334,681.412727072221,29309.4699188392,-587498.582224474,55.8736154523565,14.9127527621003,13.2182102203369,228.600357055664,228.600357055664,1.85721745275638,1.85721745275638,0.961458307939668,58.454318180429,58.454318180429,0.00620654039457075
167200.829633653,3,0,559.375410071867,15933.1774718768,486.84932407929,299.871706554408,571.79131223578,683.30113437258,29473.1679077606,-587406.236499891,56.0327489170158,14.7216573113262,13.2041273117065,228.626281738281,228.626281738281,1.85999654866395,1.85999654866395,0.95547794858333,58.3692693148071,58.3692693148071,0.0062295430166998
167201.029633653,3,0,558.115892857257,16030.6510023196,487.857105920084,301.49094479467,573.499211498937,685.175455794324,29636.4100291101,-587313.754239072,56.190274574524,14.5313276424263,13.1901330947876,228.651763916016,228.651763916016,1.86276690204646,1.86276690204646,0.949561632664848,58.2843377539936,58.2843377539936,0.00625760026128005
167201.229633653,3,0,556.86416988703,16128.3243979001,488.849586379946,303.105313012879,575.192792792538,687.035825056385,29799.1958008669,-587221.138022466,56.3462076585278,14.3368831597042,13.1762247085571,228.676834106445,228.676834106445,1.86552906214464,1.86552906214464,0.943708666185459,58.199510492605,58.199510492605,0.00628663724103071
167201.429633653,3,0,555.620157878594,16226.194615606,489.826919959451,304.714841786437,576.872209698037,688.882385369486,29961.523991233,-587128.388702841,56.5005616134513,14.1405716004412,13.1624031066895,228.70149230957,228.70149230957,1.86828279293878,1.86828279293878,0.937918560442552,58.1147991344639,58.1147991344639,0.00632698815689584
167201.629633653,3,0,554.383773857819,16324.2586428657,490.789257704561,306.319560306338,578.537612005012,690.715276413337,30123.3933591173,-587035.507182558,56.6533495245167,13.945546810768,13.1486654281616,228.725723266602,228.725723266602,1.87102827510307,1.87102827510307,0.93219081363752,58.0302030315476,58.0302030315476,0.00636826558116836
167201.829633653,3,0,553.154935655232,16422.5134950673,491.736747910719,307.919497387337,580.189146845303,692.534635547818,30284.8026906222,-586942.494359915,56.8045842116308,13.7518305777819,13.1350116729736,228.749542236328,228.749542236328,1.87376553460325,1.87376553460325,0.926524960449867,57.9457034357214,57.9457034357214,0.00641575800630678
167202.029633652,3,0,551.933561758504,16520.9562191613,492.669539240828,309.514683226886,581.826962273844,694.340601265425,30445.7509779857,-586849.351033184,56.9542786275383,13.5594372188315,13.1214408874512,228.772994995117,228.772994995117,1.87649498485218,1.87649498485218,0.920920510415418,57.8613214484884,57.8613214484884,0.00646621443809445
167202.229633652,3,0,550.719571325857,16619.5838841412,493.587800394348,311.105114625677,583.451205367156,696.133302608648,30606.2384755443,-586756.07981554,57.1024479104713,13.3683774784064,13.1079521179199,228.796051025391,228.796051025391,1.87921641601617,1.87921641601617,0.915376846496229,57.7770402153671,57.7770402153671,0.0065170170453018
167202.429633652,3,0,549.5128841056,16718.3935973527,494.491633636363,312.690900402827,585.062026567347,697.912900377011,30766.2620458535,-586662.677126839,57.2491002893715,13.1786517971529,13.0945444107056,228.818725585938,228.818725585938,1.88192999486255,1.88192999486255,0.909893736175268,57.6928565800599,57.6928565800599,0.00654836021777226
167202.629633652,3,0,548.313420288605,16817.3824965318,495.381201811627,314.272044945091,586.65957193444,699.67952465191,30925.8219659185,-586569.145093998,57.3942504112081,12.9902803654782,13.0812168121338,228.841018676758,228.841018676758,1.88463576458138,1.88463576458138,0.904470593047286,57.608764785858,57.608764785858,0.00659466238179492
167202.829633652,3,0,547.121100897231,16916.5477442737,496.25664741151,315.848582378103,588.24398602142,701.433311927971,31084.9175834348,-586475.484182939,57.5379108097944,12.803315347379,13.0679683685303,228.862945556641,228.862945556641,1.88733389557354,1.88733389557354,0.899106952552211,57.5247948469122,57.5247948469122,0.00665942820539287
167203.029633652,3,0,545.935847517098,17015.8865309164,497.118116338627,317.420547720694,589.815416640977,703.174401592935,31243.5486168705,-586381.694784885,57.6800945206464,12.6178068700688,13.054799079895,228.884506225586,228.884506225586,1.89002429623533,1.89002429623533,0.893802263763899,57.4408893356482,57.4408893356482,0.00663690179660301
167203.229633652,3,0,544.757582431202,17115.3960807206,497.965755559445,318.987978110467,591.374013538718,704.902935319639,31401.7150245481,-586287.777131135,57.8208148106831,12.4338087283775,13.0417070388794,228.905700683594,228.905700683594,1.89270715186206,1.89270715186206,0.888556011717495,57.3571031526101,57.3571031526101,0.00651157964184879
167203.429633652,3,0,543.586228673559,17215.073638669,498.799706153185,320.550909111904,592.919920555021,706.619049254038,31559.416580761,-586193.731521703,57.9600842780242,12.2513786300901,13.0286922454834,228.926513671875,228.926513671875,1.89538224662709,1.89538224662709,0.883367758942679,57.2733955174077,57.2733955174077,0.00640571437566977
167203.629633652,3,0,542.421709760979,17314.9164866658,499.620110571152,322.109376384276,594.453282640274,708.322880504682,31716.653306023,-586099.558218562,58.0979157653253,12.0705627229251,13.0157537460327,228.947006225586,228.947006225586,1.89805013572556,1.89805013572556,0.878236960683833,57.189780454333,57.189780454333,0.00628991142650971
167203.829633652,3,0,541.263950028349,17414.9219272265,500.427109110604,323.663416418255,595.974243286011,710.014565130893,31873.4252544773,-586005.257407153,58.2343219315868,11.8914083069915,13.0028896331787,228.96711730957,228.96711730957,1.90071050443245,1.90071050443245,0.873163179366368,57.1062376704816,57.1062376704816,0.00622816452481991
167204.029633651,3,0,540.112874360407,17515.0872969093,501.220840414323,325.213064876726,597.482944051254,711.694237324231,32029.7325431921,-585910.829289549,58.3693152962806,11.7139580532552,12.9900999069214,228.986877441406,228.986877441406,1.90336351964564,1.90336351964564,0.86814590803365,57.022795811092,57.022795811092,0.00614911945604305
167204.229633651,3,0,538.968408178333,17615.4099560253,502.001445484946,326.758361044565,598.97953035267,713.362035389568,32185.575591122,-585816.273831547,58.5029087823376,11.5382498974825,12.9773836135864,229.006286621094,229.006286621094,1.90600923569734,1.90600923569734,0.863184633677724,56.93942827015,56.93942827015,0.00612131984290136
167204.429633651,3,0,537.830477788437,17715.8872953806,502.769061150012,328.299341468023,600.464142524765,715.018092629447,32340.9547189565,-585721.591123529,58.6351148399681,11.3643208493737,12.9647397994995,229.025360107422,229.025360107422,1.90864783548793,1.90864783548793,0.858278881156075,56.856169009962,56.856169009962,0.00615461367943872
167204.629633651,3,0,536.699010020058,17816.5167322733,503.523825241484,329.836044620199,601.936922705789,716.662544256678,32495.8704632932,-585626.781118531,58.7659461363436,11.1922092420553,12.9521675109863,229.044067382813,229.044067382813,1.91127912197111,1.91127912197111,0.853428149332246,56.772973403758,56.772973403758,0.00601345448044263
167204.829633651,3,0,535.57393231274,17917.2957096637,504.265873289904,331.368509349541,603.398011227554,718.295524164428,32650.3233757451,-585531.843703916,58.8954151325038,11.0219439104774,12.9396667480469,229.062438964844,229.062438964844,1.9139032670683,1.9139032670683,0.848631973440568,56.6898639075447,56.6898639075447,0.00590663081884299
167205.029633651,3,0,534.455172783282,18018.2216990608,504.995340392163,332.896773807197,604.84754759281,719.91716518028,32804.3141248052,-585436.778787408,59.0235342969583,10.8535449574777,12.9272365570068,229.080490112305,229.080490112305,1.91652045782017,1.91652045782017,0.843889861551505,56.6068246708272,56.6068246708272,0.00582853910183915
167205.229633651,3,0,533.342660259271,18119.2922025068,505.712362691589,334.420878984993,606.285673655748,721.527602810299,32957.8435991805,-585341.586076331,59.1503163333631,10.6870513397045,12.9148750305176,229.098220825195,229.098220825195,1.91913089721845,1.91913089721845,0.839201293089231,56.5238599243622,56.5238599243622,0.00576732509570197
167205.429633651,3,0,532.236324165082,18220.5047399935,506.417071348555,335.940862875163,607.712525379029,723.126966805733,33110.9125185549,-585246.265419987,59.2757733628195,10.5224735605327,12.9025821685791,229.115585327148,229.115585327148,1.92173412284627,1.92173412284627,0.834565838977403,56.4409796846954,56.4409796846954,0.00576917830024317
167205.629633651,3,0,531.136094501769,18321.8568663067,507.109598131101,337.456765827104,609.128240454484,724.71538890679,33263.5217898862,-585150.816497994,59.3999176795347,10.3598374330659,12.8903579711914,229.132659912109,229.132659912109,1.92433069562487,1.92433069562487,0.82998298818364,56.3581648284129,56.3581648284129,0.00580859477698638
167205.82963365,3,0,530.041901927525,18423.3461577658,507.790072396333,338.968626227557,610.532953402903,726.292997598409,33415.6723025927,-585055.239076515,59.5227613233906,10.1991569885377,12.8781995773315,229.149398803711,229.149398803711,1.92692058137136,1.92692058137136,0.825452284513362,56.2754209307656,56.2754209307656,0.00572689909215623
167206.02963365,3,0,528.953677764389,18524.9702175632,508.458627282851,340.476486860766,611.926804253099,727.859927176791,33567.3653277138,-584959.532618402,59.6443169289683,10.0404473607617,12.8661088943481,229.165817260742,229.165817260742,1.9295035467191,1.9295035467191,0.820973199458011,56.1927559675084,56.1927559675084,0.00570028169184218
167206.22963365,3,0,527.871353917782,18626.7266793016,509.115392217295,341.980388845839,613.30992894924,729.416307892426,33718.602041573,-584863.696661602,59.7645967172536,9.88371502237316,12.8540830612183,229.181945800781,229.181945800781,1.93208020180601,1.93208020180601,0.816545280506943,56.1101473504049,56.1101473504049,0.00566112802474745
167206.42963365,3,0,526.794863037439,18728.6131944053,509.76049405513,343.480372488466,614.682460774785,730.962267536861,33869.3835920654,-584767.730755781,59.883612647991,9.72896869363141,12.8421220779419,229.19775390625,229.19775390625,1.9346502157762,1.9346502157762,0.812168071382207,56.0276155228737,56.0276155228737,0.00566184292205415
167206.62963365,3,0,525.724138302827,18830.6274485732,510.394059521157,344.976479014508,616.04453334782,732.497934306106,34019.7112533767,-584671.634366378,60.0013767431979,9.57622075254045,12.8302249908447,229.213272094727,229.213272094727,1.93721391642944,1.93721391642944,0.807841062898155,55.9451538839352,55.9451538839352,0.00557632386465812
167206.82963365,3,0,524.659113550558,18932.7671443564,511.016216507094,346.468751179555,617.396282040268,734.023438327834,34169.5865021445,-584575.406821888,60.1179012593076,9.42546401626583,12.8183908462524,229.228469848633,229.228469848633,1.93977111767444,1.93977111767444,0.803563790795767,55.8627504191359,55.8627504191359,0.00550311054645028
167207.02963365,3,0,523.599723274385,19035.0300157593,511.627090518277,347.957230122357,618.737839271707,735.538906646729,34319.010793403,-584479.047524644,60.2331982017243,9.27670150197718,12.806619644165,229.243377685547,229.243377685547,1.94232200601689,1.94232200601689,0.79933576798172,55.7804003485469,55.7804003485469,0.00546430614906244
167207.22963365,3,0,522.545902578261,19137.4138202432,512.226804573674,349.441956576645,620.069335106866,737.044464203967,34467.9855502062,-584382.555864853,60.3472793267346,9.12993488997166,12.7949113845825,229.258010864258,229.258010864258,1.94486663986186,1.94486663986186,0.795156552011011,55.6981265891432,55.6981265891432,0.00547522050734463
167207.42963365,3,0,521.4975871227,19239.9163383392,512.815481080389,350.922971508673,621.390899167495,738.54023556171,34616.512281207,-584285.931185615,60.4601563830241,8.98514912686923,12.7832632064819,229.272338867188,229.272338867188,1.94740512534265,1.94740512534265,0.791025665433781,55.6159139066745,55.6159139066745,0.00553411671846516
167207.62963365,3,0,520.454713238767,19342.5353749992,513.393241973293,352.400317100163,622.702661304851,740.026345707648,34764.5925897198,-584189.172723011,60.5718411406393,8.84234701400663,12.7716751098633,229.286422729492,229.286422729492,1.94993791301036,1.94993791301036,0.786942643252676,55.5337433982941,55.5337433982941,0.00563864823430087
167207.829633649,3,0,519.417217834203,19445.2687617491,513.960207512487,353.874034461534,624.004749318754,741.502917575403,34912.2280899981,-584092.279744422,60.6823452117933,8.70150343030186,12.7601480484009,229.300186157227,229.300186157227,1.95246414079065,1.95246414079065,0.78290703779962,55.4516509090601,55.4516509090601,0.005797494484168
167208.029633649,3,0,518.385038494004,19548.1143537835,514.51649840627,355.344165024612,625.297291493644,742.970074476535,35059.4205417125,-583995.251468023,60.7916803334203,8.56261686629193,12.7486791610718,229.313720703125,229.313720703125,1.95498495811448,1.95498495811448,0.778918358306218,55.3696021369467,55.3696021369467,0.00586201147424447
167208.229633649,3,0,517.358113285966,19651.0700284588,515.062236524339,356.810752808589,626.58041847259,744.427942409885,35206.1718983679,-583898.08690793,60.8998584877527,8.42566302220142,12.737268447876,229.32698059082,229.32698059082,1.95749991022868,1.95749991022868,0.774976132188714,55.2876117615844,55.2876117615844,0.00593691431046342
167208.429633649,3,0,516.336381122782,19754.1336859723,515.597538830123,358.273837927256,627.854254577291,745.876640902048,35352.4839109431,-583800.785294742,61.0068910540683,8.29062961076845,12.7259159088135,229.339981079102,229.339981079102,1.96000906213833,1.96000906213833,0.771079904869358,55.2056781714344,55.2056781714344,0.00608343601588173
167208.629633649,3,0,515.319781339589,19857.3032581033,516.122521216918,359.733461980868,629.118924032689,747.316289732973,35498.3583807321,-583703.345731392,61.1127893590034,8.15749009333645,12.71462059021,229.352722167969,229.352722167969,1.96251249623213,1.96251249623213,0.767229262248692,55.1237938341038,55.1237938341038,0.00624684444579659
167208.829633649,3,0,514.308253888435,19960.5766859383,516.637297677952,361.189664817748,630.374548441745,748.747005984893,35643.797090499,-583605.767396193,61.2175645294736,8.02622083659834,12.7033815383911,229.365234375,229.365234375,1.96501055759134,1.96501055759134,0.76342374976203,55.0419674989323,55.0419674989323,0.00646283174173023
167209.029633649,3,0,513.301739311454,20063.9519456587,517.141982195768,362.642486570743,631.621249496547,750.168906818064,35788.8019287881,-583508.049417891,61.321227755904,7.89680090325141,12.6921977996826,229.377487182617,229.377487182617,1.96750307043886,1.96750307043886,0.759662905585406,54.9601831131107,54.9601831131107,0.00667464997125324
167209.229633649,3,0,512.300178727453,20167.427031049,517.636689177813,364.091968377262,632.859149748028,751.582110291848,35933.3749206046,-583410.190830277,61.4237903568911,7.76919315048683,12.6810693740845,229.389511108398,229.389511108398,1.96999023503419,1.96999023503419,0.755946288910141,54.8784518478193,54.8784518478193,0.00691468150892684
167209.429633649,3,0,511.303513905677,20270.9999567969,518.121531669883,365.538152208988,634.088371049578,752.986733969506,36077.5181109097,-583312.19058554,61.5252635498987,7.64337144308274,12.6699953079224,229.401306152344,229.401306152344,1.9724721390176,1.9724721390176,0.752273440376862,54.796774832272,54.796774832272,0.00718932117984051
167209.629633648,3,0,510.311687145105,20374.66876492,518.596624424987,366.981080898535,635.309037085455,754.382897219966,36221.2337560721,-583214.047537373,61.6256588429941,7.51930161947988,12.6589756011963,229.412872314453,229.412872314453,1.97494872259559,1.97494872259559,0.748643874152052,54.7151455101574,54.7151455101574,0.00737630360429105
167209.829633648,3,0,509.324641462209,20478.4315168693,519.062079761995,368.420796088379,636.521268801948,755.770716640141,36364.5240597684,-583115.760589643,61.7249874809599,7.39695029629587,12.6480083465576,229.424240112305,229.424240112305,1.97742048724418,1.97742048724418,0.745057154388438,54.6335641394736,54.6335641394736,0.00757496141387623
167210.029633648,3,0,508.342320376374,20582.2862976986,519.51801147105,369.857341548674,637.725189513701,757.150311247566,36507.3914217269,-583017.328479721,61.8232609825837,7.27627246472654,12.6370935440063,229.435348510742,229.435348510742,1.97988684941307,1.97988684941307,0.741512814011811,54.5520126273992,54.5520126273992,0.00775232724220225
167210.229633648,3,0,507.364668064126,20686.2312166247,519.964529917281,371.290759268048,638.920918651082,758.521796425042,36649.8381216194,-582918.750011274,61.9204904728863,7.15723158451469,12.6262302398682,229.446304321289,229.446304321289,1.98234882297323,1.98234882297323,0.738010399552825,54.4705290494851,54.4705290494851,0.00787124462726971
167210.429633648,3,0,506.391629318899,20790.2644005998,520.401745545529,372.721091232649,640.108575646734,759.885287369362,36791.8665373697,-582820.023965008,62.0166871441562,7.03978713033267,12.6154193878174,229.45703125,229.45703125,1.98480554353528,1.98480554353528,0.734549450767181,54.3890822317953,54.3890822317953,0.00800374052241065
167210.629633648,3,0,505.42314947057,20894.3840022575,520.829766044048,374.14837895879,641.288277356594,761.240896958021,36933.4789689347,-582721.149115124,62.1118618923794,6.92389113577899,12.6046581268311,229.467559814453,229.467559814453,1.98725766883615,1.98725766883615,0.731129558663964,54.3076698420348,54.3076698420348,0.00810875799050571
167210.829633648,3,0,504.459174439101,20998.5881936697,521.248699253974,375.572664291345,642.460140893472,762.588738293221,37074.6778166046,-582622.124181929,62.2060256949144,6.80949622775778,12.5939474105835,229.477905273438,229.477905273438,1.98970512668827,1.98970512668827,0.727750255002114,54.2263141583639,54.2263141583639,0.00825682666568335
167211.029633648,3,0,503.499650781479,21102.8751700139,521.658652324448,376.993990284206,643.624283456869,763.928924768798,37215.465535591,-582522.947774312,62.2991895156644,6.6965580364805,12.5832862854004,229.488067626953,229.488067626953,1.99214801384718,1.99214801384718,0.724411096445312,54.1449876242515,54.1449876242515,0.00840503896426782
167211.229633648,3,0,502.544525571015,21207.2431450923,522.05972998328,378.412397379585,644.780818697936,765.261566098455,37355.8445040284,-582423.618635719,62.3913640322311,6.58502857604029,12.5726737976074,229.498046875,229.498046875,1.9945864283544,1.9945864283544,0.721111666706897,54.0636979953773,54.0636979953773,0.00855976491034856
167211.429633648,3,0,501.593746484519,21311.6903566619,522.452035461476,379.827926853205,645.929859485876,766.586771467954,37495.8171005518,-582324.135423039,62.4825597994476,6.47493595998378,12.5621089935303,229.507843017578,229.507843017578,1.99702046957003,1.99702046957003,0.717851535257637,53.9824679229189,53.9824679229189,0.00876106387339466
167211.629633647,3,0,500.647261433492,21416.2150743339,522.835650517622,381.240653712931,647.071521159484,767.904660032449,37635.3845289699,-582224.494568472,62.5727851305045,6.36629583014222,12.5515928268433,229.517501831055,229.517501831055,1.99945033316699,1.99945033316699,0.714630369201033,53.9012553998077,53.9012553998077,0.00876557798815302
167211.829633647,3,0,499.705019730892,21520.8155677771,523.210728114529,382.650547325416,648.205914337856,769.215321969312,37774.5522598051,-582124.699331275,62.6620560916074,6.25911392586248,12.5411233901978,229.526947021484,229.526947021484,2.00187560738368,2.00187560738368,0.711447461856951,53.8201000138453,53.8201000138453,0.0087628306768843
167212.029633647,3,0,498.766970287344,21625.4901534452,523.577303255556,384.057745427448,649.33315355615,770.518890392889,37913.3189025056,-582024.741983989,62.7503759656489,6.153395631576,12.5307006835938,229.536224365234,229.536224365234,2.0042966408817,2.0042966408817,0.708302739658991,53.738970453459,53.738970453459,0.00842224979897017
167212.229633647,3,0,497.833063475276,21730.2371443938,523.93558128707,385.462147487928,650.453349968024,771.815439404844,38051.6932042742,-581924.630322058,62.837766699469,6.04914173880478,12.5203237533569,229.545349121094,229.545349121094,2.00671367014957,2.00671367014957,0.705195155898469,53.6578939758174,53.6578939758174,0.00796466390056274
167212.429633647,3,0,496.903250183444,21835.0548763988,524.285621741546,386.863850210918,651.566613451714,773.105088418643,38189.6753756175,-581824.359240856,62.9242342782964,5.94635678322249,12.5099925994873,229.554306030273,229.554306030273,2.00912651334269,2.00912651334269,0.702124560385304,53.5768358809509,53.5768358809509,0.00744191087922374
167212.629633647,3,0,495.977481562115,21939.9417078175,524.627522632158,388.262891705959,652.673050293199,774.387939953153,38327.2679550861,-581723.927426507,63.0097888782179,5.84504670140659,12.4997062683105,229.563095092773,229.563095092773,2.01153527523651,2.01153527523651,0.699090571488125,53.4958371628714,53.4958371628714,0.00690772297304417
167212.829633647,3,0,495.05570939188,22044.896027962,524.961381494981,389.659310733596,653.772766718298,775.664096564936,38464.4735324339,-581623.333491698,63.0944406754918,5.74520967465279,12.4894647598267,229.571716308594,229.571716308594,2.01393990818496,2.01393990818496,0.696092753664626,53.414871706329,53.414871706329,0.00636398409206711
167213.029633647,3,0,494.137886063529,22149.9162303982,525.287293882995,391.053146689952,654.865867679049,776.933659820524,38601.2946446295,-581522.575976312,63.1781996513561,5.64684186115849,12.479266166687,229.580169677734,229.580169677734,2.01634067267118,2.01634067267118,0.693130714192176,53.333937686428,53.333937686428,0.00581672658308296
167213.229633647,3,0,493.223964417124,22255.0007369017,525.605352657684,392.444439471925,655.952456215267,778.196729725684,38737.7337325206,-581421.653355467,63.2610754989822,5.54994792566781,12.4691114425659,229.588455200195,229.588455200195,2.01873736855766,2.01873736855766,0.690204073015138,53.2530518750949,53.2530518750949,0.00532149271945549
167213.429633646,3,0,492.313897849284,22360.1479841104,525.915650275918,393.833228736738,657.032634853358,779.453405690759,38873.7932828992,-581320.564092299,63.3430779054818,5.45452509099044,12.4589996337891,229.596588134766,229.596588134766,2.02113023822782,2.02113023822782,0.687312428620445,53.1722123388844,53.1722123388844,0.00487840845188063
167213.629633646,3,0,491.407640226016,22465.3564278421,526.218273861273,395.219552940871,658.106501086503,780.703782662826,39009.475503883,-581219.306687591,63.4242159055478,5.36056656756032,12.4489307403564,229.604583740234,229.604583740234,2.02351937094772,2.02351937094772,0.684455464943388,53.0913862501719,53.0913862501719,0.00441303416259425
167213.829633646,3,0,490.505145849184,22570.6245416286,526.513312189251,396.603453094639,659.174155226892,781.947958338558,39144.782787747,-581117.879454082,63.5044988268253,5.26807441112898,12.4389028549194,229.612411499023,229.612411499023,2.02590476339289,2.02590476339289,0.681632748460788,53.010597332783,53.010597332783,0.00401286420220606
167214.029633646,3,0,489.606369583918,22675.9508173851,526.800854672189,397.984971637206,660.235698923056,783.186031962462,39279.7176412267,-581016.280561411,63.5839361501801,5.17703835157427,12.428915977478,229.620071411133,229.620071411133,2.02828637181949,2.02828637181949,0.678843911563826,52.9298573060356,52.9298573060356,0.00359997948104686
167214.229633646,3,0,488.711266851905,22781.3337671326,527.080989392734,399.364151931798,661.291233290922,784.41810236343,39414.2825558956,-580914.50809303,63.6625372444252,5.08745713819495,12.4189701080322,229.627593994141,229.627593994141,2.03066442241469,2.03066442241469,0.676088569890082,52.8491436487549,52.8491436487549,0.00322501589404
167214.429633646,3,0,487.819793483869,22886.7719154967,527.353803304101,400.741036610697,662.340858080729,785.644267011499,39548.4800142366,-580812.56014462,63.7403113709229,4.99932277772519,12.409065246582,229.634963989258,229.634963989258,2.03303873732691,2.03303873732691,0.673366352417528,52.7684629909344,52.7684629909344,0.00292403725924442
167214.629633646,3,0,486.931905867092,22992.2638071731,527.619334713288,402.115729039635,663.384671140636,786.864635723713,39682.3096252518,-580710.430640917,63.8172624067595,4.91262725666728,12.3991994857788,229.642196655273,229.642196655273,2.03540972174088,2.03540972174088,0.670677425594557,52.687791193036,52.687791193036,0.00264027812589693
167214.829633646,3,0,486.04755990606,23097.8080449575,527.877736410888,403.488186169631,664.422772771029,788.079286486044,39815.7779423423,-580608.12342748,63.8934070037534,4.82736446698003,12.3893737792969,229.649261474609,229.649261474609,2.03777690744442,2.03777690744442,0.668020181908859,52.6071723056641,52.6071723056641,0.00198181424903703
167215.029633646,3,0,485.166714341694,23203.4031783444,528.12910845019,404.858419107137,665.455253728095,789.288301750343,39948.8883909796,-580505.63867293,63.9687558148871,4.74352446784173,12.3795862197876,229.656188964844,229.656188964844,2.04014083705041,2.04014083705041,0.665395000497754,52.5265873014952,52.5265873014952,0.00130535736431042
167215.229633646,3,0,484.289326728037,23309.0478010315,528.373513981579,406.226497177745,666.482210780259,790.491782391182,40081.6422633938,-580402.972537173,64.0433155876488,4.6610974190155,12.3698377609253,229.662994384766,229.662994384766,2.04250144894562,2.04250144894562,0.662801348267495,52.4460325658402,52.4460325658402,0.000701560408590075
167215.429633645,3,0,483.415355504261,23414.7405301169,528.611034174779,407.592458338038,667.50373597859,791.68981800326,40214.0419662186,-580300.123286535,64.1170949989564,4.58007333627406,12.3601274490356,229.669662475586,229.669662475586,2.04485872482393,2.04485872482393,0.660238912777339,52.3655112310626,52.3655112310626,0.000258490458294192
167215.629633645,3,0,482.544759545399,23520.4799957119,528.84174870462,408.95634033896,668.51992002961,792.882496938849,40346.0898644684,-580197.089171513,64.1901025717099,4.50043943671201,12.35045337677,229.676177978516,229.676177978516,2.0472128050856,2.0472128050856,0.657707369349924,52.2850162303789,52.2850162303789,0.00057420324264715
167215.829633645,3,0,481.677498135517,23626.2648440788,529.065735225848,410.318180463769,669.530851723179,794.069905766126,40477.7882479903,-580093.868444898,64.2623466024382,4.4221875781556,12.3408174514771,229.682556152344,229.682556152344,2.04956347077468,2.04956347077468,0.655206350183378,52.2045404882188,52.2045404882188,0.00105833086929269
167216.029633645,3,0,480.813531135359,23732.0937388499,529.283073706924,411.678019720471,670.536623931622,795.252135286859,40609.1396263338,-579990.459071254,64.3338357844002,4.34530162770163,12.3312177658081,229.688812255859,229.688812255859,2.05191113591255,2.05191113591255,0.652735510315524,52.1241109387658,52.1241109387658,0.001481254710016
167216.229633645,3,0,479.952818740945,23837.9653544705,529.493842638199,413.035898175159,671.537327758574,796.429274532144,40740.1464655454,-579886.859048051,64.4045786481903,4.26976690132452,12.3216543197632,229.694931030273,229.694931030273,2.05425562664627,2.05425562664627,0.650294494255537,52.0436900181707,52.0436900181707,0.00185560292484697
167216.429633645,3,0,479.095321664619,23943.8783906315,529.698119186694,414.391855922414,672.53305325816,797.60141159274,40870.8112008576,-579783.066338658,64.4745835951357,4.19557306208017,12.3121271133423,229.700942993164,229.700942993164,2.05659717846329,2.05659717846329,0.647882966482214,51.9633114063238,51.9633114063238,0.0021373269603106
167216.629633645,3,0,478.241001081407,24049.831550966,529.895979236559,415.745932601136,673.523889172062,798.768633285746,41001.136232254,-579679.078906658,64.5438588937982,4.12270429796621,12.3026342391968,229.706817626953,229.706817626953,2.05893580015442,2.05893580015442,0.64550058824249,51.8829578926295,51.8829578926295,0.00233454142931604
167216.829633645,3,0,477.389818535137,24155.8235624403,530.087498377974,417.098168872467,674.509924621857,799.93102692064,41131.1240002612,-579574.894611819,64.6124128314017,4.05114081167922,12.293176651001,229.712554931641,229.712554931641,2.0612712959307,2.0612712959307,0.643147013667375,51.8026392609492,51.8026392609492,0.00243947006557861
167217.029633645,3,0,476.541736186547,24261.8531694798,530.272705885192,418.448665393638,675.491249518837,801.088694041154,41260.7741793771,-579470.507045034,64.6802485812487,3.9808705253817,12.2837533950806,229.718170166016,229.718170166016,2.06360392633166,2.06360392633166,0.640822470243386,51.7223282012761,51.7223282012761,0.0025101181876036
167217.229633644,3,0,475.696715458768,24367.9191647748,530.451742539974,419.797377727542,676.467951576876,802.241701280437,41390.093255303,-579365.919991826,64.7473817533572,3.91187652986592,12.2743644714355,229.723678588867,229.723678588867,2.06593379345436,2.06593379345436,0.638525328254289,51.6420448418289,51.6420448418289,0.00298203787868273
167217.429633644,3,0,474.854720785708,24474.0202840322,530.624698438752,421.144313816525,677.440110750174,803.390120641748,41519.0846661329,-579261.13355247,64.8138221683109,3.84413690263211,12.2650089263916,229.729080200195,229.729080200195,2.06826102300092,2.06826102300092,0.636256039784557,51.5617992153445,51.5617992153445,0.00341919120243856
167217.629633644,3,0,474.015715260172,24580.155317738,530.791624147689,422.489537983768,678.407810959661,804.534040208217,41647.74950407,-579156.143806426,64.8795753594838,3.77763736305374,12.2556867599487,229.734359741211,229.734359741211,2.07058544353261,2.07058544353261,0.634014132663657,51.4815670847252,51.4815670847252,0.00388019251711776
167217.829633644,3,0,473.179662766217,24686.3230655674,530.952592630141,423.833085842574,679.371135886348,805.673541282418,41776.0902698982,-579050.948832278,64.944649395554,3.71235672392554,12.2463970184326,229.739517211914,229.739517211914,2.07290718210354,2.07290718210354,0.631799289830384,51.401365644629,51.401365644629,0.00429833637506558
167218.029633644,3,0,472.346527697519,24792.5223443378,531.107677392944,425.174994330482,680.33017042437,806.808706434084,41904.1095557997,-578945.546585226,65.0090524756566,3.64827613184323,12.2371397018433,229.744583129883,229.744583129883,2.07522648095748,2.07522648095748,0.629611154230516,51.3211939803078,51.3211939803078,0.00470954893102803
167218.229633644,3,0,471.51627490373,24898.7519827799,531.25694906414,426.51529947112,681.284996614396,807.939615564875,42031.8098061359,-578839.935056357,65.0727924461985,3.58537592554196,12.2279148101807,229.749526977539,229.749526977539,2.07754303164015,2.07754303164015,0.627449419576178,51.241035536179,51.241035536179,0.00510201337165864
167218.429633644,3,0,470.688869502723,25005.0108262779,531.400477368403,427.854036614491,682.235695338994,809.066347393035,42159.1934478196,-578734.112256443,65.1358770621155,3.52363429943738,12.2187213897705,229.754364013672,229.754364013672,2.07985710126135,2.07985710126135,0.62531375993239,51.1609065106005,51.1609065106005,0.00544765681507941
167218.629633644,3,0,469.864277222573,25111.29773422,531.538332137843,429.191242311209,683.182348285229,810.188981531949,42286.2629658618,-578628.07608112,65.1983141481473,3.46302897362482,12.2095594406128,229.75910949707,229.75910949707,2.08216879613728,2.08216879613728,0.623203865545907,51.0808203226684,51.0808203226684,0.00575308407930961
167218.829633644,3,0,469.042464146747,25217.6115749069,531.670580680575,430.526951885301,684.125034376661,811.307594934455,42413.0207159906,-578521.824485404,65.2601112152606,3.40353811541581,12.2004280090332,229.763763427734,229.763763427734,2.0844782476881,2.0844782476881,0.621119422352257,51.0007260898317,51.0007260898317,0.00604716368418801
167219.029633644,3,0,468.223396714107,25323.9512402336,531.797291278231,431.861201201553,685.063833605389,812.422265523259,42539.4691654892,-578415.355356586,65.321275947091,3.34513872395888,12.1913280487061,229.768295288086,229.768295288086,2.08678498499133,2.08678498499133,0.619060107212452,50.9206742860368,50.9206742860368,0.0062572302292018
167219.229633643,3,0,467.40704184631,25430.3156241198,531.918529847233,433.194025763748,685.998823870891,813.533069321708,42665.6106643768,-578308.666579358,65.3818157462553,3.28780874854895,12.1822566986084,229.772750854492,229.772750854492,2.08908988249518,2.08908988249518,0.617025618947867,50.8406577435455,50.8406577435455,0.00643640252526261
167219.429633643,3,0,466.593366827114,25536.7036417624,532.034362340872,434.52546175577,686.930083505973,814.640082819018,42791.4476108492,-578201.755959969,65.4417380663329,3.23152383796195,12.1732158660889,229.777114868164,229.777114868164,2.09139244540342,2.09139244540342,0.615015656020456,50.7606462128911,50.7606462128911,0.00656667894081595
167219.629633643,3,0,465.78233934931,25643.1142199482,532.144852531824,435.85554370533,687.857688082924,815.743379752515,42916.9822896749,-578094.621396879,65.5010500822303,3.17625891127382,12.1642045974731,229.781372070313,229.781372070313,2.09369266835588,2.09369266835588,0.613029931001496,50.6806456533987,50.6806456533987,0.00666422190126527
167219.829633643,3,0,464.973927501319,25749.546292736,532.250064289536,437.184306719142,688.78171359126,816.843034291023,43042.2170357993,-577987.260717935,65.5597590250371,3.12190774838892,12.1552219390869,229.785552978516,229.785552978516,2.0959909641357,2.0959909641357,0.611068136747898,50.6006966040715,50.6006966040715,0.00668741283187342
167220.029633643,3,0,464.168099726952,25855.9988167958,532.350062384327,438.511787373507,689.70223762585,817.939122233954,43167.1542911266,-577879.67161427,65.6178723023567,3.065419308825,12.1462688446045,229.789657592773,229.789657592773,2.09828713985919,2.09828713985919,0.60912995293218,50.5207518106582,50.5207518106582,0.00666901493859676
167220.229633643,3,0,463.364824952818,25962.4707535292,532.444910368223,439.838021161649,690.61933612984,819.031717693429,43291.7964492241,-577771.851827477,65.6753971780165,3.00997207634029,12.1373434066772,229.793655395508,229.793655395508,2.10058121759187,2.10058121759187,0.607215086853774,50.4408307760498,50.4408307760498,0.00659970574332655
167220.429633643,3,0,462.564072467626,26068.9610780443,532.534668764122,441.163041862477,691.533081595571,820.120891440144,43416.1457328028,-577663.799197026,65.7323405220612,2.95553480162431,12.1284465789795,229.797607421875,229.797607421875,2.10287356238611,2.10287356238611,0.605323268037456,50.3609269354014,50.3609269354014,0.00648654712101078
167220.629633643,3,0,461.765811915475,26175.4687807771,532.619395491266,442.486881375473,692.443543289179,821.206711058069,43540.2042193579,-577555.511674395,65.7887088622674,2.90208103632517,12.1195764541626,229.80143737793,229.80143737793,2.10516377944326,2.10516377944326,0.603454250893511,50.2810469236303,50.2810469236303,0.00632892395719809
167220.829633643,3,0,460.970013269036,26281.9928636908,532.699151196066,443.809573992824,693.350794080962,822.289247655047,43663.9742143878,-577446.987007123,65.8445091565707,2.84958164533946,12.1107339859009,229.805206298828,229.805206298828,2.10745223492721,2.10745223492721,0.601607706938366,50.2011728783603,50.2011728783603,0.00612715521808033
167221.029633642,3,0,460.176646883195,26388.5323482442,532.773969571296,445.131182952238,694.254904692229,823.368576897676,43787.456367386,-577338.220749839,65.8997452848283,2.79800559326337,12.1019191741943,229.80891418457,229.80891418457,2.10973890219163,2.10973890219163,0.599783543036607,50.121335605274,50.121335605274,0.00602791953629045
167221.229633642,3,0,459.385683280476,26495.0862538355,532.843962870717,446.451678039332,695.155946239335,824.4447540052,43910.6562497074,-577229.215414115,65.9544300764949,2.7473234277283,12.0931310653687,229.812561035156,229.812561035156,2.11202392107369,2.11202392107369,0.597981100864807,50.0415109306118,50.0415109306118,0.00596602827121013
167221.429633642,3,0,458.597094009347,26601.6536208487,532.909141207367,447.771144995678,696.053985746158,825.517856424236,44033.5730983409,-577119.964815043,66.008564709063,2.69750645931483,12.0843687057495,229.816116333008,229.816116333008,2.11430715193621,2.11430715193621,0.596200894550771,49.9616956964425,49.9616956964425,0.00596712369777369
167221.629633642,3,0,457.810850115362,26708.2335031799,532.969612637006,449.089557157159,696.949093077861,826.587939010086,44156.2122853827,-577010.471179868,66.0621615752377,2.6485207972821,12.0756330490112,229.819625854492,229.819625854492,2.11658882351938,2.11658882351938,0.594440970365492,49.8819156746588,49.8819156746588,0.00604194328352585
167221.829633642,3,0,457.026923965064,26814.8249527609,533.025415211737,450.406966612882,697.841335000345,827.655071532923,44278.5748541353,-576900.730788631,66.1152250808613,2.60033763985179,12.0669221878052,229.823043823242,229.823043823242,2.11886882338106,2.11886882338106,0.592702516306996,49.8021585441348,49.8021585441348,0.00611365018761419
167222.029633642,3,0,456.245287797591,26921.4270427709,533.076606526684,451.723403155369,698.730778901483,828.719319186579,44400.6630969398,-576790.7415813,66.1677618929675,2.55292425170077,12.0582370758057,229.826431274414,229.826431274414,2.12114752230363,2.12114752230363,0.590984825941293,49.7223990099776,49.7223990099776,0.00622818407006877
167222.229633642,3,0,455.465914234295,27028.0388571848,533.123243144633,453.038896412493,699.617491236248,829.78074633457,44522.4792674714,-576680.501482434,66.2197785688112,2.50625547434192,12.0495777130127,229.829742431641,229.829742431641,2.12342447348597,2.12342447348597,0.589287625635275,49.6426917146856,49.6426917146856,0.00630941139490747
167222.429633642,3,0,454.688776231804,27134.6594903554,533.165380727585,454.353475349219,700.501537306168,830.839416180052,44644.0255875223,-576570.008442659,66.2712815640846,2.46036410591257,12.040943145752,229.8330078125,229.8330078125,2.12570010234723,2.12570010234723,0.587610648966332,49.5629793850913,49.5629793850913,0.00641628334278933
167222.629633642,3,0,453.913847242954,27241.2880511774,533.203074370212,455.667168826956,701.382981875537,831.895391410118,44765.3042737658,-576459.260396347,66.3222772864817,2.41526246681602,12.0323324203491,229.836181640625,229.836181640625,2.12797413036621,2.12797413036621,0.585953615431726,49.4833048420614,49.4833048420614,0.00652565247645098
167222.829633642,3,0,453.141100961983,27347.9236539415,533.236377164874,456.98000483995,702.261887585707,832.94873269061,44886.3174305108,-576348.255320617,66.3727718898599,2.37094405169854,12.0237464904785,229.839324951172,229.839324951172,2.13024693046758,2.13024693046758,0.584316306754406,49.4036345652487,49.4036345652487,0.0066621726341944
167223.029633641,3,0,452.370511391579,27454.5654258578,533.26534338337,458.292012344133,703.138318563438,833.999502111266,45007.0672783752,-576236.991095443,66.4227717296124,2.32740355285684,12.0151844024658,229.842391967773,229.842391967773,2.13251822429999,2.13251822429999,0.582698414872172,49.3239882138745,49.3239882138745,0.00679065705558706
167223.229633641,3,0,451.602052990408,27561.2125084015,533.290026159505,459.603219609153,704.012337588131,835.04776043571,45127.555987627,-576125.465629515,66.472283025792,2.28463336471549,12.006646156311,229.845413208008,229.845413208008,2.1347882720205,2.1347882720205,0.581099703365099,49.2443795294552,49.2443795294552,0.0069184771363679
167223.429633641,3,0,450.835700498767,27667.8640442822,533.310475869806,460.913653997422,704.884004722574,836.093565899306,45247.7855672656,-576013.676877845,66.5213116421625,2.24262730737917,11.9981307983398,229.848373413086,229.848373413086,2.13705707918248,2.13705707918248,0.579519946422152,49.1647743118801,49.1647743118801,0.00709564980589664
167223.629633641,3,0,450.07142893188,27774.5191988362,533.326741639547,462.223341492168,705.753378148515,837.136974812079,45367.7579622375,-575901.622879471,66.5698632778797,2.20137757667224,11.9896392822266,229.851272583008,229.851272583008,2.13932445373787,2.13932445373787,0.57795889409206,49.0851892739015,49.0851892739015,0.00728301129217025
167223.829633641,3,0,449.309213640246,27881.1771381254,533.338873831598,463.532309222168,706.62051769871,838.178045089839,45487.4752335321,-575789.30156289,66.6179438424394,2.1608772047563,11.9811697006226,229.854125976563,229.854125976563,2.14159085595512,2.14159085595512,0.576416304375651,49.0056240655879,49.0056240655879,0.0074857761826184
167224.029633641,3,0,448.549030316348,27987.8370385043,533.346922441728,464.840585133728,707.485483430953,839.216834979095,45606.9394471139,-575676.710770267,66.665559235796,2.12111971661001,11.9727239608765,229.856918334961,229.856918334961,2.14385578142022,2.14385578142022,0.57489193469683,48.9260812873435,48.9260812873435,0.00770150960715816
167224.229633641,3,0,447.79085502147,28094.4980921766,533.350936193533,466.148196227325,708.348333791015,840.253401123829,45726.1526077568,-575563.84839385,66.7127151979047,2.08209698925303,11.9642992019653,229.859634399414,229.859634399414,2.14611957811206,2.14611957811206,0.573385537659317,48.8465653304395,48.8465653304395,0.00792788528718125
167224.429633641,3,0,447.03466405159,28201.1594950679,533.350963083238,467.455168623142,709.209126065301,841.287798962227,45845.1166906718,-575450.712372259,66.7594173809835,2.04380044706329,11.9558973312378,229.862335205078,229.862335205078,2.14838245323176,2.14838245323176,0.571896888012074,48.7670713697183,48.7670713697183,0.00817711176281735
167224.629633641,3,0,446.280433991025,28307.8204544651,533.347050038984,468.761529202658,710.067917206305,842.320083781147,45963.8336288756,-575337.3005621,66.8056713318878,2.00622342015683,11.9475164413452,229.864944458008,229.864944458008,2.15064401578548,2.15064401578548,0.5704257503999,48.6875867680924,48.6875867680924,0.00842087954505177
167224.829633641,3,0,445.528141813012,28414.4801901518,533.339244931397,470.067304582639,710.924764670342,843.350311198365,46082.3054415457,-575223.610818383,66.8514827437787,1.96935701564527,11.9391584396362,229.867523193359,229.867523193359,2.15290447257722,2.15290447257722,0.568971893642889,48.608130519109,48.608130519109,0.00870380653127578
167225.02963364,3,0,444.777764765711,28521.1379261025,533.327593704355,471.372520648424,711.779723951818,844.378534985034,46200.5340414472,-575109.641030757,66.8968570636391,1.93319419734132,11.9308204650879,229.870056152344,229.870056152344,2.15516417641067,2.15516417641067,0.567535081454299,48.5286871370147,48.5286871370147,0.00899182537201396
167225.22963364,3,0,444.029280358803,28627.7928984659,533.312141078506,472.677203353033,712.632849643759,845.404808131281,46318.5212787695,-574995.389061831,66.9417995980341,1.89772470125491,11.9225044250488,229.872512817383,229.872512817383,2.1574224770764,2.1574224770764,0.566115109659712,48.449268214098,48.449268214098,0.00927775410797424
167225.42963364,3,0,443.282666464062,28734.4443524306,533.292932963663,473.981378856972,713.484197338766,846.429184481164,46436.2691117341,-574880.85273552,66.9863158412151,1.86294166164853,11.9142084121704,229.874923706055,229.874923706055,2.15967998569915,2.15967998569915,0.564711733797347,48.369863568741,48.369863568741,0.00956937890164914
167225.62963364,3,0,442.537901187958,28841.0915418607,533.270013682414,475.285072574336,714.333820916267,847.45171623943,46553.7794095929,-574766.029912673,67.0304110842782,1.82883547208401,11.905933380127,229.877319335938,229.877319335938,2.1619367974907,2.1619367974907,0.563324749664753,48.2904734798684,48.2904734798684,0.00987492759424222
167225.82963364,3,0,441.794962945415,28947.7337292188,533.243426753707,476.588309560415,715.181773387501,848.472454767997,46671.0540079802,-574650.918460962,67.074090526751,1.79539820010105,11.8976783752441,229.879608154297,229.879608154297,2.16419220537834,2.16419220537834,0.561953928412837,48.2111249520069,48.2111249520069,0.0101561817612026
167226.02963364,3,0,441.053830513454,29054.3701845722,533.213215186528,477.891114880714,716.028107361356,849.4914510594,46788.0947298803,-574535.51622568,67.1173593221085,1.76262046418235,11.889443397522,229.881896972656,229.881896972656,2.16644719558476,2.16644719558476,0.560599064135895,48.1317906197068,48.1317906197068,0.0104416212709966
167226.22963364,3,0,440.314482809914,29161.0001880476,533.179421758772,479.193513341912,716.872875073387,850.508755703287,46904.9034029173,-574419.821051316,67.160222610447,1.73049233544441,11.8812284469604,229.884140014648,229.884140014648,2.16870131900887,2.16870131900887,0.559259940129695,48.0524664904983,48.0524664904983,0.0107370181170396
167226.42963364,3,0,439.576899094613,29267.6230282739,533.142089052751,480.495529921253,717.716128698415,851.524419243582,47021.4818660556,-574303.830746953,67.202685531186,1.69900585189646,11.8730335235596,229.886306762695,229.886306762695,2.17095426888097,2.17095426888097,0.557936348860754,47.9731693667843,47.9731693667843,0.0109923417799411
167226.62963364,3,0,438.84105894253,29374.238003456,533.101258099548,481.797188935312,718.557918788242,852.538490682145,47137.8318685294,-574187.543153331,67.2447530240961,1.66815117769391,11.8648567199707,229.888427734375,229.888427734375,2.17320666360675,2.17320666360675,0.55662807934605,47.8938860636262,47.8938860636262,0.0112814132304211
167226.829633639,3,0,438.106942156633,29480.8444177341,533.056968958143,483.098513427206,719.398294292125,853.551017365427,47253.9551079638,-574070.956192968,67.2864298963554,1.63791908861343,11.8566999435425,229.890533447266,229.890533447266,2.17545842526512,2.17545842526512,0.555334936645981,47.8146197054057,47.8146197054057,0.0115564931730685
167227.029633639,3,0,437.374528848341,29587.4415815244,533.009262583827,484.399527987285,720.237305833611,854.562048354024,47369.85337099,-573954.067642858,67.3277211247656,1.60829968970302,11.8485622406006,229.892578125,229.892578125,2.17770927783873,2.17770927783873,0.554056706005332,47.7353951387473,47.7353951387473,0.011779817055896
167227.229633639,3,0,436.643799390591,29694.0288173865,532.958177710027,485.700255700488,721.075001352503,855.571630093019,47485.5283039339,-573836.875380774,67.3686313793909,1.57928375908789,11.840443611145,229.894577026367,229.894577026367,2.17995934795697,2.17995934795697,0.552793212247868,47.656177520298,47.656177520298,0.0120266807247546
167227.429633639,3,0,435.914734323958,29800.6054540765,532.903753956276,487.000720217925,721.91142979833,856.579809971434,47600.9816387503,-573719.377217887,67.4091654814266,1.55086086671598,11.8323421478271,229.896530151367,229.896530151367,2.18220896976925,2.18220896976925,0.551544233652541,47.5769793443535,47.5769793443535,0.0122331313378565
167227.629633639,3,0,435.18731452429,29907.170827749,532.84603083261,488.300945373248,722.746640135029,857.586635399647,47716.2151166641,-573601.570929955,67.4493282604018,1.52302212413054,11.8242597579956,229.898452758789,229.898452758789,2.18445792009033,2.18445792009033,0.550309576319047,47.4977936033754,47.4977936033754,0.0124457568760157
167227.829633639,3,0,434.461521169187,30013.7242818571,532.785044472688,489.600952578575,723.580677174019,858.592149741762,47831.2302576028,-573483.454469539,67.4891240650552,1.49575743517829,11.8161954879761,229.900314331055,229.900314331055,2.18670606797894,2.18670606797894,0.549089069309903,47.4186394213839,47.4186394213839,0.0125963792757788
167228.029633639,3,0,433.737335637413,30120.2651704068,532.72083413593,490.900765653841,724.413589630957,859.596400140135,47946.0288243394,-573365.025572756,67.5285577308649,1.46905593984734,11.8081493377686,229.902160644531,229.902160644531,2.18895383217072,2.18895383217072,0.547882500040723,47.3395077082766,47.3395077082766,0.0127731847971396
167228.229633639,3,0,433.014739529016,30226.7928518042,532.653436456966,492.200406565109,725.245423006773,860.599430603212,48060.6124088306,-573246.282107078,67.567633723301,1.44290839935254,11.8001203536987,229.903961181641,229.903961181641,2.19120108310325,2.19120108310325,0.546689693624932,47.2604074374038,47.2604074374038,0.0128991610299618
167228.429633639,3,0,432.293714752495,30333.3066907277,532.582886858518,493.499897012188,726.076221705128,861.601284131555,48174.9825372575,-573127.221942096,67.6063563573731,1.41730420809496,11.7921085357666,229.905715942383,229.905715942383,2.19344780500378,2.19344780500378,0.545510467473991,47.1813126338719,47.1813126338719,0.0130073096173357
167228.629633639,3,0,431.574243404105,30439.8060598914,532.509222623463,494.79925928092,726.906031866563,862.602005287784,48289.1408820435,-573007.842879807,67.6447302303092,1.3922329162436,11.7841148376465,229.907455444336,229.907455444336,2.19569409587239,2.19569409587239,0.544344625390791,47.1022355921738,47.1022355921738,0.013101347969871
167228.829633638,3,0,430.856307848325,30546.2903468739,532.432478636354,496.098514317941,727.734896933849,863.601636050394,48403.0889652174,-572888.142812733,67.6827596082272,1.36768405761814,11.7761373519897,229.909133911133,229.909133911133,2.19793985836494,2.19793985836494,0.543191991888666,47.023192336371,47.023192336371,0.0131860847961797
167229.029633638,3,0,430.139890704438,30652.7589326056,532.352689894743,497.397683836184,728.562860928121,864.600219022067,48516.8283338441,-572768.119551031,67.7204488041252,1.34364781789121,11.768177986145,229.910781860352,229.910781860352,2.20018501260739,2.20018501260739,0.542052391891447,46.9441704635468,46.9441704635468,0.013226146310816
167229.229633638,3,0,429.424974786191,30759.2112167699,532.26989036148,498.696788498876,729.389966372252,865.597795295272,48630.3604764647,-572647.770972527,67.7578019891969,1.32011357418971,11.7602338790894,229.912384033203,229.912384033203,2.20242993207879,2.20242993207879,0.540925658363019,46.865157054677,46.865157054677,0.0132600366448292
167229.429633638,3,0,428.711543182258,30865.646598469,532.184115228176,499.995849835445,730.216257251142,866.594407426918,48743.6869851975,-572527.094856283,67.7948235374516,1.29706997480828,11.7523069381714,229.913970947266,229.913970947266,2.20467453768505,2.20467453768505,0.539811596234374,46.7861666438983,46.7861666438983,0.0131408169374715
167229.629633638,3,0,427.99957917577,30972.0644861927,532.095397517063,501.294888332227,731.041775226875,867.590095550365,48856.8093139015,-572406.089072216,67.831517520737,1.27450779683677,11.7443962097168,229.915496826172,229.915496826172,2.2069185544105,2.2069185544105,0.538710034329563,46.7072131485053,46.7072131485053,0.0128308754810479
167229.829633638,3,0,427.289066338198,31078.4642979207,532.003746156229,502.593952273786,731.866563511714,868.584907172515,48969.7274030999,-572284.749107159,67.8678852495936,1.25241467816594,11.7365016937256,229.917007446289,229.917007446289,2.20916240687814,2.20916240687814,0.537621444712625,46.6282565643753,46.6282565643753,0.0124290216791301
167230.029633638,3,0,426.579988033141,31184.8454707937,531.909243141499,503.893008898079,732.690662800968,869.578870421806,49082.4458600247,-572163.077260023,67.9039365499457,1.23078093039008,11.7286233901978,229.918502807617,229.918502807617,2.21140608129475,2.21140608129475,0.536543900593674,46.5493399834683,46.5493399834683,0.0121089171809075
167230.229633638,3,0,425.872328817781,31291.2074193126,531.81190145284,505.192096229424,733.514112079356,870.572026974179,49194.9648910827,-572041.069858756,67.9396731326485,1.20959533710528,11.720760345459,229.919952392578,229.919952392578,2.21364944996567,2.21364944996567,0.535478776454017,46.4704520595809,46.4704520595809,0.011742773234601
167230.429633638,3,0,425.166072746386,31397.5495797395,531.711754610788,506.491233815409,734.336952579085,871.564416458235,49307.2860438926,-571918.724767213,67.9750991935232,1.18884716522367,11.7129125595093,229.921356201172,229.921356201172,2.2158924990366,2.2158924990366,0.534425430734245,46.3915811874509,46.3915811874509,0.0113679833583623
167230.629633637,3,0,424.461204322493,31503.8713944913,531.608834458815,507.790439440793,735.159223068128,872.556076032768,49419.4107567461,-571796.039980633,68.0102186827819,1.16852547340216,11.7050809860229,229.922760009766,229.922760009766,2.21813547555457,2.21813547555457,0.533383727125917,46.3127309314472,46.3127309314472,0.010950128494336
167230.829633637,3,0,423.757708270924,31610.1723148337,531.503172446835,509.089731286434,735.980962268959,873.547042880979,49531.3404563337,-571673.013443783,68.045035520168,1.14861907228283,11.6972646713257,229.924118041992,229.924118041992,2.22037810508111,2.22037810508111,0.532353475363205,46.2339070831497,46.2339070831497,0.0105469117742026
167231.029633637,3,0,423.055569497546,31716.4517950888,531.394799759448,510.389126909548,736.802208247827,874.537353481655,49643.0765627016,-571549.643137474,68.0795535936255,1.12911727090322,11.6894626617432,229.925430297852,229.925430297852,2.22262055510737,2.22262055510737,0.531334527050242,46.1551076339981,46.1551076339981,0.0101642099822211
167231.229633637,3,0,422.35477305575,31822.7092935116,531.283747005254,511.688644090449,737.622998775841,875.527044091389,49754.6204683665,-571425.927006948,68.1137767315178,1.11000832879209,11.6816759109497,229.9267578125,229.9267578125,2.22486322166276,2.22486322166276,0.530326713135432,46.076329461525,46.076329461525,0.00981795263747071
167231.429633637,3,0,421.655304300676,31928.9442809365,531.170044358315,512.988300269528,738.443371042786,876.516150386473,49865.9735514856,-571301.863009276,68.1477087126485,1.09128184575089,11.6739044189453,229.928024291992,229.928024291992,2.22710535373641,2.22710535373641,0.529329884189712,45.997580424594,45.997580424594,0.00954266957124034
167231.629633637,3,0,420.957148788629,32035.1562282185,531.053721934253,514.288112562027,739.263361937297,877.504707701587,49977.1371958005,-571177.44911307,68.1813533167111,1.07292633568137,11.6661472320557,229.929275512695,229.929275512695,2.22934756313335,2.22934756313335,0.528343875345926,45.9188551695444,45.9188551695444,0.00935072118256247
167231.829633637,3,0,420.260292290489,32141.3446158679,530.934809012832,515.588097906793,740.083007590796,878.492750678272,50088.1127411645,-571052.683285379,68.2147142207626,1.0549308763673,11.6584043502808,229.93049621582,229.93049621582,2.23158968976042,2.23158968976042,0.527368550930451,45.8401552172334,45.8401552172334,0.00926202453495381
167232.029633637,3,0,419.564720697839,32247.5089288357,530.813333924967,516.888273227735,740.902343411659,879.480313326305,50198.9014715748,-570927.563478399,68.2477949852338,1.03728375957784,11.6506757736206,229.931686401367,229.931686401367,2.23383172117096,2.23383172117096,0.526403738177174,45.7614643514752,45.7614643514752,0.00930084529680894
167232.229633637,3,0,418.870420183891,32353.6486569522,530.689325624288,518.188654835599,741.721404795553,880.467429499207,50309.5047271522,-570802.087680829,68.2805992602491,1.01997374997482,11.6429615020752,229.932876586914,229.932876586914,2.23607394169837,2.23607394169837,0.525449298050828,45.6828260989391,45.6828260989391,0.00945193883740297
167232.429633637,3,0,418.177377076084,32459.7632962374,530.562811246113,519.489258900962,742.54022570555,881.454131795452,50419.9237292074,-570676.253877893,68.3131304560861,1.0029894626395,11.6352605819702,229.934036254883,229.934036254883,2.23831622617829,2.23831622617829,0.524505099105984,45.6042033011868,45.6042033011868,0.00976456142779013
167232.629633636,3,0,417.48557789632,32565.8523493921,530.433815146999,520.79009828072,743.358835770883,882.440448453916,50530.1595044528,-570550.060327384,68.3453915501217,0.986319988315721,11.62757396698,229.935150146484,229.935150146484,2.24055823064808,2.24055823064808,0.523571025417291,45.5256074952973,45.5256074952973,0.0102072677303219
167232.829633636,3,0,416.795009280491,32671.915324552,530.302364512232,522.091189221554,744.177268982359,883.426412080557,50640.2133039475,-570423.50497805,68.3773859884148,0.969953883455387,11.6199007034302,229.936279296875,229.936279296875,2.24280072165302,2.24280072165302,0.52264691939145,45.4470195304053,45.4470195304053,0.0107871774488057
167233.029633636,3,0,416.105658152829,32777.9517294891,530.168485737136,523.392547646138,744.995558510467,884.41205450498,50750.0863315143,-570296.585791189,68.4091171150733,0.953879152041085,11.6122417449951,229.937362670898,229.937362670898,2.24504290867789,2.24504290867789,0.52173265280293,45.3684851205424,45.3684851205424,0.0114633105284632
167233.229633636,3,0,415.417511538149,32883.961082291,530.03220637846,524.694189746827,745.813738511498,885.397408427206,50859.7798869619,-570169.300688485,68.4405884545582,0.938084792751396,11.6045951843262,229.938415527344,229.938415527344,2.2472852973588,2.2472852973588,0.52082805501027,45.2899572706322,45.2899572706322,0.0122641868637997
167233.429633636,3,0,414.730556675841,32989.9429087284,529.893551985287,525.996131120912,746.631841264322,886.382504718425,50969.2951381244,-570041.647639416,68.4718032532782,0.922559063403812,11.596962928772,229.939468383789,229.939468383789,2.24952780571322,2.24952780571322,0.519933001807322,45.2114877667774,45.2114877667774,0.0130491548097202
167233.629633636,3,0,414.044781066812,33095.8967339001,529.752548719933,527.298387638698,747.449899646548,887.367375110746,51078.6333094838,-569913.624539089,68.5027648689548,0.907291053841737,11.5893430709839,229.940521240234,229.940521240234,2.2517707927875,2.2517707927875,0.519047349824368,45.1330258228663,45.1330258228663,0.0136695685555825
167233.829633636,3,0,413.360172279023,33201.8220921056,529.609221678452,528.600974737935,748.26794544518,888.352049986178,51187.7955578293,-569785.229340615,68.5334765086704,0.892268566845512,11.5817365646362,229.941543579102,229.941543579102,2.25401376415455,2.25401376415455,0.518170971885279,45.0545876508227,45.0545876508227,0.0141758486356649
167234.029633636,3,0,412.67671811513,33307.7185196507,529.463597794572,529.903908886664,749.08601244646,889.336561804653,51296.7831860236,-569656.459868584,68.5639416730257,0.877480237321254,11.5741424560547,229.94255065918,229.94255065918,2.25625704394602,2.25625704394602,0.517303704995514,44.9761817408443,44.9761817408443,0.0146019787414323
167234.229633636,3,0,411.994406538719,33413.5855642485,529.315700076146,531.207204025845,749.904129843313,890.320938512059,51405.5972195988,-569527.314167099,68.5941632787973,0.862914825172503,11.5665607452393,229.94352722168,229.94352722168,2.25850047220424,2.25850047220424,0.51644545255935,44.8978049474933,44.8978049474933,0.0148997803792223
167234.429633635,3,0,411.31322574807,33519.4227670842,529.165552943021,532.510875432987,750.722328744723,891.305209961042,51514.2387997833,-569397.790143393,68.6241444782895,0.848560715917059,11.5589923858643,229.94450378418,229.94450378418,2.26074415183804,2.26074415183804,0.515596067887772,44.8194576108881,44.8194576108881,0.0151831088574035
167234.629633635,3,0,410.63316399511,33625.2296843253,529.013181287518,533.814938434597,751.540640598945,892.289406284734,51622.7091119218,-569267.885684698,68.6538885035814,0.834405897487012,11.5514364242554,229.945434570313,229.945434570313,2.26298780860918,2.26298780860918,0.51475541022924,44.7411503785478,44.7411503785478,0.0153826237863937
167234.829633635,3,0,409.954209853628,33731.0058751603,528.858607727181,535.119407126077,752.359094349299,893.273555236875,51731.0091871948,-569137.598772542,68.6833982588778,0.820468390134876,11.5438919067383,229.946380615234,229.946380615234,2.26523221993418,2.26523221993418,0.513923372674962,44.6628511889407,44.6628511889407,0.0155158841386431
167235.029633635,3,0,409.276351930941,33836.7508980366,528.701856248089,536.42429671935,753.177720668253,894.25768624384,51839.1401649312,-569006.927273805,68.7126768726329,0.806760350320315,11.5363607406616,229.947326660156,229.947326660156,2.26747685213926,2.26747685213926,0.513099821199579,44.5845955998242,44.5845955998242,0.0156195424325803
167235.229633635,3,0,408.599579028827,33942.4643218917,528.542948127883,537.729620441304,753.996546885769,895.241825492905,51947.1029968985,-568875.869217991,68.7417270692578,0.793279365186203,11.5288410186768,229.948226928711,229.948226928711,2.26972161832624,2.26972161832624,0.512284654936244,44.5063657569732,44.5063657569732,0.0156470053347553
167235.429633635,3,0,407.923880197168,34048.1457194376,528.381905925077,539.035392095809,754.815601614659,896.226000357793,52054.8987378373,-568744.422568485,68.7705517749718,0.78002267324065,11.5213327407837,229.949127197266,229.949127197266,2.27196696072372,2.27196696072372,0.51147774038031,44.4281710991199,44.4281710991199,0.015656938390187
167235.629633635,3,0,407.249244472435,34153.7946642772,528.218752709407,540.341626731813,755.634914686361,897.210239480668,52162.5284891254,-568612.585161797,68.7991540231918,0.766988626561274,11.5138368606567,229.949996948242,229.949996948242,2.27421238039986,2.27421238039986,0.510678934628471,44.3500025379374,44.3500025379374,0.0156362559112971
167235.829633635,3,0,406.575661206259,34259.4107360896,528.053508979703,541.648336748723,756.454512213679,898.194567813171,52269.9931718991,-568480.355058615,68.8275364480623,0.754174167326097,11.5063524246216,229.95085144043,229.95085144043,2.27645820654757,2.27645820654757,0.509888156946784,44.2718597126314,44.2718597126314,0.0156231806260607
167236.029633635,3,0,405.903119891085,34364.9935203022,527.88619630715,542.955535989946,757.274422064922,899.179012070399,52377.2937972639,-568347.730174864,68.8557018733318,0.741576931959751,11.4988803863525,229.951721191406,229.951721191406,2.27870454343302,2.27870454343302,0.509105274621218,44.1937581685327,44.1937581685327,0.0156126443907932
167236.229633635,3,0,405.231610059594,34470.5426024735,527.716835372037,544.263237528482,758.094670908629,900.163597784922,52484.4313169747,-568214.708482163,68.8836529936308,0.729194849348966,11.491418838501,229.952545166016,229.952545166016,2.28095115500382,2.28095115500382,0.50833018811653,44.115674204773,44.115674204773,0.0156532703233879
167236.429633634,3,0,404.56112150598,34576.0575800766,527.545446904386,545.571454545452,758.915285499237,901.148350572786,52591.4066997945,-568081.287927496,68.9113925247777,0.717025711837657,11.4839687347412,229.953384399414,229.953384399414,2.28319844857627,2.28319844857627,0.507562770604744,44.0376513208973,44.0376513208973,0.0157162016024289
167236.629633634,3,0,403.891644064672,34681.5380457861,527.372050659278,546.880199892223,759.736291650419,902.133295176633,52698.220847219,-567947.466474326,68.9389230490742,0.70506656091988,11.4765300750732,229.954177856445,229.954177856445,2.28544580923951,2.28544580923951,0.50680292244524,43.959641055384,43.959641055384,0.0158670869808685
167236.829633634,3,0,403.223167771263,34786.983600953,527.19666616073,548.189485669432,760.557714450063,903.118455562964,52804.8746523756,-567813.242140694,68.9662471125276,0.693314773128244,11.4691028594971,229.954956054688,229.954956054688,2.28769353054648,2.28769353054648,0.506050551453936,43.8816600453173,43.8816600453173,0.0161077039816338
167237.029633634,3,0,402.55568282228,34892.3938517597,527.01931032564,549.499322241423,761.379575901466,904.103852733711,52911.3688227872,-567678.613091232,68.9933668697632,0.681768535189341,11.4616861343384,229.955749511719,229.955749511719,2.28994209778174,2.28994209778174,0.505305576935503,43.8036981277284,43.8036981277284,0.0164854493771833
167237.229633634,3,0,401.889179441071,34997.7684038142,526.84000202307,550.809720986367,762.201900066346,905.089509621914,53017.7042153936,-567543.577385257,69.0202847792149,0.670425077011891,11.4542808532715,229.956512451172,229.956512451172,2.29219085644457,2.29219085644457,0.504567882019141,43.7257975070321,43.7257975070321,0.0169534958114035
167237.429633634,3,0,401.223714966558,35103.106434743,526.663260352736,552.116065280999,763.024468380107,906.074298456986,53124.1734168206,-567408.563415662,69.0475404866361,0.659281712351402,11.4468870162964,229.957260131836,229.957260131836,2.29443994603444,2.29443994603444,0.503721298057751,43.6483999084045,43.6483999084045,0.0120353261793161
167237.609633634,3,0,400.625938602957,35197.8595861937,526.5603722542,553.232706274966,763.761908529618,906.945922611066,53223.6147462107,-567292.251741495,69.0788051101939,0.649418695035814,11.4402446746826,229.957916259766,229.957916259766,2.29646375635123,2.29646375635123,0.502340490118715,43.5850006427626,43.5850006427626,0.240385331023542
167237.789633634,3,0,400.029643697117,35292.544386506,526.446170272371,554.356073616134,764.497368569404,907.817078829561,53322.2883105587,-567175.047359886,69.1086725906524,0.639707425313236,11.4336194992065,229.958572387695,229.958572387695,2.29848607882179,2.29848607882179,0.501468011280949,43.5207511986555,43.5207511986555,0.920431836179018
167238.029633634,3,0,399.235989979642,35418.6900210875,526.209473850256,555.931428705661,765.477735660862,908.993941087709,53448.303754629,-567011.09760266,69.1382973464596,0.626999234262395,11.4248008728027,229.959442138672,229.959442138672,2.30118253219481,2.30118253219481,0.501236906471337,43.426711842867,43.426711842867,2.32082353602304
167238.209633633,3,0,398.640731452516,35513.2420687596,525.960097510911,557.177703446448,766.212122973492,909.888796710047,53538.0701444098,-566881.71639336,69.151789592118,0.617647765602975,11.4181871414185,229.960067749023,229.960067749023,2.30320699923429,2.30320699923429,0.501426950538944,43.3491107431779,43.3491107431779,3.44142286688486
167238.389633633,3,0,398.04526003176,35607.7545730124,525.664054284378,558.463404666468,766.944634454374,910.78987276624,53624.7204479481,-566748.306423293,69.1595596147313,0.60844778630415,11.4115705490112,229.960678100586,229.960678100586,2.30523405680041,2.30523405680041,0.501831245365959,43.267094143333,43.267094143333,4.4522386656893
167238.629633633,3,0,397.250507272466,35733.7126441108,525.222497466652,560.21793013818,767.921090408001,911.998930626372,53737.0946113032,-566566.104107768,69.1641994381433,0.596416481972799,11.4027395248413,229.961502075195,229.961502075195,2.3079421021358,2.3079421021358,0.502522305196138,43.1533830453223,43.1533830453223,5.52289187989915
167238.809633633,3,0,396.653677728623,35828.1341646969,524.871186236125,561.552905357879,768.655597557704,912.911132817206,53819.9949577536,-566427.23979119,69.1652652493963,0.587570455333352,11.3961086273193,229.96208190918,229.96208190918,2.30997683524898,2.30997683524898,0.503076250617414,43.0662151638625,43.0662151638625,6.10971063408898
167238.989633633,3,0,396.056190701606,35922.5105358413,524.511470369762,562.897810443004,769.393415328581,913.827882971092,53902.2990201814,-566287.076087472,69.1653761076472,0.578877093252924,11.3894701004028,229.962661743164,229.962661743164,2.31201526342514,2.31201526342514,0.503635474075827,42.9782542455917,42.9782542455917,6.53675419233304
167239.229633633,3,0,395.258517365459,36048.2671675665,524.026869007793,564.700920557206,770.383858294205,915.057452142896,54011.648633241,-566098.685262819,69.1650646243149,0.567523387265811,11.3806066513062,229.963424682617,229.963424682617,2.31473881386307,2.31473881386307,0.504364116696344,42.8604667468667,42.8604667468667,6.91727411585643
167239.409633633,3,0,394.659505790996,36142.5201738275,523.662682087304,566.058675464778,771.1323029674,915.985149009995,54093.5690442171,-565956.447787673,69.164868708046,0.559184123471853,11.373950958252,229.964004516602,229.964004516602,2.31678564362384,2.31678564362384,0.50489416610222,42.7720101675132,42.7720101675132,7.10493011840769
167239.589633633,3,0,394.059867129492,36236.7141585585,523.29876136522,567.420473759241,771.885734864646,916.917601139173,54175.4707519782,-565813.454437955,69.1648199658266,0.550993753964666,11.3672885894775,229.964538574219,229.964538574219,2.31883544550298,2.31883544550298,0.505413990260881,42.6835227801929,42.6835227801929,7.23974681330237
167239.829633633,3,0,393.259401888761,36362.2102207202,522.813803175746,569.242597056399,772.898057375358,918.16827537941,54284.6346020417,-565621.604976184,69.1649669048105,0.540301233885357,11.3583946228027,229.965240478516,229.965240478516,2.32157382505673,2.32157382505673,0.506099083028942,42.5655311995026,42.5655311995026,7.37137145547885
167240.009633633,3,0,392.658337049824,36456.2582877553,522.449808336919,570.61438442075,773.663090717887,919.111897568544,54366.4473481491,-565476.780904727,69.1651777390176,0.532450008098219,11.3517160415649,229.965789794922,229.965789794922,2.3236318983109,2.3236318983109,0.506609482832373,42.4769643261603,42.4769643261603,7.45027533488906
167240.189633632,3,0,392.056665917671,36550.2418727766,522.085104963624,571.990942625111,774.43301535384,920.060334472975,54448.1771278834,-565331.118724834,69.1654154241751,0.524739624803625,11.3450307846069,229.966293334961,229.966293334961,2.32569293384321,2.32569293384321,0.50712182001856,42.3882916547049,42.3882916547049,7.51997767143202
167240.429633632,3,0,391.253498452012,36675.4520929263,521.597228926681,573.834118301398,775.467126673166,921.332418226133,54556.9875643156,-565135.558439014,69.1657110739153,0.514675083010285,11.336106300354,229.966979980469,229.966979980469,2.32844655929342,2.32844655929342,0.50780927137714,42.269847026945,42.269847026945,7.60372085057354
167240.609633632,3,0,390.650401377118,36769.2834499063,521.229984617534,575.222478527654,776.24841170072,922.292170896942,54638.4648089273,-564987.859642028,69.1659018775646,0.507285333379244,11.3294057846069,229.967483520508,229.967483520508,2.33051554396962,2.33051554396962,0.508325443522342,42.180870832559,42.180870832559,7.6606938392935
167240.789633632,3,0,390.0466910755,36863.0492116158,520.861617167456,576.615926118455,777.034587706198,923.256793797353,54719.8314755847,-564839.277936028,69.1660692243238,0.500029375056265,11.3226976394653,229.967971801758,229.967971801758,2.33258801813543,2.33258801813543,0.508843212620288,42.0917493176291,42.0917493176291,7.71234413586111
167241.029633632,3,0,389.240796091682,36987.9680012406,520.368941955671,578.481585990832,778.090471013836,924.550526250562,54828.1633426491,-564639.806021486,69.1662853033234,0.490559331308539,11.3137435913086,229.968597412109,229.968597412109,2.33535632830154,2.33535632830154,0.509533115091214,41.9727371971183,41.9727371971183,7.77196909779504
167241.209633632,3,0,388.635653021101,37081.5803066078,519.998564498592,579.886486861204,778.888210672639,925.526547029266,54909.3125331961,-564489.188122582,69.1664778854077,0.483607429467491,11.3070192337036,229.969085693359,229.969085693359,2.33743701347216,2.33743701347216,0.51004603195407,41.8833528281407,41.8833528281407,7.80915161290479
167241.389633632,3,0,388.029902027862,37175.1267178061,519.627666673141,581.296045985571,779.690967660028,926.507450305193,54990.3911581262,-564337.715033166,69.1667254266142,0.476781894701614,11.3002891540527,229.969543457031,229.969543457031,2.33952066912105,2.33952066912105,0.510555623362236,41.7939158555113,41.7939158555113,7.83959688973024
167241.629633632,3,0,387.221305194625,37299.7526593312,519.132698013746,583.182393921271,780.769148165305,927.822878312454,55098.4107390824,-564134.444070294,69.1671882925878,0.467874488493993,11.2913045883179,229.970138549805,229.970138549805,2.34230430014701,2.34230430014701,0.511227059768607,41.6745869038315,41.6745869038315,7.86962668549117
167241.809633632,3,0,386.614156509012,37393.1450942281,518.76144321484,584.602176992733,781.583738514937,928.81514290524,55179.3817626064,-563981.023294937,69.1676749074135,0.461335945076503,11.2845582962036,229.970581054688,229.970581054688,2.34439608211141,2.34439608211141,0.511720457066063,41.5850520644153,41.5850520644153,7.88453475913375
167241.989633632,3,0,386.00642536161,37486.4714706015,518.390361858489,586.026068786707,782.403425711683,929.812240174979,55260.328343784,-563826.788244461,69.1683058594948,0.454916998327219,11.2778053283691,229.97102355957,229.97102355957,2.34649137268248,2.34649137268248,0.512206295951715,41.4955190021959,41.4955190021959,7.89340844842139
167242.229633631,3,0,385.195235965557,37610.8038578009,517.896115061652,587.930729248941,783.50426188448,931.149159848772,55368.2361811767,-563619.893481743,69.1694044337863,0.446540506827788,11.2687921524048,229.971588134766,229.971588134766,2.34929006527243,2.34929006527243,0.51284072412491,41.3761525021272,41.3761525021272,7.89679795584092
167242.409633631,3,0,384.586180779238,37703.9760652697,517.526021412343,589.363710519507,784.3358758314,932.157455961819,55449.164696002,-563463.793333593,69.1704477565141,0.44039206087004,11.2620248794556,229.97200012207,229.97200012207,2.35139300246184,2.35139300246184,0.513302650116011,41.2866723818445,41.2866723818445,7.89378723914087
167242.589633631,3,0,383.976583028987,37797.0822340124,517.15652819564,590.80038454213,785.17257277015,933.170484526312,55530.0971584308,-563306.908004115,69.1716901208987,0.434355987000124,11.2552518844604,229.972427368164,229.972427368164,2.35349943664216,2.35349943664216,0.513754980500988,41.1972506305752,41.1972506305752,7.88668185311475
167242.829633631,3,0,383.162969445786,37921.1211549633,516.664929394481,592.721518130257,786.296030335166,934.528475223032,55638.0214556537,-563096.517694854,69.1736717459126,0.426621024285786,11.2462120056152,229.972946166992,229.972946166992,2.35631277458206,2.35631277458206,0.514342299592373,41.078080161244,41.078080161244,7.87172335447499
167243.009633631,3,0,382.55214267387,38014.0734593322,516.297125835771,594.166490681029,787.14454885649,935.552444697736,55718.9826009701,-562937.818477982,69.1754163356307,0.421326606545365,11.2394247055054,229.973342895508,229.973342895508,2.35842692833756,2.35842692833756,0.514766978230878,40.9887887907954,40.9887887907954,7.8570229706321
167243.189633631,3,0,381.940819894464,38106.9599559797,515.930107714564,595.614866354165,787.998061589273,936.581009664818,55799.9599145559,-562778.351550242,69.1773830738683,0.416122097227325,11.2326326370239,229.973739624023,229.973739624023,2.36054425478267,2.36054425478267,0.515181487578446,40.8995764259298,40.8995764259298,7.83982879164747
167243.429633631,3,0,381.124976436742,38230.7064336748,515.442023546342,597.551203714936,789.143789621839,937.959502864954,55907.9582029607,-562564.541458529,69.1803571782279,0.40931926840883,11.2235670089722,229.974243164063,229.974243164063,2.36337249252129,2.36337249252129,0.515717675097306,40.7807402076647,40.7807402076647,7.8135892155388
167243.609633631,3,0,380.512524427255,38323.4397988394,515.076994990915,599.007323441023,790.008914066702,938.998712032677,55988.984216635,-562403.290029931,69.1828639907146,0.404317449048552,11.2167625427246,229.974609375,229.974609375,2.36549721181991,2.36549721181991,0.516102471228091,40.6917234378746,40.6917234378746,7.79184264623724
167243.789633631,3,0,379.899624361469,38416.1077394045,514.712827157059,600.466629125371,790.878920652965,940.042375404156,56070.0313694306,-562241.281750995,69.1856020025122,0.399399835201588,11.2099523544312,229.974960327148,229.974960327148,2.36762517881611,2.36762517881611,0.516477173777613,40.6027838535154,40.6027838535154,7.76858986820069
167244.02963363,3,0,379.081754984392,38539.5634462447,514.228621605109,602.417219711424,792.046451846565,941.440771891243,56178.1278864638,-562024.098594718,69.1896133599831,0.392970962653349,11.2008647918701,229.975448608398,229.975448608398,2.37046765503855,2.37046765503855,0.516960733221266,40.4843675886962,40.4843675886962,7.73564481880002
167244.20963363,3,0,378.467833365803,38632.0792421353,513.866513892185,603.883847306522,792.927799447991,942.494759614252,56259.2284502087,-561860.323139369,69.1928993764408,0.388243216081136,11.1940431594849,229.975799560547,229.975799560547,2.37260320116232,2.37260320116232,0.517304723901777,40.3956541921389,40.3956541921389,7.70968517442941
167244.38963363,3,0,377.853513238019,38724.5301025512,513.50528356404,605.353474251799,793.813898238692,943.553051129332,56340.3511736429,-561695.799112959,69.1964178768898,0.383593930926627,11.1872177124023,229.976119995117,229.976119995117,2.37474146519105,2.37474146519105,0.517639190943532,40.3070535737286,40.3070535737286,7.68252882747179
167244.62963363,3,0,377.033828347469,38847.6971178036,513.025018111462,607.317536579855,795.002678892147,944.970715647651,56448.5498760857,-561475.274740951,69.2014715048894,0.377514252342969,11.1781101226807,229.976593017578,229.976593017578,2.37759791430404,2.37759791430404,0.518069573291486,40.1891006242879,40.1891006242879,7.64494950403856
167244.80963363,3,0,376.418595249406,38939.9969686329,512.665884713544,608.79407895435,795.899830329795,946.039001439532,56529.7284310064,-561309.000372651,69.205541336254,0.373041825308852,11.1712741851807,229.976913452148,229.976913452148,2.37974362654702,2.37974362654702,0.518372754055477,40.100749084139,40.100749084139,7.61592877186147
167244.98963363,3,0,375.80301597875,39032.2323242164,512.307573192363,610.273469427243,796.801579464431,947.111429277176,56610.9253094486,-561141.98253683,69.2098352714825,0.368642468844031,11.1644344329834,229.97721862793,229.97721862793,2.38189224273356,2.38189224273356,0.518669332605755,40.0125228216395,40.0125228216395,7.5865109488126
167245.22963363,3,0,374.981728763399,39155.1127285005,511.831247967563,612.250246350521,798.011021573203,948.547705384737,56719.2259889647,-560918.148358379,69.2159276392275,0.362887222808089,11.1553087234497,229.977661132813,229.977661132813,2.38476223389428,2.38476223389428,0.519047203671552,39.8950792454245,39.8950792454245,7.5467791742181
167245.40963363,3,0,374.365342536772,39247.1981758878,511.475083763335,613.736143028567,798.923534870699,949.629798263331,56800.4820327836,-560749.398391525,69.220777983884,0.358651601895359,11.1484603881836,229.977966308594,229.977966308594,2.38691796037589,2.38691796037589,0.519307566556621,39.8071298790278,39.8071298790278,7.51659348250459
167245.58963363,3,0,373.748660630136,39339.2195913418,511.119608274986,615.224791282167,799.840482703496,950.715874625607,56881.7473687131,-560579.904772316,69.225833962667,0.354483491817325,11.1416082382202,229.978271484375,229.978271484375,2.38907677732902,2.38907677732902,0.519565306080217,39.7192900862119,39.7192900862119,7.48638377165953
167245.82963363,3,0,372.925977747477,39461.815482196,510.646892505014,617.213749262578,801.069947697325,952.170109851846,56990.1276420006,-560352.77080543,69.2329184085958,0.349027801144462,11.1324672698975,229.978668212891,229.978668212891,2.3919596664867,2.3919596664867,0.519892964018797,39.6023886851442,39.6023886851442,7.44584870981248
167246.009633629,3,0,372.30859324962,39553.6880513545,510.29338576149,618.708638320087,801.997330845821,953.265517549821,57071.4400819814,-560181.549150518,69.2385058131709,0.345010433180899,11.1256074905396,229.978973388672,229.978973388672,2.39412545469067,2.39412545469067,0.520115611349984,39.5148381300294,39.5148381300294,7.41554275764784
167246.189633629,3,0,371.690960406036,39645.4970198777,509.940541082271,620.20612390931,802.929007804482,954.364758032096,57152.7598899319,-560009.590076033,69.2442942895386,0.341054739043743,11.1187448501587,229.979263305664,229.979263305664,2.39629399706357,2.39629399706357,0.520334984889667,39.4274308451588,39.4274308451588,7.38560533137551
167246.429633629,3,0,370.867082344484,39767.8102701122,509.471146941066,622.206717711175,804.177871574665,955.836311878677,57261.200131212,-559779.168912734,69.2523294682982,0.335873832773575,11.1095905303955,229.979629516602,229.979629516602,2.39918965070272,2.39918965070272,0.52061437489998,39.3110729903461,39.3110729903461,7.34609427290829
167246.609633629,3,0,370.248846942661,39859.4713170307,509.119971177313,623.71026928508,805.119646427322,956.944561509944,57342.5468418865,-559605.476992211,69.2586085484559,0.332055563162945,11.1027212142944,229.979919433594,229.979919433594,2.40136501981954,2.40136501981954,0.520802215790777,39.2239400040454,39.2239400040454,7.31695552648118
167246.789633629,3,0,369.630407511909,39951.0691459166,508.769397428516,625.216292201666,806.065575368514,958.056500351396,57423.8967429658,-559431.051048843,69.2650798338743,0.328293668859001,11.0958499908447,229.980178833008,229.980178833008,2.40354280213265,2.40354280213265,0.520985041578932,39.1369544073473,39.1369544073473,7.28839629855045
167247.029633629,3,0,368.805522187021,40073.1014029116,508.302836889274,627.228139433873,807.333210568821,959.544763246138,57532.3638526021,-559197.339258031,69.2739984181545,0.323362261959483,11.0866842269897,229.980529785156,229.980529785156,2.40645107875469,2.40645107875469,0.521219412285792,39.0211564904301,39.0211564904301,7.25138649705933
167247.209633629,3,0,368.186573679717,40164.552075442,507.953638212007,628.740067674333,808.288915717604,960.665405832219,57613.7207783733,-559021.174555828,69.2809202465142,0.319724867668275,11.0798072814941,229.980804443359,229.980804443359,2.40863569738156,2.40863569738156,0.521373524539983,38.9344440187816,38.9344440187816,7.22458426383155
167247.389633629,3,0,367.567462851834,40255.9398339671,507.60474763132,630.254494216182,809.248606608347,961.789599890791,57695.0610458629,-558844.26314709,69.2879947499659,0.316137724636565,11.0729284286499,229.981063842773,229.981063842773,2.41082291110342,2.41082291110342,0.521527231923439,38.84784386164,38.84784386164,7.19854259156802
167247.629633629,3,0,366.741738223533,40377.6926231113,507.140092975752,632.277549085369,810.53437495325,963.294019749123,57803.4924592376,-558607.221839131,69.2976723703487,0.311430492150549,11.0637531280518,229.981414794922,229.981414794922,2.41374366304266,2.41374366304266,0.521720483484641,38.7325609598753,38.7325609598753,7.16324593750154
167247.809633628,3,0,366.122197632016,40468.9341323285,506.792227406238,633.797805199474,811.503554912144,964.426658249291,57884.8160833047,-558428.556749207,69.3051506147357,0.307954519444888,11.0568695068359,229.981658935547,229.981658935547,2.41593724169211,2.41593724169211,0.521845104249175,38.6462434989141,38.6462434989141,7.13659549375467
167247.989633628,3,0,365.502531982508,40560.1130757321,506.444700268688,635.320404315139,812.476615398494,965.562728388983,57966.1248600485,-558249.151896058,69.3127847300656,0.304523546082537,11.0499849319458,229.981918334961,229.981918334961,2.41813354968076,2.41813354968076,0.521968518523648,38.5600423770366,38.5600423770366,7.10985931557011
167248.229633628,3,0,364.676128829105,40681.5877959742,505.981996336385,637.354050230243,813.780047655047,967.082785745297,58074.5228040237,-558008.803987152,69.3232244664152,0.300015427090027,11.0408020019531,229.982223510742,229.982223510742,2.42106597983644,2.42106597983644,0.52212295931955,38.4453233535513,38.4453233535513,7.07425855221357
167248.409633628,3,0,364.056117422747,40772.6210115277,505.635471279473,638.882186132766,814.76234422916,968.227028321863,58155.8130309505,-557827.654449131,69.331257835966,0.296681883108143,11.0339136123657,229.982467651367,229.982467651367,2.42326849328835,2.42326849328835,0.52221842181645,38.3594174050512,38.3594174050512,7.04763584441589
167248.589633628,3,0,363.436017081046,40863.5919032953,505.289396025282,640.412464604409,815.748428473073,969.374584934436,58237.095650018,-557645.777450993,69.3394610059723,0.293387579301782,11.0270233154297,229.982711791992,229.982711791992,2.42547380560837,2.42547380560837,0.522307851200901,38.2736542483758,38.2736542483758,7.02098062414129
167248.829633628,3,0,362.609092861617,40984.7895461555,504.828315063158,642.456326725531,817.069005310549,970.909766624782,58345.4374160947,-557402.121128353,69.3506168803328,0.28905269404651,11.0178356170654,229.983016967773,229.983016967773,2.42841785841438,2.42841785841438,0.522424995025652,38.1595025354033,38.1595025354033,6.98567919404598
167249.009633628,3,0,361.988726753243,41075.6151957233,504.482977460531,643.992009729956,818.064045868948,972.065233124874,58426.6833851489,-557218.491610868,69.3591830837722,0.285842593633774,11.0109424591064,229.983261108398,229.983261108398,2.43062937505395,2.43062937505395,0.522490800531027,38.0740237392695,38.0740237392695,6.95939438535301
167249.189633628,3,0,361.368308281444,41166.3786935785,504.13789025912,645.52982127364,819.062734195919,973.223892745245,58507.9081473142,-557034.126813262,69.3678918612829,0.282745472960181,11.0040483474731,229.983474731445,229.983474731445,2.43284317783354,2.43284317783354,0.522556320145979,37.9886822582634,37.9886822582634,6.9333130894569
167249.429633628,3,0,360.541012435261,41287.3000996581,503.678135368787,647.583519888659,820.399950804462,974.773698378887,58616.1729409015,-556787.161655895,69.3797216763174,0.278980394688712,10.9948568344116,229.983779907227,229.983779907227,2.43579872813201,2.43579872813201,0.522637303239168,37.8750952807827,37.8750952807827,6.89879829074322
167249.609633628,3,0,359.920400576197,41377.9187762096,503.333840007565,649.126426674918,821.407372930453,975.940020111656,58697.3642149494,-556601.056408194,69.3887993878234,0.276183014446448,10.9879608154297,229.984008789063,229.984008789063,2.43801872989873,2.43801872989873,0.522672181709308,37.7900671646836,37.7900671646836,6.87310458630165
167249.789633627,3,0,359.299771410181,41468.4754593751,502.989553759757,650.671472134726,822.418297365404,977.109414206955,58778.5178048175,-556414.205463863,69.3979866779051,0.273406248113211,10.9810647964478,229.984222412109,229.984222412109,2.44024098515382,2.44024098515382,0.522711023764752,37.7051532569096,37.7051532569096,6.84755772979176
167250.029633627,3,0,358.472245168955,41589.1213154369,502.530842144569,652.734643651122,823.77166880689,978.673364513484,58886.6856469359,-556163.930234094,69.4104501050394,0.269733422547557,10.9718704223633,229.984512329102,229.984512329102,2.44320774009711,2.44320774009711,0.522759275973454,37.5921477476861,37.5921477476861,6.81395097673263
167250.209633627,3,0,357.851493144357,41679.5334687375,502.187167766623,654.284631604668,824.791083016492,979.850185579221,58967.7932179744,-555975.334094347,69.4199813502457,0.266998451112199,10.964973449707,229.984710693359,229.984710693359,2.44543569883059,2.44543569883059,0.522769069275293,37.5075504834108,37.5075504834108,6.78904340602664
167250.389633627,3,0,357.230754403399,41769.8837646574,501.843559456303,655.836611520309,825.813913165801,981.029978164318,59048.8666516964,-555785.999431991,69.429629064164,0.264278569608774,10.9580755233765,229.984924316406,229.984924316406,2.44766646402341,2.44766646402341,0.522781241226218,37.4230657676963,37.4230657676963,6.7640857484432
167250.629633627,3,0,356.403131414897,41890.2545848602,501.385564142468,657.908957938508,827.182979071859,982.607628258444,59156.9145961471,-555532.406378866,69.4426802727716,0.260672178074123,10.9488801956177,229.98518371582,229.98518371582,2.45064391027487,2.45064391027487,0.522796646892041,37.310649049461,37.310649049461,6.73144774360295
167250.809633627,3,0,355.782337735595,41980.4605669028,501.042291879025,659.465793269546,828.214048869021,983.794620624527,59237.9229805707,-555341.314764245,69.4526341267364,0.257980137766833,10.9419822692871,229.985412597656,229.985412597656,2.45288052922487,2.45288052922487,0.522785359478093,37.2264775645167,37.2264775645167,6.70721510980595
167250.989633627,3,0,355.161586676592,42070.6047671088,500.699155907029,661.024469896234,829.248451628105,984.984486118351,59318.9016469495,-555149.492567765,69.4627131343166,0.255297164434903,10.9350852966309,229.985595703125,229.985595703125,2.45511889295462,2.45511889295462,0.522771928533613,37.1424508251243,37.1424508251243,6.6830199277679
167251.229633627,3,0,354.333992595597,42190.7009100716,500.241605676229,663.105686187124,830.63277993541,986.575414639144,59426.8103960094,-554892.575433524,69.4763137654263,0.251741766609149,10.9258899688721,229.985870361328,229.985870361328,2.45810737349036,2.45810737349036,0.522755988061391,37.0306113242882,37.0306113242882,6.65118436873676
167251.409633627,3,0,353.713250039197,42280.700954908,499.89860266124,664.6691039718,831.675195444312,987.772267570042,59507.7098194122,-554698.987872175,69.486670838433,0.249104203151452,10.9189920425415,229.986068725586,229.986068725586,2.46035184005746,2.46035184005746,0.522721161337076,36.9468719455621,36.9468719455621,6.62750124397014
167251.589633626,3,0,353.092579399524,42370.6392382403,499.555614101997,666.234324689218,832.720833758182,988.971893977193,59588.571027254,-554504.665162111,69.4971360337902,0.246492059424314,10.9120960235596,229.986267089844,229.986267089844,2.46259833812862,2.46259833812862,0.522689120598355,36.8632776720815,36.8632776720815,6.60406720426599
167251.829633626,3,0,352.265134026898,42490.4608967592,499.098215502359,668.324136326679,834.120003305544,990.575695509582,59696.3196775201,-554244.414893209,69.511244639803,0.243048204406754,10.9029026031494,229.986526489258,229.986526489258,2.46559716232326,2.46559716232326,0.522644598029505,36.7520281434777,36.7520281434777,6.57302834251798
167252.009633626,3,0,351.644529215339,42580.2551071256,498.755425574896,669.893844227037,835.173477233127,991.782112918241,59777.1054552861,-554048.334713073,69.5219958825905,0.24049454776714,10.8960065841675,229.986724853516,229.986724853516,2.46784941902668,2.46784941902668,0.522583874160867,36.668749706036,36.668749706036,6.54994476271959
167252.189633626,3,0,351.024025080492,42669.9875686347,498.412429681601,671.465374698115,836.230051767811,992.991205121116,59857.8378528823,-553851.508266094,69.5328248871976,0.237965643333818,10.8891124725342,229.986892700195,229.986892700195,2.47010339095353,2.47010339095353,0.522529523516033,36.5855924635366,36.5855924635366,6.52703406785739
167252.429633626,3,0,350.196842229066,42789.5347860351,497.955051844566,673.563427925229,837.643674300661,994.607487858143,59965.4162858743,-553587.92567544,69.5474216574426,0.234632281149964,10.8799209594727,229.987167358398,229.987167358398,2.4731129449854,2.4731129449854,0.522456977895598,36.4749359200666,36.4749359200666,6.49686342924976
167252.609633626,3,0,349.576460161548,42879.1231532354,497.612036418464,675.139357637277,838.707869892376,995.823175034904,60046.0579413776,-553389.330952031,69.5585064902417,0.232160754049059,10.8730278015137,229.987335205078,229.987335205078,2.47537248951018,2.47537248951018,0.522379419899223,36.3920993824907,36.3920993824907,6.47436544557935
167252.789633626,3,0,348.956204432777,42968.6497449445,497.268926841473,676.716947426468,839.77509640157,997.041448445957,60126.6533557534,-553189.999953606,69.5696833599979,0.229713789889937,10.8661365509033,229.987518310547,229.987518310547,2.47763425140763,2.47763425140763,0.522305094567683,36.3093952966571,36.3093952966571,6.45210513510209
167253.029633626,3,0,348.129391397615,43087.922441654,496.811302528911,678.822986889161,841.202780457599,998.669837741281,60234.0422115647,-552923.075176644,69.5847302235465,0.226488518574948,10.8569498062134,229.987747192383,229.987747192383,2.4806532824837,2.4806532824837,0.52220590833275,36.1993433997972,36.1993433997972,6.4225882934505
167253.209633626,3,0,347.509311065192,43177.3048591261,496.46806573585,680.404834459777,842.277435915111,999.894519425675,60314.5389382145,-552721.971630434,69.5961475324899,0.224097825536065,10.8500595092773,229.987930297852,229.987930297852,2.48292064549165,2.48292064549165,0.522107616340328,36.1169365113295,36.1169365113295,6.40070508786117
167253.389633626,3,0,346.889381707606,43266.6254710187,496.124644866716,681.988298060576,843.355027219075,1001.12169986042,60394.9829856894,-552520.128301965,69.6076440429747,0.221730902124697,10.8431720733643,229.988098144531,229.988098144531,2.48518968898754,2.48518968898754,0.522013148165071,36.0346872576766,36.0346872576766,6.37888648117131
167253.629633625,3,0,346.063040479703,43385.6234248691,495.666469909649,684.102105551976,844.796389796582,1002.76183576257,60502.1603336632,-552249.847733257,69.6230978440832,0.218611863716426,10.8339900970459,229.988327026367,229.988327026367,2.488218737762,2.488218737762,0.521890241318525,35.9252259479607,35.9252259479607,6.34998145147182
167253.809633625,3,0,345.443336950698,43474.7997085905,495.322823894171,685.689688826199,845.88122643375,1003.99524592083,60582.4983612085,-552046.227497193,69.6348206896898,0.216300056091816,10.8271045684814,229.988479614258,229.988479614258,2.49049302423225,2.49049302423225,0.521775425113578,35.8432775299114,35.8432775299114,6.32852171491126
167253.989633625,3,0,344.823808214544,43563.9141015236,494.978986259783,687.278800798151,846.968917295851,1005.2310707651,60662.7827990799,-551841.869205671,69.6466209886811,0.214011598448732,10.8202209472656,229.988647460938,229.988647460938,2.49276954837848,2.49276954837848,0.521661522383333,35.7614752386023,35.7614752386023,6.30723154112624
167254.229633625,3,0,343.99803635925,43682.6369687237,494.520144216256,689.400065787286,848.423611024105,1006.8826067571,60769.7392289105,-551568.230714786,69.6624637699434,0.21099654743153,10.8110456466675,229.988876342773,229.988876342773,2.49580822163324,2.49580822163324,0.521515933411138,35.6526173662174,35.6526173662174,6.27902326367055
167254.409633625,3,0,343.378780631734,43771.6068507391,494.176017305746,690.993150733938,849.518375576058,1008.12449168226,60849.9125503839,-551362.092565124,69.6744809323238,0.20876214643295,10.8041648864746,229.989028930664,229.989028930664,2.49808979285529,2.49808979285529,0.521379382925573,35.5711326625115,35.5711326625115,6.2578589026191
167254.589633625,3,0,342.759723790011,43860.5147346265,493.831529653393,692.587766539841,850.61589101101,1009.36870578772,60930.0204593199,-551155.207591292,69.6865517931002,0.206550611034037,10.7972869873047,229.989181518555,229.989181518555,2.50037322435522,2.50037322435522,0.521251939201588,35.4897740021791,35.4897740021791,6.23690544045737
167254.829633625,3,0,341.934612998639,43978.9620840692,493.371891471303,694.716205414357,852.083581205092,1011.03131192023,61036.7456617644,-550878.206622255,69.7027640236336,0.203637218874428,10.7881183624268,229.989379882813,229.989379882813,2.50342123047435,2.50342123047435,0.521082580951296,35.3815109606583,35.3815109606583,6.209181969586
167255.009633625,3,0,341.315874119375,44067.7251970503,493.027103251087,696.314624347143,853.188010124299,1012.28142217858,61116.740880618,-550669.54193801,69.7150493941737,0.201478594992908,10.7812442779541,229.989532470703,229.989532470703,2.50570967357646,2.50570967357646,0.520929020606018,35.3004811221726,35.3004811221726,6.1884160391869
167255.189633625,3,0,340.697355885325,44156.426183991,492.681916182902,697.914510263152,854.295109531543,1013.53378327133,61196.6676799979,-550460.129645765,69.7273825194117,0.199342301151353,10.7743711471558,229.989685058594,229.989685058594,2.50800042714647,2.50800042714647,0.520785785804853,35.2195817785288,35.2195817785288,6.16786553581332
167255.429633624,3,0,339.872994369021,44274.5974785626,492.22135903189,700.049846744406,855.77546950942,1015.20713847052,61303.15168238,-550179.761489858,69.7439454242784,0.196528434045536,10.765212059021,229.989883422852,229.989883422852,2.51105746927727,2.51105746927727,0.520592347656195,35.1119386606395,35.1119386606395,6.14065090022333
167255.609633624,3,0,339.254837931429,44363.1533803459,491.87576446519,701.653424691849,856.889313768129,1016.46523599257,61382.9577392449,-549968.562948804,69.7564776863082,0.194443775384657,10.7583436965942,229.990036010742,229.990036010742,2.51335303156064,2.51335303156064,0.520424207626056,35.0313569171617,35.0313569171617,6.12032958341387
167255.789633624,3,0,338.636921987397,44451.6470327968,491.529799198602,703.258374326285,858.00576021392,1017.72551054616,61462.6968218341,-549756.620001361,69.7690608270591,0.192381052788979,10.7514781951904,229.990158081055,229.990158081055,2.51565013349233,2.51565013349233,0.520262750770166,34.9509328955656,34.9509328955656,6.1000957538492
167256.029633624,3,0,337.813394691719,44569.5416475204,491.068009571529,705.400448797344,859.498448624568,1019.40930359928,61568.9167357871,-549472.866385107,69.7859295509602,0.189664349440219,10.7423276901245,229.990356445313,229.990356445313,2.51871646488195,2.51871646488195,0.520052824688036,34.8438979971094,34.8438979971094,6.0732769882009
167256.209633624,3,0,337.195882601181,44657.8898547119,490.721603700374,707.008943536435,860.621483916578,1020.67515928607,61648.5319497022,-549259.135315658,69.7987064475035,0.187651923095629,10.735466003418,229.990493774414,229.990493774414,2.52101878110382,2.52101878110382,0.519867634400934,34.7637890578738,34.7637890578738,6.0532976537634
167256.389633624,3,0,336.578631409108,44746.1756473698,490.37469257309,708.618804020142,861.747032792738,1021.94311777413,61728.0706544431,-549044.65229715,69.8115150710806,0.18566093532142,10.7286081314087,229.990631103516,229.990631103516,2.52332275215174,2.52332275215174,0.519692866303319,34.683802014889,34.683802014889,6.0334414283113
167256.629633624,3,0,335.756018438226,44863.7928571459,489.911710625527,710.767277547465,863.251763415671,1023.63705145898,61834.0273680505,-548757.517411775,69.8286930027871,0.183039142645016,10.7194681167603,229.990798950195,229.990798950195,2.52639761976098,2.52639761976098,0.519460996205386,34.5773903029819,34.5773903029819,6.00712948637351
167256.809633624,3,0,335.139210313543,44951.9328342242,489.564259116613,712.380582765202,864.383744933515,1024.91044420161,61913.434568313,-548541.239039865,69.8416809584867,0.181097140423568,10.7126140594482,229.990936279297,229.990936279297,2.5287066538744,2.5287066538744,0.519261720121943,34.4977359378089,34.4977359378089,5.98728837279355
167256.989633624,3,0,334.522682164535,45040.010200339,489.216418444909,713.995114004888,865.518184037122,1026.18586841197,61992.7726038713,-548324.217796502,69.8547157541718,0.179176059167164,10.7057638168335,229.991058349609,229.991058349609,2.5310171787889,2.5310171787889,0.519070831971334,34.4182251900033,34.4182251900033,5.96778164956747
167257.229633624,3,0,333.7010605649,45157.3492543021,488.752056381386,716.149781961465,867.034649146437,1027.88965257929,62098.4515637734,-548033.690090715,69.8721750700541,0.176646573981054,10.6966352462769,229.991241455078,229.991241455078,2.53410088400263,2.53410088400263,0.518820782621836,34.312431189597,34.312431189597,5.94161342023216
167257.409633623,3,0,333.085015200091,45245.2803525993,488.403588245408,717.767648178041,868.175363496354,1029.17036202137,62177.651253532,-547814.867710532,69.88537628583,0.174773217143434,10.6897897720337,229.99137878418,229.99137878418,2.53641642851386,2.53641642851386,0.518607393951088,34.2332514475622,34.2332514475622,5.92233723882488
167257.589633623,3,0,332.469266480886,45333.1486832673,488.054585748707,719.386751526704,869.318455424987,1030.4530392043,62256.7715206323,-547595.293006449,69.8986038079591,0.172920175491754,10.6829481124878,229.991485595703,229.991485595703,2.5387332983955,2.5387332983955,0.518403535152164,34.1541926397473,34.1541926397473,5.90299019272669
167257.829633623,3,0,331.648711340938,45450.2086818257,487.588774115056,721.547354087,870.846368100008,1032.16639161961,62362.1661151688,-547301.368361346,69.9163327961572,0.170480521968955,10.6738309860229,229.991653442383,229.991653442383,2.54182552571231,2.54182552571231,0.518134533205746,34.0490351692223,34.0490351692223,5.87740456570962
167258.009633623,3,0,331.033481354237,45537.9303005094,487.239091664343,723.169676696807,871.995592729493,1033.4542165656,62441.1435261577,-547079.98772239,69.9297187031186,0.168673982864242,10.6669950485229,229.991760253906,229.991760253906,2.54414703144009,2.54414703144009,0.517908180411873,33.9703140202053,33.9703140202053,5.85808198644362
167258.189633623,3,0,330.418566399682,45625.5889117834,486.8890686128,724.793057746388,873.147147788962,1034.74393873661,62520.0540732484,-546857.869256817,69.9431567425467,0.166887025072819,10.6601629257202,229.991897583008,229.991897583008,2.54647053882913,2.54647053882913,0.517689025127001,33.8917371529048,33.8917371529048,5.83906214760561
167258.429633623,3,0,329.59914875102,45742.3689717081,486.42156901524,726.959434161343,874.686207573566,1036.46658453803,62625.1462029011,-546560.531681909,69.961120325468,0.164534596440165,10.6510581970215,229.992050170898,229.992050170898,2.54957107869982,2.54957107869982,0.517404531243353,33.787185238593,33.787185238593,5.81368653621397
167258.609633623,3,0,328.984788665029,45829.8803581224,486.070782088751,728.585932825666,875.843745602956,1037.76131385706,62703.9072033473,-546336.601097605,69.9747041854936,0.162792713153984,10.6442317962646,229.992156982422,229.992156982422,2.55189889361126,2.55189889361126,0.517163924849232,33.7089436358766,33.7089436358766,5.79482888853777
167258.789633623,3,0,328.370759677615,45917.3285460541,485.719423173537,730.213548392702,877.003525822043,1039.0578785155,62782.5852228815,-546111.917413501,69.9883075825327,0.161069852781863,10.6374092102051,229.992263793945,229.992263793945,2.55422837481578,2.55422837481578,0.516932716762296,33.6308356193342,33.6308356193342,5.77594747252411
167259.029633623,3,0,327.552548312192,46033.8276744016,485.250320075708,732.385373629443,878.553475116863,1040.78954956023,62887.378541405,-545811.172305929,70.0065151186749,0.158801977154917,10.6283178329468,229.992431640625,229.992431640625,2.5573373517217,2.5573373517217,0.51663167450937,33.5269173444684,33.5269173444684,5.75103489359723
167259.209633622,3,0,326.939108773722,46121.1280969748,484.898186890515,734.015971598361,879.719101879228,1042.09098607716,62965.9052640637,-545584.67479703,70.0202618726696,0.157122756215088,10.6215019226074,229.992538452148,229.992538452148,2.55967125719159,2.55967125719159,0.516378606479568,33.4491446814845,33.4491446814845,5.73246640515475
167259.389633622,3,0,326.326015099389,46208.3651163755,484.545555077494,735.647586914275,880.886920710117,1043.39419960443,63044.3534674225,-545357.429101411,70.0340376986975,0.155461923651511,10.6146898269653,229.992645263672,229.992645263672,2.56200683064304,2.56200683064304,0.516134253164583,33.3715088254864,33.3715088254864,5.7136444241405
167259.629633622,3,0,325.509076046484,46324.5823019489,484.074762078569,737.824638999172,882.44749033338,1045.13463725869,63148.8400596021,-545053.269518056,70.0524750443626,0.15327582957063,10.6056127548218,229.992782592773,229.992782592773,2.56512351690046,2.56512351690046,0.515815803137545,33.2682266864271,33.2682266864271,5.68897400436889
167259.809633622,3,0,324.89660520789,46411.6710180965,483.721222473487,739.459169093324,883.621006895736,1046.44258938788,63227.1268552117,-544824.199958565,70.0663746309832,0.151657096386565,10.5988073348999,229.992889404297,229.992889404297,2.56746352039903,2.56746352039903,0.515551247910443,33.1909201386125,33.1909201386125,5.67031791851278
167259.989633622,3,0,324.284497211817,46498.6960469362,483.367317389824,741.09457725792,884.796663624886,1047.75225159775,63305.3435857678,-544594.392547902,70.0803208931509,0.150056119171679,10.5920066833496,229.992965698242,229.992965698242,2.56980462055139,2.56980462055139,0.515294782455255,33.1137717511522,33.1137717511522,5.65182501360291
167260.229633622,3,0,323.468894435408,46614.6302114588,482.894635576439,743.276695286032,886.3675732019,1049.50119918296,63409.5078582206,-544286.804192353,70.0989580043728,0.147948774760112,10.5829439163208,229.993103027344,229.993103027344,2.57292936299588,2.57292936299588,0.514961951618077,33.0111076044701,33.0111076044701,5.62748570504786
167260.409633622,3,0,322.857440992194,46701.5063499466,482.539815157358,744.914891070977,887.548797617001,1050.8154721881,63487.5615944843,-544055.170885024,70.1130259759246,0.146388412991841,10.5761499404907,229.993209838867,229.993209838867,2.57527523832637,2.57527523832637,0.514683947816099,32.9342939225994,32.9342939225994,5.6093559302309
167260.589633622,3,0,322.2463650833,46788.3185715935,482.184397116737,746.554023840192,888.732076238285,1052.13139567586,63565.5290227672,-543822.784435965,70.1271075396091,0.14484507449228,10.5693607330322,229.993301391602,229.993301391602,2.57762237980535,2.57762237980535,0.514416805819862,32.8576068954073,32.8576068954073,5.59113308208058
167260.829633622,3,0,321.432159328714,46903.9686076054,481.709872521519,748.740927795264,890.313078776456,1053.88860392938,63669.3719025103,-543511.769039575,70.1459484123344,0.142813427411565,10.5603141784668,229.993438720703,229.993438720703,2.58075472003291,2.58075472003291,0.514067622515771,32.7555970285614,32.7555970285614,5.56705640548044
167261.009633622,3,0,320.821768000009,46990.6313632616,481.353534151428,750.382721843893,891.501797015529,1055.20901236629,63747.1748659321,-543277.554816231,70.1601498728074,0.141309031265371,10.5535316467285,229.993515014648,229.993515014648,2.58310612788575,2.58310612788575,0.513779484848614,32.6792406124289,32.6792406124289,5.54889850569463
167261.189633621,3,0,320.211769145528,47077.2299158752,480.996763897271,752.025306388552,892.692527317465,1056.53101173961,63824.9022035478,-543042.599201853,70.1743873034703,0.139821001731676,10.5467538833618,229.993637084961,229.993637084961,2.58545948589486,2.58545948589486,0.513500303456674,32.6030437464736,32.6030437464736,5.53097120831561
167261.429633621,3,0,319.39902062165,47192.5946606119,480.520206381148,754.216841575086,894.283351548087,1058.29623367446,63928.4085708068,-542728.142718943,70.1934027823758,0.13786191458164,10.5377235412598,229.993743896484,229.993743896484,2.58859908157591,2.58859908157591,0.513137120567124,32.5016788867666,32.5016788867666,5.50714954595048
167261.609633621,3,0,318.789736173521,47279.0431400315,480.162379563963,755.862031741152,895.47938098897,1059.62259450081,64005.9610748104,-542491.348494938,70.2077399123662,0.136411079138489,10.5309534072876,229.993835449219,229.993835449219,2.59095630307666,2.59095630307666,0.512837923083452,32.4258148767538,32.4258148767538,5.48919055624674
167261.789633621,3,0,318.180857650893,47365.4271543853,479.804107081503,757.507962017752,896.677363209625,1060.95048957955,64083.4364779833,-542253.812192626,70.2221103645946,0.134975944702568,10.524188041687,229.993911743164,229.993911743164,2.59331478685107,2.59331478685107,0.51254788921231,32.3500851342389,32.3500851342389,5.47135047542727
167262.029633621,3,0,317.369623891105,47480.5054243474,479.32549481328,759.703893989631,898.277761341671,1062.72348409337,64186.6025696647,-541935.911637232,70.241294723996,0.133086180554731,10.5151748657227,229.994049072266,229.994049072266,2.59646208845785,2.59646208845785,0.512170892803121,32.2493531877628,32.2493531877628,5.44771981163888
167262.209633621,3,0,316.761488742686,47566.7387157027,478.966247412293,761.352264670242,899.480926467437,1064.05561829534,64263.9075108496,-541696.540745666,70.2557751510269,0.131686472233345,10.5084171295166,229.994110107422,229.994110107422,2.59882460606769,2.59882460606769,0.511860036823682,32.1739725871185,32.1739725871185,5.43000790955257
167262.389633621,3,0,316.15377390982,47652.9072618447,478.606403744881,763.00138995093,900.685966790123,1065.38922619967,64341.1245546282,-541456.4185181,70.2702668012935,0.130301609445509,10.5016651153564,229.994201660156,229.994201660156,2.6011886645574,2.6011886645574,0.511559814717464,32.0987305815131,32.0987305815131,5.41249658464683
167262.629633621,3,0,315.344110429142,47767.6978299483,478.125716170964,765.201492182444,902.295696599644,1067.16975871971,64443.9466784002,-541135.070561906,70.2896145315941,0.128477737507729,10.4926691055298,229.99430847168,229.99430847168,2.60434297912748,2.60434297912748,0.511169084515608,31.9986381658067,31.9986381658067,5.38903907625271
167262.809633621,3,0,314.737166791696,47853.7150098089,477.764902116826,766.852935601868,903.505797732313,1068.50748630997,64520.9923812166,-540893.112387965,70.3042155908021,0.127126526265039,10.4859247207642,229.994400024414,229.994400024414,2.60671124302334,2.60671124302334,0.510847858351115,31.9237334507253,31.9237334507253,5.37153682722052
167262.989633621,3,0,314.130656136535,47939.6671709946,477.40341167982,768.505120112265,904.717711290267,1069.84663459128,64597.9441946609,-540650.397393238,70.3188157840477,0.125789345816186,10.4791860580444,229.994491577148,229.994491577148,2.6090806995699,2.6090806995699,0.510539525048887,31.8489810243808,31.8489810243808,5.35414549798427
167263.22963362,3,0,313.32261735028,48054.1687817947,476.920708714209,770.709127402154,906.336538743447,1071.63447100808,64700.4240605724,-540325.604637318,70.3383325720185,0.124027745887553,10.4702072143555,229.994567871094,229.994567871094,2.61224201993451,2.61224201993451,0.510133171533729,31.7495347004532,31.7495347004532,5.3308891813669
167263.40963362,3,0,312.716905617875,48139.9688983285,476.558232612447,772.363518531943,907.553388969345,1072.97761989123,64777.20229133,-540081.051210949,70.3530387176521,0.122722272066483,10.4634771347046,229.994659423828,229.994659423828,2.61461544181206,2.61461544181206,0.509802841790741,31.6751171123539,31.6751171123539,5.31366859196998
167263.58963362,3,0,312.111638468308,48225.7037182669,476.195232940704,774.018522457329,908.772013753988,1074.32213733595,64853.8964472839,-539835.751283685,70.3677648630525,0.121430064561426,10.4567527770996,229.994720458984,229.994720458984,2.61698970454521,2.61698970454521,0.509481764672709,31.6008494774052,31.6008494774052,5.29644930824332
167263.82963362,3,0,311.305277806079,48339.9150721245,475.71026518167,776.226327131184,910.399674500592,1076.11704612475,64956.0147193513,-539507.495482684,70.3874124759437,0.119727133100993,10.447793006897,229.994842529297,229.994842529297,2.62015841192786,2.62015841192786,0.509064934015074,31.5020473152289,31.5020473152289,5.27351921019963
167264.00963362,3,0,310.700835522934,48425.4971783931,475.346220522852,777.883454306973,911.623111735277,1077.465450228,65032.5300549958,-539260.351145388,70.4022349612804,0.118464638418285,10.4410772323608,229.994903564453,229.994903564453,2.62253663469585,2.62253663469585,0.508723716531951,31.428115819041,31.428115819041,5.2563339528459
167264.18963362,3,0,310.096851743291,48511.0136708402,474.981550186071,779.541184282178,912.848251906758,1078.81516306562,65108.9537584303,-539012.454614668,70.4170618867156,0.117214417572756,10.4343662261963,229.994995117188,229.994995117188,2.62491662819082,2.62491662819082,0.508393548244113,31.3543310060369,31.3543310060369,5.239348271783
167264.42963362,3,0,309.292218899714,48624.9334930897,474.49441591615,781.752520496532,914.484529141029,1080.61692500955,65210.7147293605,-538680.739795943,70.4368515245836,0.11556625613409,10.42542552948,229.995071411133,229.995071411133,2.62809166805835,2.62809166805835,0.50796411448389,31.2561797189174,31.2561797189174,5.21646061875862
167264.60963362,3,0,308.689085836282,48710.2965845283,474.128720089014,783.412251564633,915.714365462732,1081.97041036029,65286.9597026854,-538430.998531476,70.4517762298577,0.114343753477456,10.4187240600586,229.995147705078,229.995147705078,2.63047520309227,2.63047520309227,0.507613315330213,31.1827281271628,31.1827281271628,5.19950280780336
167264.78963362,3,0,308.086422749501,48795.5937688461,473.762317867209,785.072575581008,916.945845053189,1083.32515485624,65363.1069836142,-538180.499397841,70.4666930609338,0.113132734392049,10.4120273590088,229.995239257813,229.995239257813,2.63286033195786,2.63286033195786,0.507275928962999,31.1094288378536,31.1094288378536,5.18269242325315
167265.029633619,3,0,307.283568210454,48909.2207128623,473.273024532611,787.287220609601,918.590509141825,1085.13354783219,65464.5087287924,-537845.324394139,70.4866228173498,0.111535238663503,10.4031066894531,229.995315551758,229.995315551758,2.63604197017706,2.63604197017706,0.506832132484875,31.0119263821884,31.0119263821884,5.16006312630439
167265.209633619,3,0,306.68178082466,48994.3637890568,472.905649394228,788.949410551952,919.826573675304,1086.49195298832,65540.4796147553,-537592.982373196,70.501643598217,0.110349689086557,10.3964204788208,229.995391845703,229.995391845703,2.63843039107802,2.63843039107802,0.506472012677732,30.9389609910562,30.9389609910562,5.14332789273279
167265.389633619,3,0,306.080474694206,49079.4406740353,472.537555200383,790.612148160621,921.064226801751,1087.85156572386,65616.3513432201,-537339.881861702,70.5166537572206,0.109174654882196,10.3897390365601,229.995452880859,229.995452880859,2.64082005159466,2.64082005159466,0.506125081257155,30.8661481839293,30.8661481839293,5.12655940621352
167265.629633619,3,0,305.279447202131,49192.7733912903,472.046004304333,792.829933133952,922.717038453758,1089.66636925824,65717.3846719865,-537001.238587193,70.53670643715,0.107623724571781,10.3808393478394,229.995544433594,229.995544433594,2.64400820236249,2.64400820236249,0.505669819651368,30.7692950124327,30.7692950124327,5.10420278159049
167265.809633619,3,0,304.679041435575,49277.6954420618,471.676928534446,794.494431458725,923.959158475423,1091.02953041549,65793.0781505803,-536746.293206062,70.5518178841263,0.106471994253908,10.3741683959961,229.99560546875,229.99560546875,2.64640131890345,2.64640131890345,0.505300636763445,30.6968329798076,30.6968329798076,5.08768590576901
167265.989633619,3,0,304.079127726955,49362.5510073516,471.307124850666,796.159432667745,925.202814609222,1092.39384958465,65868.6712708134,-536490.588789205,70.566916522715,0.105329882031234,10.3675022125244,229.995666503906,229.995666503906,2.6487958454393,2.6487958454393,0.504944000611087,30.6245093659,30.6245093659,5.07099100041456
167266.229633619,3,0,303.279974482024,49475.5881389177,470.813289802429,798.38016002815,926.863546473352,1094.2148484646,65969.3318733169,-536148.473774159,70.5870851481441,0.103823143430088,10.3586225509644,229.995742797852,229.995742797852,2.65199038073486,2.65199038073486,0.504477935384208,30.5283088945692,30.5283088945692,5.048881988638
167266.409633619,3,0,302.680985444821,49560.2881410328,470.442494644615,800.046818636144,928.111551903791,1095.58260465129,66044.7447827683,-535890.922570358,70.6022821642637,0.102705316890307,10.3519668579102,229.995803833008,229.995803833008,2.6543883531368,2.6543883531368,0.50409990695819,30.4563206510756,30.4563206510756,5.03252653652508
167266.589633619,3,0,302.082499489433,49644.9213478639,470.070964701387,801.713933945613,929.361040574569,1096.95146875911,66120.0562562657,-535632.612130398,70.6174644035873,0.101597896143227,10.3453168869019,229.995864868164,229.995864868164,2.65678748590303,2.65678748590303,0.503734626098955,30.3844800243691,30.3844800243691,5.01600322713705
167266.829633619,3,0,301.285266236719,49757.661519521,469.574820669134,803.937409648132,931.029468297432,1098.77845114223,66220.3399163627,-535287.022040271,70.6377421631123,0.100137442261109,10.3364591598511,229.995956420898,229.995956420898,2.65998824722499,2.65998824722499,0.503257248437972,30.288932034486,30.288932034486,4.99408972989961
167267.009633618,3,0,300.687728113622,49842.1384391822,469.202288632009,805.606082623318,932.283190890624,1100.15064348059,66295.4691589898,-535026.862718244,70.6530197549801,0.0990541749037882,10.3298196792603,229.996002197266,229.996002197266,2.66239063720825,2.66239063720825,0.502870586515657,30.2174331907939,30.2174331907939,4.97787933670995
167267.189633618,3,0,300.090704143158,49926.5482455983,468.829018280734,807.275162634247,933.538342323563,1101.52389180224,66370.4960947711,-534765.944610983,70.6682809713873,0.0979811859691693,10.3231859207153,229.996063232422,229.996063232422,2.66479435713415,2.66479435713415,0.502496887357479,30.1460856673888,30.1460856673888,4.96155046607218
167267.429633618,3,0,299.295435534734,50038.9905539661,468.350512709543,809.542850953082,935.260300817123,1103.40279388315,66471.9487681616,-534410.93213509,70.693150221078,0.0965702332858613,9.61434936523438,229.996154785156,229.996154785156,2.86225275553085,2.86225275553085,0.501361336097192,30.0509604832096,30.0509604832096,4.94076202355193
167267.609633618,3,0,298.700246349414,50123.2519971516,468.032924289524,811.338545186425,936.656315370919,1104.91665188508,66551.807600732,-534130.094558357,70.7216323114285,0.095540429814604,9.60773658752441,229.996200561523,229.996200561523,2.86496594568609,2.86496594568609,0.500076018168405,29.9791529132185,29.9791529132185,4.92584788717388
167267.789633618,3,0,298.106674562909,50207.4561563027,467.71300722097,813.131087086478,938.049903741864,1106.42766811756,66631.4401904419,-533848.905459906,70.7497729481456,0.0945280965887549,9.60114097595215,229.99626159668,229.99626159668,2.86767752763167,2.86767752763167,0.499062722027167,29.9075085535744,29.9075085535744,4.90993502051391
167268.029633618,3,0,297.317241535902,50319.6386991951,467.283728250533,815.517883470335,939.906112836623,1108.43980227327,66737.340932051,-533473.204998859,70.7869576127527,0.0931919847046272,9.59237003326416,229.996322631836,229.996322631836,2.87129092902854,2.87129092902854,0.497750510152182,29.8122787051038,29.8122787051038,4.88737688185586
167268.209633618,3,0,296.726316875048,50403.707896899,466.960468963021,817.306569988085,941.298097798913,1109.9482345182,66816.6199725145,-533190.694193463,70.8147455946046,0.0922001318408368,9.5858039855957,229.996398925781,229.996398925781,2.87400156943493,2.87400156943493,0.496720702994535,29.7410800205248,29.7410800205248,4.87030290909318
167268.389633618,3,0,296.136724460672,50487.7187141217,466.635382169999,819.092980269823,942.688649671906,1111.45482296378,66895.7136217508,-532907.708372212,70.8422972166342,0.091217187039106,9.57925319671631,229.996444702148,229.996444702148,2.87671054204292,2.87671054204292,0.495726215454032,29.6700623396696,29.6700623396696,4.85320634386587
167268.629633618,3,0,295.352557850342,50599.6417971352,466.199194595018,821.471718814702,944.54087992708,1113.46114164416,67000.8930563753,-532529.598389129,70.8786929191244,0.0899201644861685,9.57054042816162,229.996505737305,229.996505737305,2.88032110965622,2.88032110965622,0.494441973267229,29.575649733985,29.575649733985,4.83062185065001
167268.809633617,3,0,294.765558025603,50683.5152586156,465.870558524042,823.254520481095,945.929903741319,1114.96526509596,67079.6165142775,-532245.258035266,70.9058599380679,0.0889577119478851,9.56401824951172,229.996551513672,229.996551513672,2.88302911737931,2.88302911737931,0.493437317918696,29.5050407066271,29.5050407066271,4.81373860202515
167268.989633617,3,0,294.179860849165,50767.329367114,465.540291141205,825.035043878314,947.317574155115,1116.4676176616,67158.167073707,-531960.445359589,70.9328188761635,0.0880040823268078,9.55751037597656,229.996612548828,229.996612548828,2.88573626309825,2.88573626309825,0.49246435927613,29.4346117999109,29.4346117999109,4.79710228927287
167269.229633617,3,0,293.400845018781,50878.9887434528,465.097177366267,827.406066809223,949.166046478053,1118.46839104761,67262.6195892708,-531579.882734661,70.9684208201503,0.0867461425262155,9.54885482788086,229.996673583984,229.996673583984,2.88934406034792,2.88934406034792,0.491207931757335,29.340978206665,29.340978206665,4.7748565845255
167269.409633617,3,0,292.817684595096,50962.6633252545,464.763528060026,829.183062281147,950.552306708444,1119.96840481036,67340.809077707,-531293.706574789,70.9950182470237,0.0858129138195008,9.54237461090088,229.996719360352,229.996719360352,2.89205022552117,2.89205022552117,0.490222750437371,29.2709670516409,29.2709670516409,4.75844605002871
167269.589633617,3,0,292.235799829984,51046.2776469752,464.428075718128,830.957936107549,951.937250608127,1121.46671121568,67418.812936052,-531007.036834512,71.021381874547,0.0848885006694418,9.53590965270996,229.996765136719,229.996765136719,2.89475499673756,2.89475499673756,0.489273189264044,29.2011232294111,29.2011232294111,4.74219110371009
167269.829633617,3,0,291.461826049501,51157.6692083167,463.97831532598,833.321423357417,953.782193018493,1123.46218698176,67522.5533506823,-530624.001288203,71.0562283877702,0.083669511280239,9.52730941772461,229.996826171875,229.996826171875,2.89836038310117,2.89836038310117,0.488042708645676,29.1082700889058,29.1082700889058,4.72066137332584
167270.009633617,3,0,290.882422843988,51241.1419129885,463.639661380723,835.092842934533,955.165845246632,1124.95827970494,67600.2062760047,-530335.959608565,71.0822557777904,0.0827654356796975,9.52087211608887,229.996871948242,229.996871948242,2.90106425388272,2.90106425388272,0.487077675108636,29.0388194135051,29.0388194135051,4.70443981006482
167270.189633617,3,0,290.304268870584,51324.5534670277,463.299339225061,836.862156574037,956.548245951099,1126.45272802987,67677.681913369,-530047.423925139,71.1080686727739,0.081870109422519,9.51444816589355,229.996917724609,229.996917724609,2.90376725907479,2.90376725907479,0.48614650438186,28.9695567422572,28.9695567422572,4.68840741903868
167270.429633617,3,0,289.535231494496,51435.673291457,462.843147608585,839.218310126844,958.389874393703,1128.4431465958,67780.7208464175,-529661.890895863,71.1421890927384,0.0806897534437273,9.50590324401855,229.996994018555,229.996994018555,2.90737021487937,2.90737021487937,0.484941392014843,28.8774824827721,28.8774824827721,4.6673233236336
167270.609633617,3,0,288.959508514347,51518.9411724784,462.499625634277,840.984307580911,959.771071302522,1129.93549087063,67857.8434685419,-529371.964567663,71.1676645644548,0.0798145684137759,9.4995059967041,229.997024536133,229.997024536133,2.91007231024008,2.91007231024008,0.483996985166484,28.8086007134782,28.8086007134782,4.65147082163814
167270.789633616,3,0,288.385008876287,51602.1470496481,462.154524140108,842.748234651549,961.151076153729,1131.42625237932,67934.7940310902,-529081.540620501,71.1929382019862,0.0789480882172213,9.49312305450439,229.9970703125,229.9970703125,2.9127733923887,2.9127733923887,0.48308479779903,28.7399063040328,28.7399063040328,4.63573195001005
167271.029633616,3,0,287.620806597562,51712.9913237494,461.692036128531,845.09727891404,962.989588236769,1133.41184159913,68037.1367303776,-528693.481029317,71.2263500849805,0.0778060914670789,9.48463153839111,229.997146606445,229.997146606445,2.91637410036857,2.91637410036857,0.481904104272304,28.6485865759333,28.6485865759333,4.61491401875006
167271.209633616,3,0,287.048689304191,51796.0515468371,461.343880268524,846.857958379447,964.368486384651,1134.90060442221,68113.7421563406,-528401.657793448,71.2513064112787,0.0769595491989881,9.47827529907227,229.997177124023,229.997177124023,2.91907416569402,2.91907416569402,0.48097818155693,28.5802716544829,28.5802716544829,4.59936583174029
167271.389633616,3,0,286.477770696702,51879.0489343315,460.994155966247,848.616633867143,965.746241572305,1136.38784233607,68190.1754518509,-528109.328371025,71.2760621163977,0.0761215968454003,9.47193145751953,229.997222900391,229.997222900391,2.92177375617713,2.92177375617713,0.480084106509908,28.5121417250768,28.5121417250768,4.58391616380833
167271.629633616,3,0,285.71830749226,51989.6139440321,460.525577439958,850.95874363372,967.581826432827,1138.36881390534,68291.8321763232,-527718.719705039,71.3087934738965,0.0750174793832994,9.46349239349365,229.997268676758,229.997268676758,2.92537191881804,2.92537191881804,0.478926679232552,28.4215600128629,28.4215600128629,4.56341161450636
167271.809633616,3,0,285.14972435786,52072.4637691849,460.172897856316,852.714254662818,968.958562595246,1139.85415261112,68367.9251025147,-527424.979658857,71.3332452095036,0.0741992780965309,9.45717525482178,229.997314453125,229.997314453125,2.92807058275006,2.92807058275006,0.478018697369526,28.3538051651759,28.3538051651759,4.54808365228721
167271.989633616,3,0,284.582316500363,52155.2499545943,459.818699407569,854.467806934248,970.334205009744,1141.33802062701,68443.848500099,-527130.727880003,71.3575032225262,0.0733895022217787,9.45087051391602,229.997360229492,229.997360229492,2.9307685326445,2.9307685326445,0.477141824413551,28.2862210547111,28.2862210547111,4.53278696092357
167272.229633616,3,0,283.827500390555,52265.5321245008,459.344231130519,856.803148159524,972.167041906358,1143.31457539145,68544.8293065242,-526737.54815133,71.3895814783163,0.0723227449648123,9.44248390197754,229.997406005859,229.997406005859,2.9343643370972,2.9343643370972,0.476006511773166,28.1963850797295,28.1963850797295,4.5124594178568
167272.409633616,3,0,283.262383488184,52348.1689026215,458.987180953222,858.553612683121,973.541749557062,1144.79663931837,68620.4175046171,-526441.874986407,71.4135496616022,0.0715324134925703,9.43620491027832,229.997451782227,229.997451782227,2.93706155395505,2.93706155395505,0.475115525421786,28.129183650527,28.129183650527,4.49720941173319
167272.589633615,3,0,282.698419747903,52430.7412630885,458.628662872615,860.302157376757,974.915407815173,1146.27728146394,68695.8388850084,-526145.685315509,71.4373311667222,0.0707504084578471,9.42993831634521,229.997497558594,229.997497558594,2.93975801187031,2.93975801187031,0.474254959063785,28.0621553137745,28.0621553137745,4.48198895923983
167272.829633615,3,0,281.948163681637,52540.7371395779,458.148513099651,862.630877271997,976.745663148025,1148.24960587418,68796.1544794136,-525749.91458758,71.4687849027615,0.0697204611514949,9.42160224914551,229.997528076172,229.997528076172,2.9433516598714,2.9433516598714,0.473140519320646,27.9730459440159,27.9730459440159,4.46168012235592
167273.009633615,3,0,281.386448779096,52623.1583154277,457.787249740205,864.376399396228,978.118462078029,1149.72852936733,68871.2460786856,-525452.294171863,71.4922910836107,0.0689575284749346,9.41536140441895,229.997573852539,229.997573852539,2.94604728508803,2.94604728508803,0.472265564660694,27.9063881629777,27.9063881629777,4.44641634805249
167273.189633615,3,0,280.825866124122,52705.5143241036,457.424572574952,866.120037272436,979.490254448805,1151.20607800976,68946.1738289343,-525154.152828232,71.5156181659557,0.0682027717778483,9.40913200378418,229.997604370117,229.997604370117,2.94874220959782,2.94874220959782,0.471420321597875,27.8399106144586,27.8399106144586,4.43115078101968
167273.429633615,3,0,280.080087972161,52815.2205833381,456.93895581851,868.442262860518,981.318079557697,1153.17434174755,69045.8354545811,-524755.773623172,71.546476850386,0.0672089119292103,9.40084552764893,229.997650146484,229.997650146484,2.95233419958468,2.95233419958468,0.470325468784812,27.7515161079913,27.7515161079913,4.41073109689915
167273.609633615,3,0,279.521714706338,52897.4236934939,456.573642855803,870.182933572028,982.689080650964,1154.65024900615,69120.4391116835,-524456.193380557,71.5695435583467,0.0664728632744701,9.3946418762207,229.997695922852,229.997695922852,2.9550283893314,2.9550283893314,0.469465538624813,27.6854109187764,27.6854109187764,4.39536325630819
167273.789633615,3,0,278.964454081135,52979.5609195932,456.206969732457,871.921751000317,984.059113620686,1156.12482372235,69194.8818761187,-524156.088361347,71.5924386451615,0.0657447852949782,9.38844966888428,229.99772644043,229.99772644043,2.95772183522106,2.95772183522106,0.468634615826486,27.619462387061,27.619462387061,4.37994148261411
167274.029633615,3,0,278.223077092068,53088.9743661974,455.716108369325,874.237590798267,985.884646696579,1158.08918172887,69293.9014483234,-523755.085513204,71.6227329565554,0.0647862603197535,9.38021278381348,229.997772216797,229.997772216797,2.96131178503223,2.96131178503223,0.467557982939996,27.5317908982732,27.5317908982732,4.35927342303909
167274.209633615,3,0,277.667989069521,53170.9570505619,455.346914195609,875.973486947207,987.253950157665,1159.5621851718,69368.0262409984,-523453.534672241,71.6453834403587,0.0640765127783402,9.37404441833496,229.997802734375,229.997802734375,2.96400480534289,2.96400480534289,0.466711989813107,27.4662274782363,27.4662274782363,4.343708341425
167274.389633615,3,0,277.113995461983,53252.8731601866,454.976414133282,877.707554265051,988.622318295272,1161.03389240517,69441.9931455773,-523151.456114267,71.6678697842171,0.0633744874176883,9.36788940429688,229.997848510742,229.997848510742,2.96669682967766,2.96669682967766,0.465894364363993,27.4008261057021,27.4008261057021,4.3280527566771
167274.629633614,3,0,276.376948282348,53361.9907297192,454.480532084976,880.017094604757,990.445677884882,1162.99447880107,69540.3827550056,-522747.817481466,71.6976304218215,0.0624504118880323,9.35970020294189,229.99787902832,229.99787902832,2.97028496134071,2.97028496134071,0.46483461048083,27.3138659768694,27.3138659768694,4.30702471743563
167274.809633614,3,0,275.825093253646,53443.7507257907,454.107625361275,881.748275227451,991.813367664421,1164.46467375759,69614.0378172728,-522444.287761979,71.7198877511527,0.0617662577728388,9.3535680770874,229.997909545898,229.997909545898,2.97297657248553,2.97297657248553,0.464001521327388,27.2488404139458,27.2488404139458,4.29115471813546
167274.989633614,3,0,275.274315735331,53525.4434908673,453.733467992121,883.477649338344,993.180153273595,1165.93360699012,69687.5381076082,-522140.22762581,71.7419886368966,0.0610896407231208,9.34744834899902,229.997924804688,229.997924804688,2.97566705212263,2.97566705212263,0.463196113551917,27.1839708382478,27.1839708382478,4.27516543599526
167275.229633614,3,0,274.54153491077,53634.2621675098,453.232997343867,885.780860867598,995.001448923894,1167.89052894847,69785.3243229449,-521733.95961282,71.7712774693055,0.06019906302427,9.33930683135986,229.997970581055,229.997970581055,2.97925357997039,2.97925357997039,0.462150302979564,27.0977502255262,27.0977502255262,4.25453692870839
167275.409633614,3,0,273.992867070489,53715.7971914434,452.85653755809,887.507368683654,996.367589334823,1169.35799108694,69858.5182064379,-521428.445123939,71.7931630210618,0.0595397465304548,9.33320999145508,229.998016357422,229.998016357422,2.98194414784266,2.98194414784266,0.461329304840426,27.0332507620565,27.0332507620565,4.23939907246424
167275.589633614,3,0,273.445260325477,53797.2643144189,452.478960884374,889.232055804338,997.732859593695,1170.82422239528,69931.5659032906,-521122.403469543,71.8149117770276,0.0588877470717407,9.32712554931641,229.998046875,229.998046875,2.98463354114218,2.98463354114218,0.460533220984402,26.96892136723,26.96892136723,4.22439422244902
167275.829633614,3,0,272.716683568392,53905.7811300753,451.973590023995,891.529221165985,999.552138846196,1172.77758479559,70028.7238937469,-520713.460839437,71.8436780988952,0.058029662139416,9.31903076171875,229.998077392578,229.998077392578,2.98821819691483,2.98821819691483,0.459506220690481,26.8833848752495,26.8833848752495,4.20511139315566
167276.009633614,3,0,272.171154019864,53987.0890354541,451.593594841258,893.25117017751,1000.91679370722,1174.24240059864,70101.4554610972,-520405.943580523,71.8651923283246,0.0573944143611002,9.31296920776367,229.998107910156,229.998107910156,2.99090719383349,2.99090719383349,0.458697595095268,26.819416950526,26.819416950526,4.19075306254839
167276.189633614,3,0,271.626669915916,54068.3284069097,451.212381849273,894.971381313632,1002.28059290027,1175.70601547116,70174.0331401991,-520097.886165402,71.8865536558458,0.0567662459569881,9.30691909790039,229.998123168945,229.998123168945,2.99359527916206,2.99359527916206,0.457916012742745,26.755592371655,26.755592371655,4.17649529773226
167276.429633613,3,0,270.902231062918,54176.5406117155,450.702372601491,897.262558205112,1004.09796684656,1177.6559399711,70270.577986915,-519686.259915809,71.9148346238671,0.0559394733922957,9.29887008666992,229.998168945313,229.998168945313,2.99717859153296,2.99717859153296,0.456902690349414,26.670763502292,26.670763502292,4.15781564284131
167276.609633613,3,0,270.3597922774,54257.619317502,450.318893608709,898.980045443321,1005.46120166133,1179.1181941515,70342.8484862737,-519376.724121305,71.9359831921336,0.0553274502736306,9.29284286499023,229.998199462891,229.998199462891,2.99986639129028,2.99986639129028,0.456106070240342,26.6072974617165,26.6072974617165,4.14397965881322
167276.789633613,3,0,269.818383144957,54338.6288618074,449.934221710437,900.695824934663,1006.82360566333,1180.57927744016,70414.9661569905,-519066.643747955,71.9569819860383,0.0547222226719185,9.28682708740234,229.99821472168,229.99821472168,3.00255323830428,3.00255323830428,0.455336140743702,26.5439929510014,26.5439929510014,4.13024780909942
167277.029633613,3,0,269.098020585708,54446.5336842441,449.419597819359,902.981156588925,1008.63915453386,1182.52587283626,70510.8964520043,-518652.310065269,71.9847782718989,0.0539256308813557,9.27882289886475,229.998260498047,229.998260498047,3.00613514656457,3.00613514656457,0.454338163131236,26.4598337121096,26.4598337121096,4.1120926077519
167277.209633613,3,0,268.558626201218,54527.3811395867,449.032784809719,904.694235344735,1010.00104024697,1183.98564731069,70582.7140354428,-518340.746875286,72.0055820165326,0.0533358795843998,9.27283000946045,229.998275756836,229.998275756836,3.00882142116585,3.00882142116585,0.453551967697987,26.3968762629494,26.3968762629494,4.09860230789425
167277.389633613,3,0,268.020247535728,54608.1587885231,448.644738025442,906.405656836324,1011.36210908992,1185.44427480236,70654.3752603711,-518028.631079942,72.0262288279903,0.0527526482060523,9.26684761047363,229.998306274414,229.998306274414,3.01150741054497,3.01150741054497,0.452793884443948,26.3340869280955,26.3340869280955,4.08557429859764
167277.629633613,3,0,267.30390251644,54715.7534639592,448.125640647288,908.685226663875,1013.17591313785,1187.38763975969,70749.6978074259,-517611.575593173,72.0535589625919,0.0519849387604735,9.25888824462891,229.998352050781,229.998352050781,3.01508774614028,3.01508774614028,0.45181054114731,26.2505919830646,26.2505919830646,4.06840398656751
167277.809633613,3,0,266.767508745917,54796.3676031992,447.735404913405,910.394039437208,1014.53649508323,1188.84500863708,70821.0540707245,-517297.960560658,72.0740019278178,0.0514164776134914,9.25292873382568,229.99836730957,229.99836730957,3.01777287655995,3.01777287655995,0.451037094884863,26.1881471430557,26.1881471430557,4.05568899149047
167277.989633613,3,0,266.232114319509,54876.9113678742,447.344021857971,912.101204431764,1015.89629442081,1190.30126503435,70892.2593954251,-516983.7917106,72.0943008534755,0.0508542303639768,9.24697971343994,229.998397827148,229.998397827148,3.02045768425091,3.02045768425091,0.450289538951373,26.1258382318758,26.1258382318758,4.04305517786893
167278.229633613,3,0,265.519726933045,54984.1932705175,446.820513895995,914.37513588935,1017.70843603212,1192.24150600546,70986.9756866635,-516563.992675705,72.1211718713792,0.0501140319035768,9.23906421661377,229.998413085938,229.998413085938,3.02403619007203,3.02403619007203,0.449320557860254,26.0430013173032,26.0430013173032,4.02642219319462
167278.409633612,3,0,264.986289144534,55064.5721419844,446.426992535423,916.079736978336,1019.06778192941,1193.69654789671,71057.8780188173,-516248.315851198,72.1412731744798,0.0495658533567337,9.2331371307373,229.998458862305,229.998458862305,3.02672076525999,3.02672076525999,0.448558260106703,25.9810516535225,25.9810516535225,4.01408470056047
167278.589633612,3,0,264.453836068686,55144.8800529413,446.032351112692,917.782715289125,1020.42636712435,1195.15050367919,71128.6306818613,-515932.081221502,72.1612339741366,0.0490235559870425,9.22722053527832,229.998474121094,229.998474121094,3.02940437847326,3.02940437847326,0.447821403873767,25.9192457857179,25.9192457857179,4.00182354777319
167278.829633612,3,0,263.745349257757,55251.8465801785,445.504538863771,920.051098583485,1022.23691879764,1197.08771290266,71222.7452338118,-515509.521978586,72.1876592971324,0.0483093928470219,9.2193489074707,229.998504638672,229.998504638672,3.03298149151268,3.03298149151268,0.44686623243405,25.8370617943247,25.8370617943247,3.98564663895231
167279.009633612,3,0,263.214825119293,55331.988248363,445.1078122444,921.751552794918,1023.59508087956,1198.54049460237,71293.1970756279,-515191.771241678,72.2074290717268,0.0477803704247984,9.213454246521,229.998519897461,229.998519897461,3.03566458698363,3.03566458698363,0.446114641070465,25.7755903111468,25.7755903111468,3.97360317413144
167279.189633612,3,0,262.685271672247,55412.0583846649,444.709994292392,923.450406803373,1024.95250272823,1199.99221485713,71363.5006319351,-514873.459011685,72.2270621080553,0.0472568683029985,9.20757007598877,229.998550415039,229.998550415039,3.03834728552439,3.03834728552439,0.445388092582316,25.7142743841776,25.7142743841776,3.96164046602174
167279.429633612,3,0,261.980630605796,55518.7069982411,444.177988742759,925.713322581385,1026.76153087668,1201.92647736177,71457.018345244,-514448.124082833,72.2530558793708,0.0465672550121124,9.19974040985107,229.998565673828,229.998565673828,3.04192306924332,3.04192306924332,0.444446145262252,25.6327357568214,25.6327357568214,3.94582087839882
167279.609633612,3,0,261.452979515443,55598.6095758529,443.77814247462,927.409687708463,1028.11855765458,1203.37706108007,71527.0235536902,-514128.28818027,72.2725051048356,0.0460561834004385,9.19387817382813,229.998580932617,229.998580932617,3.04460496502967,3.04460496502967,0.443704798288653,25.5717435593013,25.5717435593013,3.93403665780415
167279.789633612,3,0,260.926285698756,55678.440064052,443.377233170738,929.104473343038,1029.4748628695,1204.82660611406,71596.8818444092,-513807.887308235,72.2918212845699,0.0455503243376922,9.18802547454834,229.998611450195,229.998611450195,3.04728674282998,3.04728674282998,0.442988083056843,25.5109052607808,25.5109052607808,3.92232473043218
167280.029633612,3,0,260.225437852426,55784.7682910507,442.841149964628,931.361992471584,1031.28242742841,1206.75799978923,71689.8080031457,-513379.762424278,72.3173983750339,0.0448836317446943,9.18023872375488,229.998626708984,229.998626708984,3.05086092410518,3.05086092410518,0.442058741015959,25.4300038654538,25.4300038654538,3.90679537955439
167280.209633611,3,0,259.700621045559,55864.4299406852,442.438271008341,933.054320567168,1032.63836302062,1208.20644282394,71759.3705804641,-513057.830786173,72.336538264211,0.0443893176787185,9.17440700531006,229.998657226563,229.998657226563,3.05354233589155,3.05354233589155,0.441327169846631,25.3694957214099,25.3694957214099,3.89523224305208
167280.389633611,3,0,259.176748684693,55944.0189614306,442.034358752348,934.745087914844,1033.99359461194,1209.65386861503,71828.7877242485,-512735.330946051,72.3555490436792,0.0438998006914793,9.16858673095703,229.998672485352,229.998672485352,3.05622255478749,3.05622255478749,0.440619791723585,25.3091304202487,25.3091304202487,3.88371007213698
167280.629633611,3,0,258.479644263276,56050.0243969212,441.49431519261,936.997275520653,1035.79975124563,1211.58246617738,71921.1278111215,-512304.402506487,72.3807246732445,0.043254340719273,9.16084098815918,229.99870300293,229.99870300293,3.059795812671,3.059795812671,0.439702444450298,25.2288756138299,25.2288756138299,3.86845033526265
167280.809633611,3,0,257.957624879637,56129.443338595,441.088455152117,938.685627988738,1037.15463334119,1213.02882161297,71990.2493379951,-511980.362574609,72.3995609210575,0.0427754732693808,9.1550407409668,229.998718261719,229.998718261719,3.06247590215478,3.06247590215478,0.43898139056969,25.1688375451784,25.1688375451784,3.85700372223176
167280.989633611,3,0,257.436535820171,56208.7891807816,440.681548427304,940.372461889369,1038.50883202992,1214.47418738739,72059.2239638129,-511655.746930766,72.4182655191161,0.042301035041356,9.14925098419189,229.998748779297,229.998748779297,3.06515548564814,3.06515548564814,0.438282524968062,25.1089353584819,25.1089353584819,3.84508147194634
167281.229633611,3,0,256.743126081224,56314.4696007597,440.137684286058,942.619373244696,1040.31363729642,1216.40006049761,72150.9851150743,-511222.0027112,72.4430586864502,0.0416749859701403,9.14154624938965,229.998764038086,229.998764038086,3.06872726213211,3.06872726213211,0.437376129664649,25.0293004444767,25.0293004444767,3.82906245834364
167281.409633611,3,0,256.223868608368,56393.6441972369,439.729051878828,944.30374804886,1041.66751300277,1217.84437912897,72219.6782308749,-510895.853063457,72.4616218766732,0.0412102574035417,9.13577651977539,229.998779296875,229.998779296875,3.07140643571204,3.07140643571204,0.436662011254604,24.9697355243691,24.9697355243691,3.81697427318033
167281.589633611,3,0,255.705532594983,56472.7451556306,439.31947262529,945.986581169438,1043.02071445413,1219.2877156003,72288.2308006282,-510569.131826423,72.4800680108287,0.0407494780118189,9.13001728057861,229.998809814453,229.998809814453,3.07408506719239,3.07408506719239,0.435971074204976,24.910323390828,24.910323390828,3.80484347228423
167281.829633611,3,0,255.015777405955,56578.0982981618,438.772009317984,948.228207618969,1044.82420046878,1221.21090473431,72379.4258296328,-510132.570887531,72.504509772672,0.0401410099159717,9.12235355377197,229.998825073242,229.998825073242,3.07765541184446,3.07765541184446,0.43507429270632,24.8313065167959,24.8313065167959,3.78853362340701
167282.009633611,3,0,254.49925286932,56657.0268781703,438.360715668015,949.908615874289,1046.17708613465,1222.65321303057,72447.6963095017,-509804.307667469,72.5228144942402,0.0396889459177721,9.11661434173584,229.99885559082,229.99885559082,3.08033375970978,3.08033375970978,0.434367524019478,24.7722239765418,24.7722239765418,3.77621098753589
167282.18963361,3,0,253.98364008256,56735.881344854,437.948514798716,951.587487650079,1047.52930663853,1224.09455101951,72515.8284448441,-509475.471893396,72.5410075333064,0.039240686348844,9.11088562011719,229.998870849609,229.998870849609,3.0830111209655,3.0830111209655,0.433683491097193,24.7132743911039,24.7132743911039,3.7638417404666
167282.42963361,3,0,253.297502053458,56840.9051088768,437.397615300172,953.82383577864,1049.33149365191,1226.01508868094,72606.4661397677,-509036.090521381,72.5651197938987,0.0386498780191237,9.10326194763184,229.998901367188,229.998901367188,3.08658040901481,3.08658040901481,0.43279539009345,24.6349014259203,24.6349014259203,3.74719438036929
167282.60963361,3,0,252.783683302383,56919.5861184602,436.983783341807,955.500278701672,1050.68340117406,1227.45540756802,72674.3206328092,-508705.711621121,72.5831825317903,0.038212016145427,9.09755229949951,229.998901367188,229.998901367188,3.08925752802471,3.08925752802471,0.43209521815037,24.5762763379547,24.5762763379547,3.73461834540291
167282.78963361,3,0,252.270767570593,56998.1925647528,436.569082516703,957.175187539743,1052.03464935867,1228.89476471189,72742.0388945986,-508374.759701715,72.6011387057494,0.0377786174865886,9.09185314178467,229.998916625977,229.998916625977,3.09193403392486,3.09193403392486,0.431417355100392,24.5178026273753,24.5178026273753,3.72196898610877
167283.02963361,3,0,251.588213260978,57102.8849415325,436.01490792416,959.406252088908,1053.83554527232,1230.81267076809,72832.1279450594,-507932.556322833,72.6249429055561,0.037207628525903,9.08426952362061,229.998931884766,229.998931884766,3.09550170752021,3.09550170752021,0.430536966643153,24.4400550186713,24.4400550186713,3.70495478021379
167283.20963361,3,0,251.077076075117,57181.3169018205,435.598658416837,961.078724007464,1055.18647875831,1232.25101327031,72899.5729825081,-507600.060903556,72.6427797398925,0.0367845751566039,9.07859039306641,229.998962402344,229.998962402344,3.09817798200959,3.09817798200959,0.429842639225836,24.3818988601722,24.3818988601722,3.69207320512518
167283.38963361,3,0,250.566834076491,57259.6738682095,435.181577960935,962.749659944272,1056.5367544574,1233.68839821864,72966.8838661463,-507266.992788869,72.6605149544616,0.0363658856075853,9.07292079925537,229.998962402344,229.998962402344,3.10085331696411,3.10085331696411,0.429170245181878,24.3238817588644,24.3238817588644,3.67911348799106
167283.62963361,3,0,249.887833801014,57364.0329489956,434.624288673959,964.975422106705,1058.33635370583,1235.60367869688,73056.43292866,-506821.968373534,72.6840321843117,0.0358144662886199,9.06537628173828,229.998977661133,229.998977661133,3.10441975852154,3.10441975852154,0.428296622895725,24.2467657966484,24.2467657966484,3.66168806189281
167283.80963361,3,0,249.379356749517,57442.2144516871,434.205741167772,966.64390503101,1059.68630490191,1237.04004519151,73123.4749476967,-506487.357918472,72.7016587183518,0.0354060072776533,9.05972671508789,229.999008178711,229.999008178711,3.10709499292171,3.10709499292171,0.427607425548199,24.1890813890494,24.1890813890494,3.64848543393164
167283.98963361,3,0,248.871768045622,57520.3205525834,433.786401524751,968.310847973762,1061.03559810756,1238.47545647704,73190.3849674468,-506152.17550667,72.719188721785,0.0349905385277365,9.05408668518066,229.9990234375,229.9990234375,3.10976945894531,3.10976945894531,0.426939757602426,24.1315434289726,24.1315434289726,3.63519583232811
167284.229633609,3,0,248.19629593438,57624.3445223161,433.226157157572,970.531277304556,1062.83388329124,1240.38810536209,73279.4026718495,-505704.333307318,72.7424397695294,0.0344392846152323,9.04658126831055,229.999053955078,229.999053955078,3.11333473056802,3.11333473056802,0.426071973095973,24.0550475756021,24.0550475756021,3.61730542149295
167284.409633609,3,0,247.690460483183,57702.2742335238,432.805432132441,972.195747826343,1064.18283869595,1241.82249077631,73346.0482290668,-505367.610437089,72.7598717794186,0.0340295378896092,9.04096126556396,229.999053955078,229.999053955078,3.11600840243079,3.11600840243079,0.425387143242397,23.9978370418613,23.9978370418613,3.60373208869601
167284.589633609,3,0,247.185507478729,57780.12815589,432.383952900339,973.858670920569,1065.5311321838,1243.25591945398,73412.5638740459,-505030.317052882,72.7772121148403,0.0336229380236399,9.03535079956055,229.999069213867,229.999069213867,3.11868168439167,3.11868168439167,0.424723501777674,23.9407658937509,23.9407658937509,3.59005974642802
167284.829633609,3,0,246.513542754659,57883.8152447288,431.821072971821,976.073662016784,1067.3280811191,1245.1659146034,73501.0701094241,-504579.674804297,72.800243256561,0.0330858764948007,9.0278844833374,229.999099731445,229.999099731445,3.12224543450439,3.12224543450439,0.423858228196074,23.864893377123,23.864893377123,3.57213016697776
167285.009633609,3,0,246.010335492718,57961.4918041094,431.398286792216,977.734076921002,1068.67600657066,1246.5982928535,73567.3254058067,-504240.846057933,72.8174951998644,0.0326869371789096,9.02229309082031,229.999099731445,229.999099731445,3.12491817560091,3.12491817560091,0.423178267003136,23.8081532970263,23.8081532970263,3.55902401585612
167285.189633609,3,0,245.508005802605,58039.0921348411,430.974915286,979.392884547442,1070.02327073197,1248.02970871898,73633.4621065946,-503901.458308795,72.834681447262,0.0322913458499053,9.0167121887207,229.999114990234,229.999114990234,3.12759016277797,3.12759016277797,0.422516050318969,23.7515527256192,23.7515527256192,3.54641442141011
167285.429633609,3,0,244.839530880476,58142.440491097,430.409132746849,981.60253399929,1071.81880759097,1249.93701312104,73721.4354616057,-503447.995566291,72.8574437491513,0.0317691977921489,9.00928401947021,229.999130249023,229.999130249023,3.13115236846244,3.13115236846244,0.421659672518341,23.6762960637482,23.6762960637482,3.53008275103287
167285.609633609,3,0,244.338934675181,58219.8625788493,429.984255276103,983.258918336502,1073.16567233285,1251.36737139272,73787.296525012,-503107.054660696,72.8745070328076,0.031381604667353,9.00372219085693,229.999130249023,229.999130249023,3.13382373999344,3.13382373999344,0.420983284126162,23.620006626437,23.620006626437,3.51798878520552
167285.789633609,3,0,243.839209436774,58297.2080981641,429.55862312981,984.913768113091,1074.51186188143,1252.796769486,73853.0265169512,-502765.54090371,72.8914760782782,0.0309974954294509,8.99816989898682,229.999160766602,229.999160766602,3.13649486299012,3.13649486299012,0.420328050023352,23.563856649233,23.563856649233,3.50598734005767
167286.029633608,3,0,243.174196310971,58400.2161487092,428.990032502231,987.118082625466,1076.30597742112,1254.70138895231,73940.4713043387,-502309.25423199,72.9139806938611,0.0304908632313044,8.9907808303833,229.999176025391,229.999176025391,3.14005525711613,3.14005525711613,0.419476578246013,23.4892049085648,23.4892049085648,3.49020139323862
167286.209633608,3,0,242.676192296335,58477.3825664709,428.563057696293,988.770461825898,1077.65176221328,1256.12972413972,74005.9358901364,-501966.194675538,72.9308509082877,0.0301150533548246,8.9852466583252,229.999176025391,229.999176025391,3.14272581628733,3.14272581628733,0.41880485352454,23.4333695590653,23.4333695590653,3.47848832291844
167286.389633608,3,0,242.179054206034,58554.4720048355,428.135422188159,990.421275855964,1078.99686904105,1257.5570949688,74071.2754592871,-501622.568253174,72.9476408509723,0.0297428445477816,8.97972297668457,229.999206542969,229.999206542969,3.14539576099426,3.14539576099426,0.418153477386823,23.3776711674361,23.3776711674361,3.46721081676455
167286.629633608,3,0,241.51748076845,58657.1380149637,427.564063674084,992.620258266562,1080.78952884763,1259.45901288794,74158.1920447252,-501163.454900772,72.9698892283257,0.0292521704916242,8.97237300872803,229.999221801758,229.999221801758,3.14895419713274,3.14895419713274,0.417308012486831,23.3036073192984,23.3036073192984,3.45246895089497
167286.809633608,3,0,241.022051644225,58734.0474581894,427.135008073218,994.268642644166,1082.13421019168,1260.88531569813,74223.2595065138,-500818.273055663,72.9865653780216,0.0288884281219371,8.96686744689941,229.999221801758,229.999221801758,3.1516235043157,3.1516235043157,0.416641166472843,23.2482273066707,23.2482273066707,3.44161377241906
167286.989633608,3,0,240.527480629049,58810.8795737816,426.705208346154,995.915506656366,1083.47820985396,1262.31066059785,74288.1955703978,-500472.515676578,73.0031467098663,0.028528372527391,8.96137237548828,229.999252319336,229.999252319336,3.15429216289983,3.15429216289983,0.415995319848917,23.1929686348868,23.1929686348868,3.43092042886854
167287.229633608,3,0,239.86932064768,58913.2019110888,426.131074113611,998.109195997988,1085.26939487897,1264.20987875322,74374.5810819853,-500010.565820658,73.0251332185522,0.0280540299245547,8.95405960083008,229.999252319336,229.999252319336,3.15784895702159,3.15784895702159,0.415156185081501,23.1194935882991,23.1194935882991,3.41689529092944
167287.409633608,3,0,239.376446535346,58989.8531632453,425.699941527288,999.753611702043,1086.61295976425,1265.63415106422,74439.2499539907,-499663.254899783,73.0416126701988,0.02770258783563,8.94858360290527,229.999267578125,229.999267578125,3.16051677771804,3.16051677771804,0.414494341902189,23.0645371752652,23.0645371752652,3.40655595486813
167287.589633608,3,0,238.884423833243,59066.4267175283,425.268074582599,1001.39651493787,1087.95584257308,1267.0574690645,74503.787612051,-499315.366911176,73.0579978615806,0.0273548977299082,8.94311618804932,229.999267578125,229.999267578125,3.16318395966341,3.16318395966341,0.413853333464456,23.0097186874699,23.0097186874699,3.39637285864954
167287.829633608,3,0,238.229651733228,59168.4037291207,424.691197823178,1003.58493315792,1089.74553523751,1268.95398758689,74589.6420949702,-498850.573934233,73.0797235119476,0.0268970731111792,8.93584156036377,229.999282836914,229.999282836914,3.16673905169424,3.16673905169424,0.413020521634913,22.9368201679689,22.9368201679689,3.38301850642364
167288.009633607,3,0,237.739313408051,59244.7955574322,424.25801472915,1005.22539680917,1091.08797145422,1270.37623022243,74653.9125363957,-498501.128943926,73.0960073185313,0.0265580747350176,8.93039321899414,229.999313354492,229.999313354492,3.16940595210952,3.16940595210952,0.412363677939086,22.8822999255785,22.8822999255785,3.37318834380422
167288.189633607,3,0,237.249819804347,59321.1093195854,423.824107431987,1006.86435469857,1092.42972442308,1271.79752132568,74718.0519753912,-498151.105537784,73.1121974579161,0.0262228245266182,8.92495441436768,229.999313354492,229.999313354492,3.17207163239582,3.17207163239582,0.41172752094403,22.8279135810079,22.8279135810079,3.36350098953557
167288.429633607,3,0,236.598409997412,59422.7393746157,423.244524213453,1009.04752251515,1094.21790790072,1273.69134059406,74803.3757116013,-497683.462957231,73.1336637736262,0.025781617919509,8.91771602630615,229.999328613281,229.999328613281,3.17562534776223,3.17562534776223,0.410901023662553,22.7555859165084,22.7555859165084,3.35081128321772
167288.609633607,3,0,236.110588268187,59498.8705602146,422.809316940331,1010.68405023894,1095.55920328339,1275.11155442982,74867.2478986884,-497331.878865543,73.1497529901139,0.0254550745990231,8.91229629516602,229.999328613281,229.999328613281,3.17829025204085,3.17829025204085,0.410249195952018,22.7014941278206,22.7014941278206,3.34145970804082
167288.789633607,3,0,235.623604548209,59574.9233176758,422.37339597092,1012.3190800356,1096.89981558396,1276.53082065662,74930.9893376121,-496979.714787007,73.1657492560126,0.0251322927276514,8.90688514709473,229.999359130859,229.999359130859,3.18095508448296,3.18095508448296,0.409617875631035,22.6475328506774,22.6475328506774,3.33226409451458
167289.029633607,3,0,234.975531436021,59676.2048079695,421.791143997042,1014.49701999286,1098.68647608348,1278.42194385042,75015.7827873596,-496509.215629795,73.1869582014641,0.0247076750065925,8.89968395233154,229.999359130859,229.999359130859,3.18450673294051,3.18450673294051,0.4087976644511,22.5757714472356,22.5757714472356,3.32016521279224
167289.209633607,3,0,234.490206273354,59752.0741815796,421.353862722079,1016.12965940653,1100.02661893085,1279.84013452734,75079.2515625037,-496155.480998316,73.2028414445082,0.0243935813079769,8.89429187774658,229.999374389648,229.999374389648,3.18717050600345,3.18717050600345,0.408151499601826,22.5220838572241,22.5220838572241,3.31096719851408
167289.389633607,3,0,234.00571122418,59827.8648365705,420.91584311232,1017.76082519664,1101.36608095942,1281.25738576397,75142.5873848473,-495801.161413065,73.2186267722378,0.0240831712965902,8.88890838623047,229.999374389648,229.999374389648,3.1898335424279,3.1898335424279,0.407525912174681,22.4685417083949,22.4685417083949,3.30132180940901
167289.629633607,3,0,233.360946744129,59928.7963602924,420.331003075385,1019.93355468404,1103.15121724847,1283.14582563366,75226.8541386513,-495327.799701147,73.2395879422983,0.0236750564527477,8.88174438476563,229.999404907227,229.999404907227,3.19338361785104,3.19338361785104,0.406711192548411,22.3973359838902,22.3973359838902,3.28823881468038
167289.809633606,3,0,232.878099996171,60004.4028600904,419.891877326853,1021.56224762051,1104.49020566438,1284.56199119262,75289.9340914884,-494971.924422651,73.2553000524428,0.0233732355531498,8.87637901306152,229.999404907227,229.999404907227,3.19604607578154,3.19604607578154,0.406069597890055,22.3440847664525,22.3440847664525,3.27835559184947
167289.989633606,3,0,232.396078590726,60079.9302819992,419.452140721259,1023.1894269059,1105.82851368902,1285.97721421506,75352.8896216534,-494615.47235313,73.2709342835853,0.0230750898159931,8.87102317810059,229.999404907227,229.999404907227,3.19870763309284,3.19870763309284,0.405445444693998,22.2909659919946,22.2909659919946,3.26829836222973
167290.229633606,3,0,231.754605932068,60180.5103208669,418.864880799482,1025.35688844602,1107.6120878046,1287.86294064046,75436.6392624282,-494139.25730819,73.2916702078347,0.0226832247206706,8.86389636993408,229.999420166016,229.999420166016,3.20225535919199,3.20225535919199,0.40463639972132,22.2203221973636,22.2203221973636,3.25469928195303
167290.409633606,3,0,231.274223932963,60255.8528559746,418.424041495944,1026.98159631618,1108.9498986311,1289.27706370137,75499.3380036446,-493781.247592735,73.3072293121132,0.022393525258288,8.85855865478516,229.999420166016,229.999420166016,3.20491626621147,3.20491626621147,0.403995574574635,22.1674981515906,22.1674981515906,3.24426877183482
167290.589633606,3,0,230.794663950433,60331.1159967642,417.982595821814,1028.60478656394,1110.28701575412,1290.69023471767,75561.9120951438,-493422.661929947,73.3227097796416,0.0221074267061147,8.85323047637939,229.999450683594,229.999450683594,3.20757666438991,3.20757666438991,0.403375190746951,22.1147918729498,22.1147918729498,3.23371638399434
167290.829633606,3,0,230.15646704003,60431.3431901592,417.393152535717,1030.76689739728,1112.06899091456,1292.57321470176,75645.1591331179,-492943.608414205,73.3432547104538,0.0217314777894535,8.8461389541626,229.999450683594,229.999450683594,3.21112259089822,3.21112259089822,0.402568033411372,22.0447272101633,22.0447272101633,3.21951380922706
167291.009633606,3,0,229.678540190824,60506.4207342765,416.95068737831,1032.38757905159,1113.4055815763,1293.98526073922,75707.4811330674,-492583.471184915,73.3586710924348,0.0214536292038354,8.84082889556885,229.999465942383,229.999465942383,3.21378205562728,3.21378205562728,0.401930608544709,21.9923197970384,21.9923197970384,3.20873703211679
167291.189633606,3,0,229.201431851204,60581.4185959429,416.507648610223,1034.0067310383,1114.74146831601,1295.3963466457,75769.6802957851,-492222.760613007,73.3740129442082,0.021179294731706,8.83552742004395,229.999465942383,229.999465942383,3.21644068627855,3.21644068627855,0.40131234067666,21.9400431917319,21.9400431917319,3.19782136531913
167291.429633606,3,0,228.56649933996,60681.2916438479,415.916129614723,1036.16343518222,1116.52178271734,1297.2765295744,75852.4300550215,-491740.878347958,73.3943789825618,0.0208188854324176,8.82847309112549,229.999465942383,229.999465942383,3.21998419598908,3.21998419598908,0.400507663247798,21.8705293417855,21.8705293417855,3.18311488763284
167291.609633606,3,0,228.091019255397,60756.1032587343,415.472140719194,1037.78004011282,1117.85710686579,1298.68645932839,75914.3808308867,-491378.622779336,73.4096652995723,0.0205525905755157,8.8231897354126,229.999481201172,229.999481201172,3.22264224880441,3.22264224880441,0.399872040759725,21.8185487319856,21.8185487319856,3.17194005705997
167291.789633605,3,0,227.616355088735,60830.834919339,415.027609771833,1039.39509939364,1119.19171258388,1300.09541656223,75976.2104779619,-491015.797381041,73.4248808387126,0.0202896649679303,8.81791591644287,229.999481201172,229.999481201172,3.2252990869343,3.2252990869343,0.399255316716145,21.7666842301729,21.7666842301729,3.16064954015226
167292.029633605,3,0,226.984678138772,60930.3526242371,414.434149205688,1041.546321146,1120.97029537834,1301.97274103481,76058.4701462411,-490531.100616941,73.4450842440062,0.0199443366417761,8.81089687347412,229.99951171875,229.99951171875,3.22884116581186,3.22884116581186,0.398452364336433,21.6977416575799,21.6977416575799,3.14542151957471
167292.209633605,3,0,226.511638830819,61004.897428954,413.988737014855,1043.15879149629,1122.30429859782,1303.3805071627,76120.0550913045,-490166.737766159,73.4602526620542,0.0196891796226841,8.80564117431641,229.99951171875,229.99951171875,3.23149714167129,3.23149714167129,0.397817957151245,21.6461825439698,21.6461825439698,3.13385776175139
167292.389633605,3,0,226.039413596751,61079.3620274252,413.542812907697,1044.76969778849,1123.63756591023,1304.78728545762,76181.5205075648,-489801.809219533,73.4753537224405,0.0194373263522489,8.80039405822754,229.99951171875,229.99951171875,3.23415243307679,3.23415243307679,0.397202246538922,21.5947408433019,21.5947408433019,3.12214719146386
167292.629633605,3,0,225.410986270328,61178.5232691142,412.947542016197,1046.91535252594,1125.41433606105,1306.66167976842,76263.2970632593,-489314.314632663,73.4954099905265,0.0191065001334578,8.79341125488281,229.999526977539,229.999526977539,3.23769195447619,3.23769195447619,0.396400322111693,21.5263720682332,21.5263720682332,3.10635788082723
167292.809633605,3,0,224.940383957072,61252.8004446058,412.500805149545,1048.52362116273,1126.7469540164,1308.06722478763,76324.5214105679,-488947.857946342,73.5104720353615,0.0188620966402052,8.78818225860596,229.999526977539,229.999526977539,3.24034631351432,3.24034631351432,0.395766579756642,21.4752238109788,21.4752238109788,3.0943499213809
167292.989633605,3,0,224.470595352249,61326.9971358208,412.053747957996,1050.13024824076,1128.07882236855,1309.47176112271,76385.6392995742,-488580.852501493,73.525497547263,0.0186208391547842,8.78296279907227,229.999526977539,229.999526977539,3.24299960427424,3.24299960427424,0.395148696153956,21.4242161190161,21.4242161190161,3.08261923071547
167293.229633605,3,0,223.845417853885,61425.8007295664,411.456869624876,1052.27020236096,1129.85367828683,1311.34312839925,76466.9447034679,-488090.587853794,73.5454334593287,0.0183039433980439,8.77601623535156,229.999557495117,229.999557495117,3.24653685829843,3.24653685829843,0.394347124624982,21.3563997524055,21.3563997524055,3.06747666036996
167293.409633605,3,0,223.377253440571,61499.8093410177,411.008911136428,1053.87418209465,1131.18482871687,1312.74637642324,76527.8139294895,-487722.055518362,73.5604007056422,0.0180698199582946,8.77081489562988,229.999557495117,229.999557495117,3.24918914391156,3.24918914391156,0.393713449795913,21.3056866251742,21.3056866251742,3.05648393238536
167293.589633604,3,0,222.909900978843,61573.7372393875,410.560417652809,1055.47658415391,1132.51519912116,1314.14860131924,76588.5609023955,-487352.961187171,73.5752930212505,0.0178386878669176,8.76562118530273,229.999557495117,229.999557495117,3.25184103474997,3.25184103474997,0.393100315515732,21.2550881547699,21.2550881547699,3.04569856983329
167293.829633604,3,0,222.287968507384,61672.1820355634,409.961845380299,1057.61082024414,1134.28804179763,1316.01686407029,76669.3867100095,-486859.929975709,73.5950867708848,0.0175350687229309,8.75871086120605,229.999572753906,229.999572753906,3.25537545166129,3.25537545166129,0.392299707450366,21.1878254509863,21.1878254509863,3.03213992874646
167294.009633604,3,0,221.822235855107,61745.9212801823,409.512517912512,1059.21053612083,1135.61765667694,1317.41776782046,76729.8886717022,-486489.316480532,73.6099290876584,0.0173106984333521,8.75353622436523,229.999572753906,229.999572753906,3.25802591290166,3.25802591290166,0.391668442778086,21.1375295916878,21.1375295916878,3.02223542803153
167294.189633604,3,0,221.357312277746,61819.5795708842,409.062675749715,1060.80866372928,1136.94647795515,1318.81763748564,76790.2693305995,-486118.143788961,73.6246983931645,0.0170891819983608,8.74837112426758,229.999572753906,229.999572753906,3.26067523836996,3.26067523836996,0.391056165565312,21.0873378378037,21.0873378378037,3.01246418191617
167294.429633604,3,0,220.73861232404,61917.6645650541,408.462160041659,1062.93725098612,1138.71723255592,1320.68275137848,76870.5956847584,-485622.330981991,73.6443012704318,0.0167981181229253,8.74149608612061,229.999603271484,229.999603271484,3.26420746594349,3.26420746594349,0.39025938244673,21.0206070247925,21.0206070247925,2.99969763205553
167294.609633604,3,0,220.275302507749,61991.1336755558,408.011454961781,1064.53269402497,1140.04526402599,1322.08127573434,76930.7281736562,-485249.638266115,73.6590126503157,0.0165829935879436,8.73634815216064,229.999603271484,229.999603271484,3.26685599973224,3.26685599973224,0.389630418221095,20.9707011377527,20.9707011377527,2.99031210869948
167294.789633604,3,0,219.812798567841,62064.5215853273,407.560238393949,1066.12654608584,1141.37248967576,1323.47875732279,76990.7391125336,-484876.38749967,73.6736500864446,0.0163705360334734,8.73120975494385,229.999603271484,229.999603271484,3.26950336406228,3.26950336406228,0.389020365124492,20.9209228832084,20.9209228832084,2.9811046106062
167295.029633604,3,0,219.197320024189,62162.2456899791,406.957892852644,1068.24942721972,1143.14109597649,1325.34067183767,77070.5719571781,-484377.805599586,73.6930753408426,0.0160912917403497,8.7243709564209,229.999618530273,229.999618530273,3.27303247516279,3.27303247516279,0.388226603188807,20.8547148900289,20.8547148900289,2.96903077361468
167295.209633604,3,0,218.736424061837,62235.4438454707,406.505814575221,1069.84058373631,1144.46749708881,1326.73678162016,77130.3337062969,-484003.036771716,73.70765194061,0.0158848169667534,8.7192497253418,229.999618530273,229.999618530273,3.27567897734397,3.27567897734397,0.387600121247294,20.8052168557338,20.8052168557338,2.96017524348163
167295.389633604,3,0,218.276330522524,62308.5605543262,406.053228836574,1071.43014681449,1145.79308086212,1328.13184054532,77189.9737227764,-483627.711030866,73.7221538133617,0.0156808323301868,8.71413707733154,229.999618530273,229.999618530273,3.27832463495676,3.27832463495676,0.38699252864672,20.755829009215,20.755829009215,2.95146899653032
167295.629633603,3,0,217.66406064173,62405.9226747309,405.449063802868,1073.54730635803,1147.55948095391,1329.99051308836,77269.3117313427,-483126.363720359,73.7413972502159,0.015410570116265,8.70733451843262,229.999618530273,229.999618530273,3.28185048737864,3.28185048737864,0.386202019445481,20.6901612645612,20.6901612645612,2.94008799317243
167295.809633603,3,0,217.205568796898,62478.8490578787,404.995622778797,1075.13416541222,1148.88421005192,1331.38417779616,77328.7019541096,-482749.521488615,73.7558364386169,0.0152077873085946,8.70223999023438,229.999633789063,229.999633789063,3.28449507154102,3.28449507154102,0.385578177439984,20.641032356311,20.641032356311,2.93171204909431
167295.989633603,3,0,216.747875697126,62551.6937506816,404.541677802705,1076.71943046516,1150.20811204784,1332.77678542699,77387.9702468037,-482372.12307969,73.7702001065072,0.0150050155896119,8.6971549987793,229.999633789063,229.999633789063,3.28713820055135,3.28713820055135,0.384973215105494,20.5920486982622,20.5920486982622,2.92352629109512
167296.229633603,3,0,216.138800893801,62648.6928046942,403.935707692118,1078.8308573897,1151.97225435551,1334.63217933951,77466.812453947,-481868.013259064,73.789258462017,0.0147347010249424,8.69038677215576,229.999633789063,229.999633789063,3.29066159073159,3.29066159073159,0.384186160529226,20.5268983183347,20.5268983183347,2.91281110883276
167296.409633603,3,0,215.682702779636,62721.3466052224,403.480915147386,1080.4134121042,1153.29527439542,1336.0233733099,77525.8304737309,-481489.099483666,73.8035579361926,0.0145320638445973,8.6853199005127,229.999633789063,229.999633789063,3.2933033548769,3.2933033548769,0.383565126858316,20.4781688160662,20.4781688160662,2.90493183072741
167296.589633603,3,0,215.227399541444,62793.9184723934,403.0256243851,1081.99437269814,1154.61745892804,1337.41350497599,77584.7265375166,-481109.630249613,73.8177815232802,0.0143295392685205,8.68026065826416,229.999664306641,229.999664306641,3.29594500787076,3.29594500787076,0.382962893566999,20.4295593418932,20.4295593418932,2.89718231317661
167296.829633603,3,0,214.62150550265,62890.5533845574,402.417867436415,1084.10005947253,1156.37929719466,1339.26558854829,77663.0723062237,-480602.760204418,73.8366523917836,0.0140597773708504,8.67352867126465,229.999664306641,229.999664306641,3.29946507537282,3.29946507537282,0.382179465979063,20.3649168639916,20.3649168639916,2.88707596979388
167297.009633603,3,0,214.167789203438,62962.9338468571,401.961571941997,1085.67836060999,1157.70056923838,1340.65429234123,77721.7058725344,-480221.763862121,73.8507814671202,0.013857684873063,8.66848754882813,229.999664306641,229.999664306641,3.3021048554137,3.3021048554137,0.381564141718963,20.3165634692174,20.3165634692174,2.87919755131262
167297.189633603,3,0,213.714861912867,63035.2321858351,401.504951687314,1087.25502325908,1159.02101440463,1342.04193694178,77780.2295273109,-479840.22288952,73.8648642374886,0.0136558509775737,8.66345500946045,229.99967956543,229.99967956543,3.30474391282561,3.30474391282561,0.380963323269109,20.2683315753117,20.2683315753117,2.87104653847947
167297.429633602,3,0,213.112131837918,63131.5020646913,400.895397489826,1089.35498136587,1160.78051118855,1343.89068864866,77858.0762533944,-479330.590715877,73.883540583112,0.0133871828319794,8.65675735473633,229.99967956543,229.99967956543,3.30826124481009,3.30826124481009,0.380184369597441,20.2042019325296,20.2042019325296,2.86011325714879
167297.609633602,3,0,212.660785773222,63203.60849982,400.438015311433,1090.92890075506,1162.10002607744,1345.27688264411,77916.3537411939,-478947.541541839,73.8975685667671,0.0131860495389974,8.65174293518066,229.99967956543,229.99967956543,3.31089857506046,3.31089857506046,0.379567541632239,20.1562433916028,20.1562433916028,2.85155532867685
167297.789633602,3,0,212.210228596468,63275.632573378,399.98019494284,1092.50120286319,1163.41868413913,1346.66199671927,77974.5126483283,-478563.943613861,73.9115281538983,0.0129853015307842,8.64673614501953,229.99967956543,229.99967956543,3.3135352959284,3.3135352959284,0.378969689088514,20.1083931184335,20.1083931184335,2.84291149652255
167298.029633602,3,0,211.610653627369,63371.536444524,399.369170242489,1094.59530676588,1165.17578919838,1348.50736408819,78051.8816954503,-478051.578900983,73.9300611789353,0.0127182627824945,8.64007472991943,229.999710083008,229.999710083008,3.31704946482753,3.31704946482753,0.378191181048524,20.0447770124536,20.0447770124536,2.83130356064412
167298.209633602,3,0,211.161673948219,63443.3681064642,398.910669948106,1096.16482477311,1166.49348290863,1349.89099692996,78109.7992676062,-477666.482201507,73.943977187566,0.0125184962616625,8.63508605957031,229.999710083008,229.999710083008,3.31968460596172,3.31968460596172,0.37757640490398,19.9972007367745,19.9972007367745,2.82253089517675
167298.389633602,3,0,210.713480954247,63515.1172089663,398.451757247445,1097.73271341034,1167.81030691838,1351.27353903883,78167.5996621283,-477280.840381161,73.9578277933153,0.0123192069085169,8.63010597229004,229.999710083008,229.999710083008,3.32231874049443,3.32231874049443,0.376979661922435,19.9497336118972,19.9497336118972,2.81365197600902
167298.629633602,3,0,210.117055716522,63610.6541522847,397.839313077587,1099.82091000057,1169.56494180722,1353.11545560454,78244.4926235351,-476765.756661151,73.976219534624,0.0120543018114097,8.62347888946533,229.999710083008,229.999710083008,3.32582945856548,3.32582945856548,0.37620242959001,19.8866262073336,19.8866262073336,2.8017028201951
167298.809633602,3,0,209.670437551357,63682.2103969831,397.379773362612,1101.38597832158,1170.88076144461,1354.496481324,78302.05441572,-476378.62470007,73.9900324773821,0.0118562578962237,8.61851692199707,229.999725341797,229.999725341797,3.32846216133092,3.32846216133092,0.375588590308025,19.8394316169837,19.8394316169837,2.79267434452307
167298.989633602,3,0,209.224604840906,63753.6838998594,396.919844878254,1102.94940064499,1172.19569340675,1355.87640041504,78359.5002423588,-475990.952387856,74.0037823922177,0.0116588115037561,8.61356258392334,229.999725341797,229.999725341797,3.33109397285714,3.33109397285714,0.325847313910629,19.7923483993095,19.7923483993095,2.78354639611364
167299.229633602,3,0,208.638600598482,63848.8466828373,396.297323241802,1105.00347710767,1173.9183331172,1357.6853223614,78434.9659805574,-475479.526715334,74.0188400595268,0.01139446488993,8.60705184936523,229.999725341797,229.999725341797,3.33456970499575,3.33456970499575,0.325877343225943,19.7298162934973,19.7298162934973,2.77141799089902
167299.409633601,3,0,208.194452301837,63920.1300866667,395.836738934332,1106.56357785092,1175.2317540453,1359.06322198139,78492.1677579662,-475090.492121053,74.0325124418025,0.0112013767718096,8.60211658477783,229.999725341797,229.999725341797,3.3371994115469,3.3371994115469,0.325877343225943,19.6829987922241,19.6829987922241,2.76180625328876
167299.589633601,3,0,207.807527705897,63991.3191633449,395.309071152396,1107.90304420918,1176.31561117897,1360.21108534054,78541.9551746413,-474750.611628221,74.0213994048446,0.0110030425969226,8.59781742095947,229.999755859375,229.999755859375,3.33958461446059,3.33958461446059,0.325877343225943,19.6368235440484,19.6368235440484,2.75271103804529
167299.829633601,3,0,207.291628244645,64086.0903173346,394.606276523489,1109.69078219689,1177.76387513138,1361.74438240451,78608.2778503775,-474295.963156062,74.0068438296646,0.0107381941498535,8.59208488464355,229.999755859375,229.999755859375,3.34276676404361,3.34276676404361,0.325877343225943,19.5753983876858,19.5753983876858,2.74035158238984
167300.009633601,3,0,206.904703648706,64157.0580876936,394.079759911885,1111.03292118483,1178.85241193658,1362.89646296729,78657.9751275799,-473953.867540504,73.9961258837704,0.0105406219968405,8.5877857208252,229.999755859375,229.999755859375,3.34515504664462,3.34515504664462,0.543157296482681,19.5294286100931,19.5294286100931,2.73089580841909
167300.189633601,3,0,206.403103891582,64227.948673908,393.688535783178,1112.82217948849,1180.40834729707,1364.51625358396,78722.422196074,-473508.901755462,74.0359848196555,0.0103483973800871,8.58221244812012,229.999755859375,229.999755859375,3.34804199415381,3.34804199415381,0.325907423977493,19.4825057136474,19.4825057136474,2.72019905292624
167300.429633601,3,0,205.887156834532,64322.3313824382,392.988549515969,1114.6153434466,1181.86605158844,1366.05807705777,78788.6599310911,-473049.638995256,74.0224387291599,0.0100910327842449,8.5764799118042,229.999771118164,229.999771118164,3.35123223042904,3.35123223042904,0.325907423977493,19.4215125986621,19.4215125986621,2.70720115481301
167300.609633601,3,0,205.500196541745,64393.0082675555,392.464166631122,1115.96154685993,1182.96166301342,1367.21654778055,78838.2960545162,-472704.071371839,74.0124867554914,0.00989637919155829,8.57218074798584,229.999771118164,229.999771118164,3.35362642457096,3.35362642457096,0.325907423977493,19.375879810844,19.375879810844,2.69725183321317
167300.789633601,3,0,205.113236248958,64463.5908444263,391.940311305565,1117.30888937801,1184.05927297134,1368.37682008395,78887.896690244,-472357.540279004,74.0027150129074,0.00970273929119038,8.56788063049316,229.999771118164,229.999771118164,3.35602251825669,3.35602251825669,0.325907423977493,19.3303441243923,19.3303441243923,2.68716358849112
167301.029633601,3,0,204.438547842288,64557.5673303462,391.427792756317,1119.72661042277,1186.1717409511,1370.57321723202,78974.3833471067,-471750.949210595,74.0601378623941,0.00944868161885437,8.56038475036621,229.999771118164,229.999771118164,3.35991140834306,3.35991140834306,0.32592747668095,19.2683201085082,19.2683201085082,2.67225390736845
167301.2096336,3,0,204.051563741544,64627.963473428,390.905903734872,1121.07682198205,1187.27446968262,1371.73810705539,79023.9968059034,-471401.797190195,74.0510653650119,0.00926488094677896,8.55608463287354,229.999801635742,229.999801635742,3.36231270078748,3.36231270078748,0.32592747668095,19.2230423280327,19.2230423280327,2.66283302795056
167301.3896336,3,0,203.664579640799,64698.2656767461,390.384403951467,1122.42821519511,1188.3791823802,1372.90479263455,79073.5654147627,-471051.660315595,74.0421516378923,0.00907442419528793,8.55178451538086,229.999801635742,229.999801635742,3.3647150862993,3.3647150862993,0.32592747668095,19.177847679686,19.177847679686,2.65368785508474
167301.6296336,3,0,203.148600839807,64791.8560165548,389.689985866089,1124.23182142096,1189.85523211011,1374.46316622804,79139.609538188,-470583.295497709,74.0305714619047,0.00882222499186656,8.54605197906494,229.999801635742,229.999801635742,3.36792029044942,3.36792029044942,0.32592747668095,19.1177390300505,19.1177390300505,2.64162935377308
167301.8096336,3,0,202.761616739062,64861.939375659,389.169744406716,1125.58587194454,1190.96458599017,1375.63403924473,79189.0991032748,-470230.872865344,74.0220952971936,0.00863438442036816,8.54175186157227,229.999801635742,229.999801635742,3.37032627761993,3.37032627761993,0.32592747668095,19.0727480050534,19.0727480050534,2.63329052478238
167301.9896336,3,0,202.374632638318,64931.9291159064,388.649967405659,1126.94108452119,1192.07592255955,1376.80670497843,79238.5496147444,-469877.459894319,74.0137944781565,0.00844772002572204,8.53745174407959,229.999816894531,229.999816894531,3.37273403743658,3.37273403743658,0.32592747668095,19.027848909547,19.027848909547,2.6251139640453
167302.2296336,3,0,201.858653837325,65025.1033014528,387.957706611622,1128.74982711758,1193.56078786852,1378.37304536099,79304.4268553362,-469404.700413535,74.0030105634142,0.00820068169735111,8.53171920776367,229.999816894531,229.999816894531,3.37594612291851,3.37594612291851,0.32592747668095,18.9681290699254,18.9681290699254,2.61444507953506
167302.4096336,3,0,201.392399217129,65094.8776728341,387.53023598309,1130.41882635358,1195.00058860894,1379.87406321441,79363.9218188407,-468975.930906731,74.030465666398,0.00801703758734041,8.52653789520264,229.999816894531,229.999816894531,3.37870645620924,3.37870645620924,0.32594750441494,18.9227423100025,18.9227423100025,2.60602871234929
167302.5896336,3,0,200.926126103102,65164.5879586178,387.103779272883,1132.08927461533,1196.4428367567,1381.37730538496,79423.4636055426,-468545.744629165,74.0583663618429,0.00784134052133248,8.52135753631592,229.999816894531,229.999816894531,3.38146919067568,3.38146919067568,0.32594750441494,18.8774823612388,18.8774823612388,2.59757909450675
167302.8296336,3,0,200.4101155984,65257.3913298015,386.414479761228,1133.90350211615,1197.93710280649,1382.95215749674,79489.290425558,-468068.03287249,74.0487351479852,0.00760073868212098,8.51562404632568,229.99983215332,229.99983215332,3.38469038912461,3.38469038912461,0.32594750441494,18.8182065954459,18.8182065954459,2.58783658781293
167303.0096336,3,0,200.023107719873,65326.8853321981,385.898074406222,1135.26552390511,1199.06010424748,1384.13537929162,79538.6178972535,-467708.57312502,74.0417280155037,0.0074208619756381,8.51132392883301,229.99983215332,229.99983215332,3.38710794900857,3.38710794900857,0.32594750441494,18.7738614624661,18.7738614624661,2.58074082977941
167303.189633599,3,0,199.636099841346,65396.2864108392,385.382154232855,1136.62870564913,1200.18507710551,1385.32038533915,79587.9087535813,-467348.101475565,74.0349067807242,0.00724232040518527,8.50702381134033,229.99983215332,229.99983215332,3.38952708017871,3.38952708017871,0.32594750441494,18.7295955631671,18.7295955631671,2.57380393964665
167303.429633599,3,0,199.120089336644,65488.6767850925,384.695014188578,1138.44808620155,1201.68810384289,1386.9031660813,79653.5730466426,-466865.892914943,74.026102279281,0.00700639007166683,8.5012903213501,229.99983215332,229.99983215332,3.39275503777491,3.39275503777491,0.32594750441494,18.6707169541971,18.6707169541971,2.56480081756598
167303.609633599,3,0,198.733081458117,65557.8613827488,384.180220601397,1139.81397718457,1202.81766884538,1388.09232981994,79702.7785204204,-466503.047090466,74.0197172780347,0.00683107611102263,8.49699020385742,229.99983215332,229.99983215332,3.39517784688696,3.39517784688696,0.32594750441494,18.6266537671171,18.6266537671171,2.55822507219663
167303.789633599,3,0,198.34607357959,65626.953345753,383.665907660058,1141.18103095225,1203.94919913835,1389.28327360435,79751.9474455864,-466139.178002479,74.0135203714473,0.00665721779846364,8.49269008636475,229.999862670898,229.999862670898,3.39760268802903,3.39760268802903,0.32594750441494,18.5826870703664,18.5826870703664,2.55181463999172
167304.029633599,3,0,197.830063074888,65718.9320172039,382.980900732605,1143.00557931508,1205.46095941402,1390.87396482711,79817.4490656639,-465652.421565985,74.0055512355797,0.00642765997004072,8.48695659637451,229.999862670898,229.999862670898,3.40083767377456,3.40083767377456,0.32594750441494,18.5241886853405,18.5241886853405,2.5435128682241
167304.209633599,3,0,197.443055196361,65787.8081719241,382.467701914686,1144.3753492117,1206.5970673308,1392.06905641771,79866.5326291209,-465286.151508594,73.9997953967996,0.00625721725614304,8.48265647888184,229.999862670898,229.999862670898,3.40326576561348,3.40326576561348,0.32594750441494,18.4804137754342,18.4804137754342,2.53747444552577
167304.389633599,3,0,196.96353820964,65856.5992927386,382.059369378045,1146.1121853775,1208.11526900389,1393.64642645772,79927.3293830012,-464830.851038053,74.0360127370428,0.00608926805267975,8.47732830047607,229.999862670898,229.999862670898,3.40610853832039,3.40610853832039,0.325987562730576,18.4359307636808,18.4359307636808,2.53074944622437
167304.629633599,3,0,196.447464257285,65948.192755459,381.376926982046,1147.94231708674,1209.63627747879,1395.24552776624,79992.7365887595,-464339.138746108,74.0291026608843,0.00586918431255205,8.47159481048584,229.999862670898,229.999862670898,3.40935152740757,3.40935152740757,0.325987562730576,18.3778580854998,18.3778580854998,2.52240169354934
167304.809633599,3,0,196.060408793019,66016.7804688449,380.865530076609,1149.31631110798,1210.77930894915,1396.4469220488,80041.7412070159,-463969.128730656,74.0241228128423,0.00570380254245019,8.46729373931885,229.999877929688,229.999877929688,3.41178624651648,3.41178624651648,0.325987562730576,18.3343919184714,18.3343919184714,2.51583623522368
167304.989633599,3,0,195.673353328753,66085.2762618597,380.354771277478,1150.69142618184,1211.92430057407,1397.65008770029,80090.7214670754,-463598.08329235,74.0193672242946,0.005540074158826,8.46299362182617,229.999877929688,229.999877929688,3.41422195929194,3.41422195929194,0.325987562730576,18.2910206335429,18.2910206335429,2.50884287820312
167305.229633598,3,0,195.157279376398,66176.4610979391,379.674562254459,1152.52671099785,1213.45399285949,1399.25706126999,80155.9771994154,-463101.725953303,74.0133416232393,0.00532432978586233,8.45725917816162,229.999877929688,229.999877929688,3.41747246100965,3.41747246100965,0.325987562730576,18.2333280098961,18.2333280098961,2.49938010298708
167305.409633598,3,0,194.770223912131,66244.7426800036,379.165013723147,1153.90452233834,1214.60353791044,1400.46435463673,80204.8811544059,-462728.231278294,74.0090612908326,0.00516451028689474,8.45295810699463,229.999877929688,229.999877929688,3.41991231311341,3.41991231311341,0.325987562730576,18.190169172859,18.190169172859,2.49218128509802
167305.589633598,3,0,194.383168447865,66312.9326126806,378.65599235984,1155.28348727697,1215.75503146187,1401.6734145617,80253.7532294538,-462353.68186083,74.0049878937206,0.0050064279090324,8.44865798950195,229.999877929688,229.999877929688,3.42235339349258,3.42235339349258,0.325987562730576,18.1470835662761,18.1470835662761,2.48489550428957
167305.829633598,3,0,193.86709449551,66403.7101244405,377.978124544594,1157.12389983663,1217.29338378526,1403.28823962299,80318.8671516296,-461852.636592887,73.999881706431,0.0047983948402541,8.4429235458374,229.999877929688,229.999877929688,3.42561106986563,3.42561106986563,0.325987562730576,18.089785870939,18.089785870939,2.47505735988482
167306.009633598,3,0,193.387578437504,66471.6937785409,377.573113343872,1158.87356696556,1218.83116145415,1404.88351049884,80379.3513610933,-461385.361046986,74.0385332425453,0.00464517685579598,8.43759632110596,229.999908447266,229.999908447266,3.42847375384291,3.42847375384291,0.326027600044932,18.0461518585185,18.0461518585185,2.46679806883491
167306.189633598,3,0,193.000475447848,66539.5974795965,377.06625890415,1160.25666622122,1219.98954713339,1406.09883985792,80428.1744105181,-461007.000022862,74.0353347556445,0.00449514428941061,8.43329429626465,229.999908447266,229.999908447266,3.43092171467152,3.43092171467152,0.326027600044932,18.0033948543998,18.0033948543998,2.45895624474584
167306.429633598,3,0,192.484338128307,66629.9939626072,376.391314309433,1162.1025839041,1221.53707966814,1407.72201624081,80493.2262941353,-460500.855548231,74.0314078992643,0.00429507682131198,8.4275598526001,229.999908447266,229.999908447266,3.43418755245789,3.43418755245789,0.326027600044932,17.9465226338183,17.9465226338183,2.44835554041764
167306.609633598,3,0,192.097235138651,66697.6851193657,375.885762418408,1163.48835941867,1222.69999136812,1408.94145037361,80541.9820193306,-460119.995874166,74.0287195377505,0.00414727226816222,8.42325878143311,229.999908447266,229.999908447266,3.43663893420851,3.43663893420851,0.326027600044932,17.9039746737408,17.9039746737408,2.4402871577668
167306.789633598,3,0,191.710132148995,66765.2853598041,375.380780439449,1164.87527882174,1223.86483956905,1410.16264089955,80590.7099601392,-459738.060432055,74.0262537938593,0.00400140680420323,8.41895771026611,229.999908447266,229.999908447266,3.4390919537005,3.4390919537005,0.326027600044932,17.8615214183818,17.8615214183818,2.43206160788182
167307.029633597,3,0,191.193994829453,66855.2777626402,374.708368600293,1166.72628326624,1225.42098136246,1411.79362611059,80655.6383803777,-459227.134043711,74.0233165029617,0.00381000117191629,8.41322231292725,229.999908447266,229.999908447266,3.44236545973951,3.44236545973951,0.326027600044932,17.8050540561056,17.8050540561056,2.42088408875431
167307.209633597,3,0,190.806891839797,66922.6662614299,374.204740428195,1168.11586842099,1226.5903431121,1413.01891103542,80704.3038008555,-458842.675971587,74.0213791751402,0.00366882512405247,8.40892124176025,229.999923706055,229.999923706055,3.44482254224669,3.44482254224669,0.326027600044932,17.762817119479,17.762817119479,2.41239016107686
167307.389633597,3,0,190.419788850141,66989.9641930221,373.701703263595,1169.50659371397,1227.7616363784,1414.24594828858,80752.9434489494,-458457.131611464,74.0196722438573,0.00352968059070977,8.40462017059326,229.999923706055,229.999923706055,3.44728104517324,3.44728104517324,0.326027600044932,17.7206518828046,17.7206518828046,2.40369487264986
167307.629633597,3,0,189.9036515306,67079.5540674543,373.031918097387,1171.36266485313,1229.32636209073,1415.88472102661,80817.757321503,-457941.377399478,74.0177589271624,0.00334744040091657,8.39888572692871,229.999923706055,229.999923706055,3.45056148902954,3.45056148902954,0.326027600044932,17.6645799787429,17.6645799787429,2.39192316915429
167307.809633597,3,0,189.516548540944,67146.6410883096,372.530285359291,1172.75604494323,1230.50215540679,1417.11584128079,80866.3392479676,-457553.286265317,74.016598904333,0.00321325397261346,8.39458465576172,229.999923706055,229.999923706055,3.4530238520124,3.4530238520124,0.326027600044932,17.6226428583627,17.6226428583627,2.38293459581221
167307.989633597,3,0,189.129445551288,67213.637901847,372.02926564956,1174.150560148,1231.67987415384,1418.34870867787,80914.897489597,-457164.098515933,74.0156773312314,0.00308124702743737,8.39028358459473,229.999923706055,229.999923706055,3.4554878750391,3.4554878750391,0.326027600044932,17.5807863076717,17.5807863076717,2.3738174978374
167308.229633597,3,0,188.613308231746,67302.8268082956,371.362360324644,1176.0116354583,1233.25316516894,1419.99524771659,80979.6172813171,-456643.48124927,74.0148535935894,0.0029086719593686,8.38454818725586,229.999923706055,229.999923706055,3.45877608906076,3.45877608906076,0.326027600044932,17.5251245931334,17.5251245931334,2.36185730155114
167308.409633597,3,0,188.22620524209,67369.6134762131,370.862798754055,1177.40879371054,1234.43537012133,1421.23218634617,81028.1229013196,-456251.722505087,74.0144984352162,0.00278186475673706,8.38024711608887,229.999923706055,229.999923706055,3.46124399819987,3.46124399819987,0.326027600044932,17.4834903416396,17.4834903416396,2.35325989669174
167308.589633597,3,0,187.839102252434,67436.3102591441,370.363926555418,1178.80706899582,1235.61949806891,1422.47086833063,81076.6108727809,-455858.860183577,74.0144004583895,0.00265735998660529,8.37594604492188,229.999954223633,229.999954223633,3.46371403791162,3.46371403791162,0.326027600044932,17.4419601272885,17.4419601272885,2.34494725519601
167308.829633597,3,0,187.322964932893,67525.0996643908,369.699726135011,1180.67320337804,1237.20131776492,1424.12515295657,81141.2264305677,-455333.313020235,74.0146509558556,0.00249499032790602,8.37021160125732,229.999954223633,229.999954223633,3.46700928536025,3.46700928536025,0.326027600044932,17.3867004554898,17.3867004554898,2.33430330867107
167309.009633596,3,0,186.935861943237,67591.5871175762,369.202198471306,1182.07415722929,1238.38991296981,1425.36789643103,81189.6548825809,-454937.84257263,74.015107220973,0.00237596616894472,8.36591053009033,229.999954223633,229.999954223633,3.4694827777448,3.4694827777448,0.326027600044932,17.3453699680791,17.3453699680791,2.32677567954406
167309.189633596,3,0,186.548758953581,67657.9850599621,368.70525906877,1183.47625644402,1239.58041999369,1426.61237821325,81238.0589452581,-454541.249022341,74.0158053472482,0.00225936548072241,8.36160850524902,229.999954223633,229.999954223633,3.47195834867792,3.47195834867792,0.326027600044932,17.3041224037234,17.3041224037234,2.31938658709657
167309.429633596,3,0,186.032621634039,67746.3765909679,368.043586309496,1185.34750492412,1241.17073316018,1428.27438883942,81302.559889771,-454010.703970798,74.0171141655572,0.00210772831792805,8.35587406158447,229.999954223633,229.999954223633,3.47526107356902,3.47526107356902,0.326027600044932,17.2492614802543,17.2492614802543,2.3097392306719
167309.609633596,3,0,185.645518644383,67812.5660827161,367.548015869557,1186.75227979852,1242.36569397929,1429.52292182936,81350.9074069482,-453611.474847812,74.0183807840144,0.00199689908091252,8.35157299041748,229.999954223633,229.999954223633,3.47774018808575,3.47774018808575,0.326027600044932,17.2082330934604,17.2082330934604,2.30267180953654
167309.789633596,3,0,185.258415654727,67878.6664157808,367.053030758753,1188.15820260618,1243.56256047275,1430.77318891757,81399.2308604692,-453211.109757481,74.0198928738314,0.00188862986987441,8.34727191925049,229.999954223633,229.999954223633,3.48022099658896,3.48022099658896,0.326027600044932,17.1672799240293,17.1672799240293,2.29572563499417
167310.029633596,3,0,184.742278335186,67966.6616835317,366.393959899163,1190.03455379748,1245.16134419703,1432.44290753015,81463.6248979132,-452675.515727523,74.0222928324518,0.00174826903725422,8.34153652191162,229.999954223633,229.999954223633,3.4835316478072,3.4835316478072,0.326027600044932,17.1128225871999,17.1128225871999,2.28667704913032
167310.209633596,3,0,184.35517534553,68032.5543881722,365.900337297221,1191.44315828143,1246.36265037502,1433.69721619791,81511.8926039853,-452272.484822857,74.0243820328619,0.00164605015710367,8.33723545074463,229.999969482422,229.999969482422,3.48601665393199,3.48601665393199,0.326027600044932,17.0720732471413,17.0720732471413,2.28002054896914
167310.389633596,3,0,183.968072355874,68098.358284874,365.407298082766,1192.85291340033,1247.56585657824,1434.95325519823,81560.1366560304,-451868.304866131,74.0267206282105,0.00154652101128606,8.33293437957764,229.999969482422,229.999969482422,3.48850313443871,3.48850313443871,0.326027600044932,17.0314222902028,17.0314222902028,2.27350651414535
167310.629633596,3,0,183.451935036333,68185.9588483695,364.750817204119,1194.73437743956,1249.1730829981,1436.6306624112,81624.4253396465,-451327.604174947,74.0302283611123,0.0014180048377146,8.32719993591309,229.999969482422,229.999969482422,3.49182096743997,3.49182096743997,0.326027600044932,16.9773612583242,16.9773612583242,2.26502628969571
167310.809633595,3,0,183.064832046677,68251.555933536,364.259135096217,1196.1468193401,1250.38071439001,1437.89073289302,81672.6145313751,-450920.727958017,74.0331530831256,0.00132484044881352,8.32289886474609,229.999969482422,229.999969482422,3.49431144073129,3.49431144073129,0.326027600044932,16.9369128213702,16.9369128213702,2.25880078965547
167310.989633595,3,0,182.677729057021,68317.064559611,363.768034002755,1197.56041376283,1251.59023932517,1439.15252910196,81720.7804453359,-450512.689623784,74.0363310850827,0.00123446694546405,8.3185977935791,229.999969482422,229.999969482422,3.49680363108056,3.49680363108056,0.326027600044932,16.8965609177059,16.8965609177059,2.25271171532553
167311.229633595,3,0,182.161591737479,68404.2719725743,363.114134606251,1199.44700009877,1253.20588124889,1440.83760599796,81784.9656168593,-449966.82393372,74.0409643551146,0.00111839050283692,8.31286239624023,229.999969482422,229.999969482422,3.50012949625536,3.50012949625536,0.326027600044932,16.8428779519384,16.8428779519384,2.24476786835853
167311.409633595,3,0,181.774488747823,68469.5746013479,362.624385852433,1200.86328576002,1254.41981660894,1442.10342325879,81833.0776209333,-449556.058618688,74.0447378360054,0.00103469444051406,8.30856132507324,229.999969482422,229.999969482422,3.50262570698467,3.50262570698467,0.326027600044932,16.8027265375537,16.8027265375537,2.23895394320661
167311.589633595,3,0,181.387385758167,68534.789119287,362.135215619482,1202.28072617857,1255.63563940031,1443.37096200629,81881.1667309477,-449144.11783618,74.0487685834137,0.000953924105613328,8.30426025390625,229.999969482422,229.999969482422,3.50512364642489,3.50512364642489,0.326027600044932,16.7626643333444,16.7626643333444,2.23326426598652
167311.829633595,3,0,180.871248438626,68621.6049299735,361.483888046614,1204.17244356512,1257.25966894627,1445.06368895366,81945.2501825762,-448593.028130591,74.0545453363599,0.000850862487166584,8.2985258102417,229.999969482422,229.999969482422,3.50845679313458,3.50845679313458,0.326027600044932,16.7093793678569,16.7093793678569,2.2258660414464
167312.009633595,3,0,180.48414544897,68686.6142608698,360.996065949894,1205.592580483,1258.47988849523,1446.33523937459,81993.2864062395,-448178.328985074,74.0591813348508,0.000777090841125227,8.29422473907471,229.999969482422,229.999969482422,3.51095877972962,3.51095877972962,0.326027600044932,16.6695177026236,16.6695177026236,2.22045721265631
167312.189633595,3,0,180.097042459314,68751.5358283167,360.508820903328,1207.01387333011,1259.70198871022,1447.60850632427,82041.3001912499,-447762.441111565,74.0640788462204,0.000706382119839934,8.2899227142334,229.999969482422,229.999969482422,3.51346291095758,3.51346291095758,0.326027600044932,16.6297378654221,16.6297378654221,2.21516822187298
167312.429633595,3,0,179.580905139772,68837.9615891338,359.859937769799,1208.91076073856,1261.33437368573,1449.3088639578,82105.2752872714,-447206.059040268,74.0709942589938,0.000616721645523706,8.28418827056885,229.999969482422,229.999969482422,3.51680379298341,3.51680379298341,0.326027600044932,16.5768382057088,16.5768382057088,2.20818252326477
167312.609633595,3,0,179.193802150116,68902.6788489863,359.374027002869,1210.33475545213,1262.56085458865,1450.58613103501,82153.236488092,-446787.380906796,74.076504957372,0.000552936026947165,8.27988719940186,229.999984741211,229.999984741211,3.51931182936131,3.51931182936131,0.326027600044932,16.537267837853,16.537267837853,2.20252800068365
167312.789633594,3,0,178.80669916046,68967.3087328858,358.888594083464,1211.7599332767,1263.78920665511,1451.86511085892,82201.1686923603,-446367.493257555,74.0822622351831,0.000492431361324255,8.27558612823486,229.999984741211,229.999984741211,3.52182138511577,3.52182138511577,0.326027600044932,16.4977782601769,16.4977782601769,2.19663739250761
167313.029633594,3,0,178.290561840919,69053.3461977843,358.242430390363,1213.66192445755,1265.42992923749,1453.57307822284,82265.0577148618,-445805.779045397,74.0903912870468,0.00041694548729244,8.269850730896,229.999984741211,229.999984741211,3.52517046329657,3.52517046329657,0.326027600044932,16.4452746308316,16.4452746308316,2.18830844940603
167313.209633594,3,0,177.903458851263,69117.7726228143,357.758529073554,1215.08975623191,1266.66265470511,1454.85604730662,82312.9529127527,-445383.083790555,74.0968119363821,0.000364252005810689,8.265549659729,229.999984741211,229.999984741211,3.52768412301381,3.52768412301381,0.326027600044932,16.4059979787569,16.4059979787569,2.1819796802761
167313.389633594,3,0,177.516355861607,69182.1120257847,357.275251147168,1216.51873326462,1267.89724878084,1456.14072255869,82360.8301767533,-444959.176404158,74.1035127590391,0.000314971709843447,8.26124858856201,229.999984741211,229.999984741211,3.53019954740731,3.53019954740731,0.326027600044932,16.3668088036917,16.3668088036917,2.17554547527287
167313.629633594,3,0,177.000218542065,69267.7627208282,356.631860250545,1218.42581715465,1269.54627944583,1457.85627597929,82424.6396941802,-444392.07420578,74.1128876960976,0.000254619383450911,8.25551414489746,229.999984741211,229.999984741211,3.53355606192278,3.53355606192278,0.326027600044932,16.3146910721996,16.3146910721996,2.16684211505514
167313.809633594,3,0,176.613115552409,69331.8995087255,356.150058190558,1219.85746315934,1270.78522747736,1459.14492744084,82472.4773930641,-443965.323833342,74.120252417513,0.000213418438081924,8.25121307373047,229.999984741211,229.999984741211,3.53607561804191,3.53607561804191,0.326027600044932,16.2757176281778,16.2757176281778,2.16023278017867
167313.989633594,3,0,176.226012562753,69395.9496532676,355.668897426343,1221.29025109918,1272.02603826587,1460.43528033134,82520.2990861252,-443537.348843953,74.1279059587418,0.0001757336832591,8.24691200256348,229.999984741211,229.999984741211,3.53859695117725,3.53859695117725,0.326027600044932,16.2368215643598,16.2368215643598,2.15351751773239
167314.229633594,3,0,175.709875243212,69481.2152678659,355.028355931623,1223.20240892923,1273.6833463329,1462.15839417874,82584.037396048,-442964.804223949,74.1385643186888,0.000131031119015825,8.24117660522461,229.999984741211,229.999984741211,3.54196177266544,3.54196177266544,0.326027600044932,16.1851029909117,16.1851029909117,2.14442956778969
167314.409633594,3,0,175.322772253556,69545.0636964658,354.54871130227,1224.63785602306,1274.92849489328,1463.45270974686,82631.8239147,-442533.957477713,74.1469017049793,0.000101697820185865,8.23687553405762,229.999984741211,229.999984741211,3.54448726710001,3.54448726710001,0.326027600044932,16.1464247960089,16.1464247960089,2.13753321599355
167314.589633593,3,0,174.9356692639,69608.8258705533,354.069725406494,1226.07444023926,1276.1754986903,1464.74872035465,82679.5963282163,-442101.873869867,74.1555365581464,7.60068571018856E-05,8.23257446289063,229.999984741211,229.999984741211,3.54701455109426,3.54701455109426,0.326027600044932,16.1078237183105,16.1078237183105,2.13054562257279
167314.829633593,3,0,174.419531944359,69693.7081381958,353.43211051724,1227.99165322752,1277.84105316003,1466.47936867346,82743.2718862758,-441523.831703772,74.1675168741619,4.74675854011084E-05,8.22684001922607,229.999984741211,229.999984741211,3.55038691627447,3.55038691627447,0.326027600044932,16.0565062261364,16.0565062261364,2.12109882528865
167315.009633593,3,0,174.032428954703,69757.2695197838,352.954681452756,1229.43088596518,1279.09237763523,1467.77932753143,82791.0135965743,-441088.847420022,74.1768560225923,3.0395829254458E-05,8.22253799438477,229.999984741211,229.999984741211,3.55291880269082,3.55291880269082,0.326027600044932,16.0181275072605,16.0181275072605,2.11391090021172
167315.189633593,3,0,173.645325965047,69820.7450483041,352.477927933836,1230.87125118208,1280.3455497119,1469.08097496773,82838.74308412,-440652.613821541,74.1865013618488,1.70780100611251E-05,8.21823692321777,229.999984741211,229.999984741211,3.55545207987202,3.55545207987202,0.326027600044932,15.9798329810854,15.9798329810854,2.10664876416454
167315.429633593,3,0,173.129188645505,69905.2457508523,351.84331851266,1232.79349917303,1282.01931825744,1470.81913050446,82902.3645696623,-440069.018643716,74.1998433420446,5.22286990346654E-06,8.21250247955322,229.999984741211,229.999984741211,3.55883245537201,3.55883245537201,0.326027600044932,15.9289209870077,15.9289209870077,2.09681102517907
167315.609633593,3,0,172.742085655849,69968.5214336031,351.368164361513,1234.23650338954,1283.27679524958,1472.12471308324,82950.0680395942,-439629.854772936,74.2102143830286,8.01190183687242E-07,8.20820140838623,229.999984741211,229.999984741211,3.56136995292472,3.56136995292472,0.326027600044932,15.8908361626551,15.8908361626551,2.08932977782393
167315.789633593,3,0,172.354982666193,70031.715929086,350.893709243887,1235.68063017704,1284.53610886641,1473.43197537718,82997.7661221912,-439189.427838225,74.2209029957796,0,8.20390033721924,229.999984741211,229.999984741211,3.56390931104812,3.56390931104812,0.326027600044932,15.8528505565655,15.8528505565655,2.08177979920388
167316.029633593,3,0,171.838845346652,70115.8539065354,350.262204764812,1237.60786917268,1286.2180413619,1475.17759704362,83061.3615503638,-438600.219648473,74.2356555725614,0,8.19816493988037,229.999984741211,229.999984741211,3.56729835000036,3.56729835000036,0.326027600044932,15.802328342248,15.802328342248,2.07155868594363
167316.209633593,3,0,171.451742356996,70178.8580318857,349.789399780052,1239.05461264027,1287.48163377332,1476.48877307048,83109.0478047291,-438156.830754991,74.2470954442203,0,8.19386386871338,229.999984741211,229.999984741211,3.56984205033464,3.56984205033464,0.326027600044932,15.7645568447505,15.7645568447505,2.0638220813439
167316.389633593,3,0,171.06463936734,70241.7771372572,349.317306996619,1240.50248166234,1288.74706128774,1477.80162749865,83156.7259357459,-437712.166479208,74.2588604240221,0,8.18956279754639,229.999984741211,229.999984741211,3.57238757933886,3.57238757933886,0.326027600044932,15.7268667979586,15.7268667979586,2.0559873211364
167316.629633592,3,0,170.548502047798,70325.5372459489,348.688968001445,1242.43472388853,1290.43715055398,1479.55470948958,83220.2852865126,-437117.289675856,74.2750580520873,0,8.18382835388184,229.999984741211,229.999984741211,3.57578433061658,3.57578433061658,0.326027600044932,15.6767559753674,15.6767559753674,2.04539759257116
167316.809633592,3,0,170.161399058142,70388.2584715921,348.218560109374,1243.88521729694,1291.70685506213,1480.87147663329,83267.9470542704,-436669.633450376,74.2875935080406,0,8.17952728271484,229.999984741211,229.999984741211,3.57833414191427,3.57833414191427,0.326027600044932,15.6392871149839,15.6392871149839,2.03736739825474
167316.989633592,3,0,169.774296068486,70450.8951081045,347.748921377637,1245.33682472594,1292.97839090133,1482.18991823849,83315.605599747,-436220.690971531,74.300471877653,0,8.17522621154785,229.999984741211,229.999984741211,3.58088579527122,3.58088579527122,0.326027600044932,15.6018998129338,15.6018998129338,2.02925340223848
167317.229633592,3,0,169.258158748945,70534.2791664775,347.123961837847,1247.27402929314,1294.67661948116,1483.9504436152,83379.1478702544,-435620.094231614,74.3181857784023,0,8.16949081420898,229.999984741211,229.999984741211,3.58429115005564,3.58429115005564,0.326027600044932,15.5522069919288,15.5522069919288,2.01927246243407
167317.409633592,3,0,168.871055759289,70596.7188393904,346.656000140256,1248.72826884271,1295.95241881797,1485.27278906212,83426.7914008577,-435168.123922628,74.3318476751943,0,8.16518974304199,229.999984741211,229.999984741211,3.58684711663205,3.58684711663205,0.326027600044932,15.5150356392023,15.5150356392023,2.01188902250348
167317.589633592,3,0,168.483952769633,70659.0743069758,346.188880841496,1250.18360788092,1297.23004692015,1486.59680554804,83474.437834158,-434714.857299667,74.3458740046416,0,8.160888671875,229.999984741211,229.999984741211,3.58940493825682,3.58940493825682,0.326027600044932,15.477965074216,15.477965074216,2.00490076001327
167317.829633592,3,0,167.967815450091,70742.0841814155,345.567020619903,1252.12585458553,1298.9363808369,1488.36475876911,83537.9464461586,-434108.452298333,74.3650750260355,0,8.15515422821045,229.999984741211,229.999984741211,3.5928181198488,3.5928181198488,0.326027600044932,15.4286628251828,15.4286628251828,1.99602069845113
167318.009633592,3,0,167.580712460435,70804.2437123359,345.101450376821,1253.58386221525,1300.21825500902,1489.69267056472,83585.5705166437,-433652.112713402,74.3798734658986,0,8.15085315704346,229.999984741211,229.999984741211,3.59538028600654,3.59538028600654,0.326027600044932,15.3917981625185,15.3917981625185,1.98951275227813
167318.189633592,3,0,167.193609470779,70866.319490514,344.636586335355,1255.04300454243,1301.50194770956,1491.02224993273,83633.1884668006,-433194.451436959,74.3950147620771,0,8.14655113220215,229.999984741211,229.999984741211,3.59794474223354,3.59794474223354,0.326027600044932,15.3550171935456,15.3550171935456,1.98315199278295
167318.429633591,3,0,166.677472151238,70948.9571340244,344.017865551738,1256.99029406334,1303.21636391975,1492.79761449895,83696.6699318796,-432582.172293153,74.4157397715389,0,8.1408166885376,229.999984741211,229.999984741211,3.6013662298861,3.6013662298861,0.326027600044932,15.3061171651735,15.3061171651735,1.97484675195864
167318.609633591,3,0,166.290369161582,71010.8379840816,343.554648169029,1258.45208713427,1304.50429355029,1494.13108070372,83744.2744891191,-432121.408681589,74.4316885275858,0,8.13651561737061,229.999984741211,229.999984741211,3.60393464185789,3.60393464185789,0.326027600044932,15.2695443089907,15.2695443089907,1.96880155200201
167318.789633591,3,0,165.903266171926,71072.6355066098,343.092135427481,1259.91501782127,1305.79403640994,1495.46621103125,83791.8736498199,-431659.307491272,74.4479864622823,0,8.13221454620361,229.999984741211,229.999984741211,3.60650493634798,3.60650493634798,0.326027600044932,15.2330574476158,15.2330574476158,1.96286288373123
167319.029633591,3,0,165.387128852385,71154.9027994868,342.476546223021,1261.86736322504,1307.51651120946,1497.24897149283,83855.3311229653,-431041.083559091,74.4702633616067,0,8.12647914886475,229.999984741211,229.999984741211,3.60993521352688,3.60993521352688,0.326027600044932,15.1845492888081,15.1845492888081,1.95514569079929
167319.209633591,3,0,165.000025862729,71216.5063804648,342.015675003689,1263.33295193801,1308.81047879387,1498.58798080108,83902.9184972586,-430575.84253226,74.4873834184024,0,8.12217807769775,229.999984741211,229.999984741211,3.61250991684956,3.61250991684956,0.326027600044932,15.1482750485715,15.1482750485715,1.94953934959091
167319.389633591,3,0,164.612922873073,71278.0270552094,341.555506065607,1264.79968102562,1310.10625402913,1499.9286505104,83950.5011563184,-430109.247834236,74.5048589683515,0,8.11787700653076,229.999984741211,229.999984741211,3.61508651639573,3.61508651639573,0.326027600044932,15.1120915190642,15.1120915190642,1.94404450119318
167319.629633591,3,0,164.096785553531,71359.9258733499,340.943040639182,1266.75709528856,1311.83676401609,1501.71879163447,84013.937876193,-429485.007397692,74.5287164788754,0,8.11214256286621,229.999984741211,229.999984741211,3.61852479746717,3.61852479746717,0.326027600044932,15.0639771291908,15.0639771291908,1.93692249646397
167319.809633591,3,0,163.709682563875,71421.253589976,340.484508970756,1268.22648897214,1313.13675151511,1503.06333213377,84061.5104575716,-429015.234989105,74.547029395532,0,8.10784149169922,229.999984741211,229.999984741211,3.62110583742545,3.62110583742545,0.326027600044932,15.0279938652829,15.0279938652829,1.93173389520821
167319.989633591,3,0,163.322579574219,71482.4988208116,340.026678245334,1269.69702625725,1314.43854188967,1504.40953006725,84109.0791078522,-428544.09243393,74.5657045722695,0,8.10354042053223,229.999984741211,229.999984741211,3.62368878740883,3.62368878740883,0.326027600044932,14.9920940041687,14.9920940041687,1.92667024264722
167320.229633591,3,0,162.806442254678,71564.0310349402,339.417326329079,1271.65952294536,1316.17706396594,1506.20703692893,84172.4982235583,-427913.762473562,74.5911717417392,0,8.09780502319336,229.999984741211,229.999984741211,3.62713598383672,3.62713598383672,0.326027600044932,14.9443728341278,14.9443728341278,1.92014277070518
167320.40963359,3,0,162.419339265022,71625.0842888504,338.961128274298,1273.13273143339,1317.48305428496,1507.55709757159,84220.0585242838,-427439.40373003,74.6106999037735,0,8.09350395202637,229.999984741211,229.999984741211,3.62972340709343,3.62972340709343,0.326027600044932,14.9086898138563,14.9086898138563,1.91540540209022
167320.58963359,3,0,162.032236275366,71686.0554761332,338.505629068744,1274.60708690699,1318.79084274374,1508.90881272873,84267.6156431909,-426963.658056976,74.630597130216,0,8.08920288085938,229.999984741211,229.999984741211,3.63231275427093,3.63231275427093,0.326027600044932,14.8730803069109,14.8730803069109,1.91079174148918
167320.82963359,3,0,161.516098955824,71767.222953206,337.89938268963,1276.57467871099,1320.53735393896,1510.71367036451,84331.0205520501,-426327.164680112,74.6577043345175,0,8.08346843719482,229.999984741211,229.999984741211,3.6357680742295,3.6357680742295,0.326027600044932,14.8257423647404,14.8257423647404,1.90482308797729
167321.00963359,3,0,161.128995966168,71828.0031426293,337.445511830605,1278.05171210396,1321.84933039529,1512.06924047084,84378.5711187136,-425848.163706968,74.6784707013197,0,8.07916736602783,229.999984741211,229.999984741211,3.63836192670763,3.63836192670763,0.326027600044932,14.7903399516419,14.7903399516419,1.90050763654271
167321.18963359,3,0,160.741892976512,71888.7016857496,336.992300943649,1279.52990352198,1323.16309837535,1513.42646151038,84426.1165932076,-425367.75630953,74.6996052653776,0,8.07486629486084,229.999984741211,229.999984741211,3.64095771712201,3.64095771712201,0.326027600044932,14.7550323975967,14.7550323975967,1.89631344568901
167321.42963359,3,0,160.225755656971,71969.5063902159,336.389021048857,1281.50263334092,1324.91757205568,1515.23865561265,84489.5012339535,-424725.014852244,74.7283558531952,0,8.06913089752197,229.999984741211,229.999984741211,3.64442208112816,3.64442208112816,0.326027600044932,14.708076994809,14.708076994809,1.88997976149887
167321.60963359,3,0,159.838652667315,72030.0150186974,335.937446597364,1282.98350669575,1326.23551697264,1516.59972423436,84537.0428726219,-424241.313267348,74.7503787682414,0,8.06482982635498,229.999984741211,229.999984741211,3.64702241132187,3.64702241132187,0.326027600044932,14.6729668504446,14.6729668504446,1.88515449552029
167321.78963359,3,0,159.451549677659,72090.4424598273,335.486628656501,1284.46551831238,1327.55525148327,1517.96244031358,84584.5873628593,-423756.195319988,74.7727980764681,0,8.06052875518799,229.999984741211,229.999984741211,3.6496246939979,3.6496246939979,0.326027600044932,14.6379348677106,14.6379348677106,1.88014687070062
167322.02963359,3,0,158.935412358117,72170.8863472303,334.886553069333,1286.44334250516,1329.31767343344,1519.78195615408,84647.9731919293,-423107.147480806,74.8032765791291,0,8.05479335784912,229.999984741211,229.999984741211,3.65309773756625,3.65309773756625,0.326027600044932,14.5913687201319,14.5913687201319,1.87295948870065
167322.209633589,3,0,158.548309368461,72231.1249043627,334.437451993501,1287.92802424375,1330.64157643157,1521.14851269126,84695.5219672064,-422618.701036903,74.826619747877,0,8.05049228668213,229.999984741211,229.999984741211,3.65570459365946,3.65570459365946,0.326027600044932,14.5565480282236,14.5565480282236,1.86723877180113
167322.389633589,3,0,158.161206378805,72291.2827158381,333.98911250609,1289.41384598581,1331.96726442226,1522.51671367785,84743.0749718156,-422128.82124873,74.8503684625354,0,8.04619121551514,229.999984741211,229.999984741211,3.6583134167061,3.6583134167061,0.326027600044932,14.5218220690194,14.5218220690194,1.86141035354377
167322.629633589,3,0,157.645069059264,72371.3677652867,333.392522601453,1291.39671317211,1333.73762221746,1524.34353740169,84806.4869156049,-421473.410517884,74.8826709542198,0,8.04045677185059,229.999984741211,229.999984741211,3.66179477001137,3.66179477001137,0.326027600044932,14.4756569091751,14.4756569091751,1.85345996043482
167322.809633589,3,0,157.257966069608,72431.3377078483,332.945986347661,1292.88519147416,1335.06746951537,1525.71557097559,84854.0529026999,-420980.16798063,74.9073812146788,0,8.03615570068359,229.999984741211,229.999984741211,3.66440819966298,3.66440819966298,0.326027600044932,14.4411301829721,14.4411301829721,1.84736961588867
167322.989633589,3,0,156.870863079952,72491.2273691236,332.500234236451,1294.37480690749,1336.39909702307,1527.08924527921,84901.62580799,-420485.476351137,74.9325102181421,0,8.0318546295166,229.999984741211,229.999984741211,3.66702361109813,3.66702361109813,0.326027600044932,14.4066959874058,14.4066959874058,1.84116208727732
167323.229633589,3,0,156.354725760411,72570.9556142718,331.907129019261,1296.36272845164,1338.17736717238,1528.92336138153,84965.0684810265,-419823.625060388,74.9666737883186,0,8.02611923217773,229.999984741211,229.999984741211,3.67051420765755,3.67051420765755,0.326027600044932,14.3609288747155,14.3609288747155,1.83270473503235
167323.409633589,3,0,155.967622770755,72630.6585063846,331.463232821039,1297.85499474828,1339.51314368514,1530.30086041615,85012.6607123561,-419325.533387208,74.9927956216049,0,8.02181816101074,229.999984741211,229.999984741211,3.67313426115757,3.67313426115757,0.326027600044932,14.3267029580487,14.3267029580487,1.82620645870777
167323.589633589,3,0,155.580519781099,72690.2815943402,331.020143047235,1299.3483963616,1340.85069647238,1531.67999728904,85060.2625901885,-418825.976338349,75.0193497598646,0,8.01751708984375,229.999984741211,229.999984741211,3.67575631152747,3.67575631152747,0.326027600044932,14.2925673318947,14.2925673318947,1.81959825885595
167323.829633589,3,0,155.064382461557,72769.6551577153,330.430623744619,1301.34136209597,1342.63685999233,1533.52139142393,85123.7482587366,-418157.612743707,75.0554350498186,0,8.0117826461792,229.999984741211,229.999984741211,3.67925534686387,3.67925534686387,0.326027600044932,14.2471858652125,14.2471858652125,1.81060418211977
167324.009633589,3,0,154.677279471901,72829.0926071794,329.98944332926,1302.83740917325,1343.97855170758,1534.90434539946,85171.3759833769,-417654.617730325,75.0830143478502,0,8.00748157501221,229.999984741211,229.999984741211,3.6818820742812,3.6818820742812,0.326027600044932,14.2132607351705,14.2132607351705,1.80370692250781
167324.189633588,3,0,154.290176482245,72888.4507410431,329.549092579257,1304.33458874848,1345.32201491891,1536.28893347849,85219.0161934361,-417150.141127827,75.1110400342064,0,8.00318050384521,229.999984741211,229.999984741211,3.68451081389718,3.68451081389718,0.326027600044932,14.1794254558451,14.1794254558451,1.79672761748534
167324.429633588,3,0,153.774039162704,72967.4718049211,328.963260514217,1306.33258920593,1347.11605305171,1538.13759161083,85282.5573675531,-416475.192218781,75.1491094078268,0,7.99744510650635,229.999984741211,229.999984741211,3.68801923145023,3.68801923145023,0.326027600044932,14.1344535694559,14.1344535694559,1.78721833775537
167324.609633588,3,0,153.386936173048,73026.6454621295,328.524872222852,1307.8324086924,1348.46364463237,1539.525988731,85330.2300375883,-415967.239223635,75.1781933727189,0,7.99314403533936,229.999984741211,229.999984741211,3.69065268481032,3.69065268481032,0.326027600044932,14.1008283491672,14.1008283491672,1.7799500430028
167324.789633588,3,0,152.999833183392,73085.7403115701,328.087337005647,1309.33335843199,1349.81300342168,1540.91601672683,85377.9181047699,-415457.788012731,75.2077382773358,0,7.98884296417236,229.999984741211,229.999984741211,3.6932881660304,3.6932881660304,0.326027600044932,14.0672884514027,14.0672884514027,1.77256131143231
167325.029633588,3,0,152.48369586385,73164.4110425549,327.505465109408,1311.33634480843,1351.61490036625,1542.77192242909,85441.5400807913,-414776.192884709,75.2478934707988,0,7.98310804367065,229.999984741211,229.999984741211,3.69680537638259,3.69680537638259,0.326027600044932,14.022728347635,14.022728347635,1.76326689706607
167325.209633588,3,0,152.096592874194,73223.3224999455,327.06997952426,1312.83992230465,1352.96837845637,1544.16575189199,85489.2698879107,-414263.22855026,75.2785383355659,0,7.97880697250366,229.999984741211,229.999984741211,3.69944560665463,3.69944560665463,0.326027600044932,13.9894102297655,13.9894102297655,1.75658675838628
167325.389633588,3,0,151.709489884538,73282.1556271326,326.63530594948,1314.34464157615,1354.32361713611,1545.56120871338,85537.0133406301,-413748.744475051,75.3096448508247,0,7.97450590133667,229.999984741211,229.999984741211,3.70208788023608,3.70208788023608,0.326027600044932,13.9561758444067,13.9561758444067,1.75007756340656
167325.629633588,3,0,151.193352564997,73360.4781657601,326.057180923701,1316.35267290373,1356.13334325674,1547.42434717077,85600.7061020856,-413060.404973817,75.3518825209374,0,7.96877098083496,229.999984741211,229.999984741211,3.70561417177741,3.70561417177741,0.326027600044932,13.9120090088183,13.9120090088183,1.74209301913259
167325.809633588,3,0,150.806249575341,73419.1290691798,325.62447419225,1317.86004381267,1357.49268626793,1548.82359734879,85648.488161791,-412542.358164259,75.3840937834831,0,7.96446990966797,229.999984741211,229.999984741211,3.70826123119376,3.70826123119376,0.326027600044932,13.8789861690177,13.8789861690177,1.73636213347531
167325.989633588,3,0,150.419146585685,73477.7021469257,325.192597126207,1319.36855545919,1358.85378549723,1550.2244716384,85696.2864204561,-412022.774027516,75.416780579758,0,7.96016883850098,229.999984741211,229.999984741211,3.71091034978775,3.71091034978775,0.326027600044932,13.8460533314772,13.8460533314772,1.73076351796564
167326.229633587,3,0,149.903009266143,73555.67878102,324.618048765708,1321.38168105904,1360.67131395605,1552.09482915494,85760.043088092,-411327.593549195,75.4611073651258,0,7.95443391799927,229.999984741211,229.999984741211,3.71444579354622,3.71444579354622,0.326027600044932,13.8022621921887,13.8022621921887,1.72349975861604
167326.409633587,3,0,149.515906276487,73614.0708466432,324.188103711926,1322.89285850763,1362.03650526659,1553.49948960271,85807.8803601898,-410804.399636076,75.4949148135955,0,7.95013284683228,229.999984741211,229.999984741211,3.71709973552549,3.71709973552549,0.326027600044932,13.7695457433598,13.7695457433598,1.71821532209233
167326.589633587,3,0,149.128803286831,73672.385584009,323.758985532181,1324.40518028224,1363.40344809277,1554.9057713171,85855.734920833,-410279.648899974,75.5292074787911,0,7.94583129882813,229.999984741211,229.999984741211,3.71975597582323,3.71975597582323,0.326027600044932,13.7368953013398,13.7368953013398,1.71303786509146
167326.829633587,3,0,148.61266596729,73750.0185347592,323.188114642994,1326.42338996685,1365.22875991449,1556.78333327789,85919.5686019856,-409577.549720038,75.5756912992038,0,7.94009685516357,229.999984741211,229.999984741211,3.72330041942143,3.72330041942143,0.326027600044932,13.6935069512844,13.6935069512844,1.70636662548306
167327.009633587,3,0,148.225562977634,73808.1534175402,322.760924825538,1327.93838451797,1366.59978328347,1558.19339368326,85967.4649615063,-409049.143856768,75.611128144684,0,7.93579530715942,229.999984741211,229.999984741211,3.72596152100532,3.72596152100532,0.326027600044932,13.6610687782925,13.6610687782925,1.70151766855522
167327.189633587,3,0,147.838459987978,73866.2114672597,322.334560496869,1329.45452611422,1367.97255304932,1559.60507199906,86015.3798314339,-408519.161653147,75.6470604756447,0,7.93149423599243,229.999984741211,229.999984741211,3.72862449009646,3.72862449009646,0.326027600044932,13.6287268004342,13.6287268004342,1.69680831090687
167327.429633587,3,0,147.322322668437,73943.5029404153,321.767358446454,1331.47783454994,1369.80562740098,1561.489825441,86079.2957994032,-407810.056210217,75.6957465761393,0,7.92575931549072,229.999984741211,229.999984741211,3.73217845159629,3.73217845159629,0.326027600044932,13.5857242040537,13.5857242040537,1.69071400668146
167327.609633587,3,0,146.935219678781,74001.3822921048,321.342919061494,1332.99665684478,1371.18246735813,1562.90527615811,86127.2553650206,-407276.372479646,75.732847508458,0,7.92145824432373,229.999984741211,229.999984741211,3.73484631884649,3.73484631884649,0.326027600044932,13.5535802083839,13.5535802083839,1.68630436682552
167327.789633587,3,0,146.548116689125,74059.185305245,320.91930400049,1334.51662889931,1372.56104872932,1564.32234152077,86175.2347166921,-406741.092582419,75.7704545797728,0,7.91715717315674,229.999984741211,229.999984741211,3.73751629333725,3.73751629333725,0.326027600044932,13.5215200930797,13.5215200930797,1.68202899654762
167328.029633586,3,0,146.031979369583,74136.1374985703,320.35576496071,1336.54504971325,1374.40186483304,1566.21427332918,86239.2386080417,-406024.892251729,75.8213902764587,0,7.91142225265503,229.999984741211,229.999984741211,3.74107962084241,3.74107962084241,0.326027600044932,13.4789082860641,13.4789082860641,1.67653119061234
167328.209633586,3,0,145.644876379927,74193.762967328,319.934070956786,1338.06770928509,1375.7845050699,1567.63510378901,86287.2655913909,-405485.864026744,75.860190962869,0,7.90712118148804,229.999984741211,229.999984741211,3.74375453128164,3.74375453128164,0.326027600044932,13.4470503298209,13.4470503298209,1.67256188554425
167328.389633586,3,0,145.257773390271,74251.3125929158,319.513199233386,1339.59152195461,1377.16888222797,1569.05754612822,86335.3136137461,-404945.219280174,75.8995086229521,0,7.90282011032104,229.999984741211,229.999984741211,3.74643156523078,3.74643156523078,0.326027600044932,13.4152731813197,13.4152731813197,1.66870713104526
167328.629633586,3,0,144.74163607073,74327.9277029183,318.953316414828,1341.62506772041,1379.01741844976,1570.95664226384,86399.4111468786,-404221.834333674,75.9527424534677,0,7.89708518981934,229.999984741211,229.999984741211,3.75000433099452,3.75000433099452,0.326027600044932,13.3730437079307,13.3730437079307,1.66378605695117
167328.809633586,3,0,144.354533081074,74385.3009344575,318.534362290192,1343.15157446858,1380.40584320592,1572.38284239321,86447.5098567979,-403677.39378328,75.9932796476991,0,7.89278411865234,229.999984741211,229.999984741211,3.75268633894161,3.75268633894161,0.326027600044932,13.3414723747924,13.3414723747924,1.66025579116747
167328.989633586,3,0,144.028045267637,74442.5955462963,318.061943423672,1344.4168685338,1381.52818149058,1573.54272462668,86488.0832615369,-403216.926595233,75.9996655651252,0,7.88915634155273,229.999984741211,229.999984741211,3.75504995111485,3.75504995111485,0.32596718508882,13.3103013200514,13.3103013200514,1.65705174870138
167329.229633586,3,0,143.599592774933,74518.8540494504,317.426783335087,1346.07565474207,1382.99654051185,1575.06095659602,86541.2890980161,-402610.840913691,76.0046808761357,0,7.88439559936523,229.999984741211,229.999984741211,3.75816703865609,3.75816703865609,0.275325189842909,13.2688693668369,13.2688693668369,1.65174702513125
167329.409633586,3,0,143.272004092422,74575.9476244765,316.956893049627,1347.34784613792,1384.12712224859,1576.22881737091,86581.9603160209,-402146.064540201,76.0124022120297,0,7.88075590133667,229.999984741211,229.999984741211,3.76053926313844,3.76053926313844,0.274773114148826,13.2378533760772,13.2378533760772,1.64744585652003
167329.589633586,3,0,142.945851756269,74632.9565140378,316.486439375286,1348.61472119974,1385.25280456135,1577.39166104776,86622.4422934648,-401682.135387399,76.0196212173052,0,7.87713193893433,229.999984741211,229.999984741211,3.76290527211429,3.76290527211429,0.274316431717049,13.2069171039601,13.2069171039601,1.64308609168886
167329.829633586,3,0,142.511856069746,74708.8366997984,315.859510317011,1350.30150408879,1386.7520983226,1578.94032319388,86676.2932398656,-401062.957905439,76.0292447245209,0,7.87230968475342,229.999984741211,229.999984741211,3.76605731472557,3.76605731472557,0.273722928684059,13.1657667086686,13.1657667086686,1.6371165181026
167330.009633585,3,0,142.186914261428,74765.6481455265,315.389664396207,1351.56523508782,1387.87579599399,1580.10091282674,86716.6004928038,-400597.979896034,76.0365195061946,0,7.86869955062866,229.999984741211,229.999984741211,3.76841970222297,3.76841970222297,0.27325435040071,13.1350053650607,13.1350053650607,1.63260201464819
167330.189633585,3,0,141.862562964878,74822.3750476865,314.92002125383,1352.8273014331,1388.99831795769,1581.26021168342,86756.8243474754,-400132.658582258,76.0437775094671,0,7.86509561538696,229.999984741211,229.999984741211,3.77078039510318,3.77078039510318,0.272797043969474,13.1043086757626,13.1043086757626,1.62800111787043
167330.429633585,3,0,141.430974986683,74897.8794778029,314.294186818368,1354.50762537418,1390.49334520688,1582.80409658656,86810.3316218123,-399511.646167524,76.0534514247581,0,7.86030006408691,229.999984741211,229.999984741211,3.77392531082205,3.77392531082205,0.272198328667386,13.0634884925739,13.0634884925739,1.62172163223295
167330.609633585,3,0,141.107844014737,74954.4092813905,313.825171804794,1355.76647700637,1391.61380369432,1583.96106517409,86850.3814726337,-399045.307029421,76.0607630946377,0,7.8567099571228,229.999984741211,229.999984741211,3.77628232533485,3.77628232533485,0.271725664758932,13.0329659995648,13.0329659995648,1.61695822259742
167330.789633585,3,0,140.785308570289,75010.8546907952,313.356368148007,1357.02362897066,1392.73304801876,1585.11670571938,86890.3481488952,-398578.640261571,76.068056354501,0,7.85312604904175,229.999984741211,229.999984741211,3.77863762036238,3.77863762036238,0.271264470132676,13.0025116887223,13.0025116887223,1.61210640548081
167331.029633585,3,0,140.356149067424,75085.9840352966,312.731666625769,1358.69734972877,1394.22364901422,1586.65565844263,86943.5129412914,-397955.856895855,76.0777752317888,0,7.84835767745972,229.999984741211,229.999984741211,3.78177507043439,3.78177507043439,0.270660802539475,12.9620198906507,12.9620198906507,1.6055064107485
167331.209633585,3,0,140.034844274085,75142.2327044205,312.26351105991,1359.95121352792,1395.34074817427,1587.80888957859,86983.3062680206,-397488.205043619,76.0851195896716,0,7.84478759765625,229.999984741211,229.999984741211,3.78412662996012,3.78412662996012,0.27018424653286,12.9317356001645,12.9317356001645,1.60048640770457
167331.389633585,3,0,139.714139745695,75198.3971337469,311.795575631431,1361.20334438289,1396.45659644062,1588.96075699813,87023.0166818416,-397020.241048946,76.0924440306563,0,7.841224193573,229.999984741211,229.999984741211,3.78647621486663,3.78647621486663,0.269719368105651,12.9015280246927,12.9015280246927,1.59538723527961
167331.629633585,3,0,139.287428425691,75273.1520828408,311.172044269431,1362.87032037132,1397.94261373057,1590.49462498264,87075.8401406605,-396395.751292857,76.1022021436564,0,7.83648300170898,229.999984741211,229.999984741211,3.78960608795212,3.78960608795212,0.269111006204799,12.861364535721,12.861364535721,1.58846915811146
167331.809633584,3,0,138.967964328414,75329.120142013,310.704776433624,1364.11909196895,1399.05623731602,1591.64400604116,87115.3778573908,-395926.834927089,76.1095750724849,0,7.83293342590332,229.999984741211,229.999984741211,3.79195187939217,3.79195187939217,0.268630770751226,12.8313264803473,12.8313264803473,1.58318700908315
167331.989633584,3,0,138.649105002198,75385.0041228622,310.237737626871,1365.36609819196,1400.16857411519,1592.79198857678,87154.8329418448,-395457.621951961,76.116926621535,0,7.82939052581787,229.999984741211,229.999984741211,3.79429567004329,3.79429567004329,0.268162385212484,12.8013581317185,12.8013581317185,1.57782527943955
167332.229633584,3,0,138.224860549993,75459.3853920401,309.61541538319,1367.02619304728,1401.64985567732,1594.32062464113,87207.3164224838,-394831.490093557,76.1267188712114,0,7.82467651367188,229.999984741211,229.999984741211,3.79741785450028,3.79741785450028,0.267549577585161,12.7615216490037,12.7615216490037,1.57055776813148
167332.409633584,3,0,137.907250952096,75515.0733820341,309.149064412827,1368.26977055001,1402.75989001265,1595.46604557551,87246.5995446767,-394361.357670523,76.1341165024133,0,7.82114744186401,229.999984741211,229.999984741211,3.79975779369112,3.79975779369112,0.26706584556384,12.7317223413733,12.7317223413733,1.56504250894084
167332.589633584,3,0,137.590250393326,75570.6774599354,308.682950686579,1369.5115516187,1403.86860284773,1596.61003437987,87285.80028289,-393890.944035917,76.1414911810396,0,7.81762552261353,229.999984741211,229.999984741211,3.80209547401297,3.80209547401297,0.266594148102562,12.7019954387489,12.7019954387489,1.5594238985043
167332.829633584,3,0,137.168490514852,75644.685786512,308.061875584813,1371.16463198538,1405.34499934943,1598.13329405042,87337.9451109624,-393263.234786268,76.1513122563989,0,7.81293916702271,229.999984741211,229.999984741211,3.80520962563097,3.80520962563097,0.26597713544423,12.6624785964779,12.6624785964779,1.55182888429756
167333.009633584,3,0,136.852748485398,75700.0942685242,307.596470404107,1372.40291701091,1406.45133411189,1599.2746481741,87376.9746876028,-392791.934648965,76.158730794821,0,7.8094310760498,229.999984741211,229.999984741211,3.80754339547807,3.80754339547807,0.265490093456344,12.6329269682362,12.6329269682362,1.54603237530779
167333.189633584,3,0,136.53761952509,75755.4190065579,307.131310684281,1373.63937470102,1407.55631281013,1600.41453670614,87415.9221339846,-392320.368970882,76.1661247672507,0,7.80592966079712,229.999984741211,229.999984741211,3.80987511167058,3.80987511167058,0.265015277747973,12.6034386007679,12.6034386007679,1.54018031410759
167333.429633584,3,0,136.118360960682,75829.0551515679,306.511521754159,1375.28531271035,1409.02768046794,1601.93228103737,87467.7297927469,-391691.146597861,76.1759698567784,0,7.80127096176147,229.999984741211,229.999984741211,3.81298111653546,3.81298111653546,0.264394272302647,12.5642356614097,12.5642356614097,1.53223782830782
167333.609633584,3,0,135.804498847892,75884.1847000063,306.047090745248,1376.51820947393,1410.13020773507,1603.06946407347,87506.5068719178,-391218.727256582,76.1834054259932,0,7.79778385162354,229.999984741211,229.999984741211,3.81530863076142,3.81530863076142,0.263904124754732,12.5349191347865,12.5349191347865,1.52619379535447
167333.789633583,3,0,135.491253569397,75939.2306831083,305.582915323061,1377.74924980645,1411.23134654796,1604.20515018344,87545.2022446314,-390746.057763496,76.1908154046251,0,7.79430294036865,229.999984741211,229.999984741211,3.81763429826175,3.81763429826175,0.263426319231848,12.5056734495184,12.5056734495184,1.52007617230267
167334.029633583,3,0,135.074515490145,76012.4953313654,304.964606523766,1379.38787431501,1412.69753275055,1605.71722713122,87596.6855692163,-390115.404004511,76.2007154324206,0,7.7896728515625,229.999984741211,229.999984741211,3.82073157361042,3.82073157361042,0.262799838627356,12.4667982997848,12.4667982997848,1.51269743690737
167334.209633583,3,0,134.762547050397,76067.3464332222,304.501172019455,1380.61528206214,1413.79613835402,1606.85012868629,87635.2107041723,-389641.916716128,76.2081620650213,0,7.78620624542236,229.999984741211,229.999984741211,3.8230529784215,3.8230529784215,0.262306992399384,12.4377280001799,12.4377280001799,1.5073271613781
167334.389633583,3,0,134.451198901641,76122.114116507,304.038016095718,1381.84080218354,1414.89332382716,1607.98150234532,87673.6555189634,-389168.195814253,76.2155851516609,0,7.7827467918396,229.999984741211,229.999984741211,3.82537204203758,3.82537204203758,0.26182656277848,12.4087209558412,12.4087209558412,1.50212361397956
167334.629633583,3,0,134.03699125854,76195.0080212079,303.42087022567,1383.4720843366,1416.35420450788,1609.48780247937,87724.7899602315,-388536.140942004,76.2254521987754,0,7.77814483642578,229.999984741211,229.999984741211,3.82846070386144,3.82846070386144,0.26119977876037,12.3701648604512,12.3701648604512,1.49540977232653
167334.809633583,3,0,133.726924216595,76249.5812336411,302.958416605425,1384.69393602616,1417.448799308,1610.61633826338,87763.0611743268,-388061.625991599,76.2328967516635,0,7.77469968795776,229.999984741211,229.999984741211,3.83077544371129,3.83077544371129,0.260704678621783,12.3413241499013,12.3413241499013,1.49080083558763
167334.989633583,3,0,133.417478525116,76304.0711921069,302.49615484225,1385.9139018865,1418.54195113737,1611.74332700837,87801.2454537018,-387586.881920896,76.2402943161389,0,7.77126121520996,229.999984741211,229.999984741211,3.83308804937205,3.83308804937205,0.260223616790018,12.3125531822668,12.3125531822668,1.48634732921369
167335.229633583,3,0,133.00580869424,76376.5950517532,301.880189029512,1387.53775883778,1419.99742278959,1613.24375198941,87852.0313468288,-386953.478190526,76.2501205528206,0,7.76668691635132,229.999984741211,229.999984741211,3.83616821530354,3.83616821530354,0.259595896542967,12.2742974672576,12.2742974672576,1.48061836202482
167335.409633583,3,0,132.697644884059,76430.8909451216,301.4185877066,1388.7540375993,1421.08794307861,1614.36786614861,87890.0386101614,-386477.958207543,76.2575246694917,0,7.76326274871826,229.999984741211,229.999984741211,3.83847643703136,3.83847643703136,0.259101254179386,12.2456870886688,12.2456870886688,1.47648282383394
167335.589633582,3,0,132.390102994313,76485.103746961,300.957205562652,1389.96841169668,1422.17700202706,1615.49041541562,87927.9607894156,-386002.221802159,76.2648857712008,0,7.75984573364258,229.999984741211,229.999984741211,3.84078226161268,3.84078226161268,0.258620064794428,12.2171466427867,12.2171466427867,1.47250054077873
167335.829633582,3,0,131.980971659626,76557.2583087432,300.342403455859,1391.584798445,1423.6269913769,1616.98489829032,87978.396337701,-385367.508785019,76.2746577233441,0,7.75530004501343,229.999984741211,229.999984741211,3.84385334340357,3.84385334340357,0.257992364722816,12.1791966273352,12.1791966273352,1.46739943837063
167336.009633582,3,0,131.674711939516,76611.2774127558,299.881667549857,1392.79546327981,1424.71338067181,1618.10453827213,88016.1401569865,-384891.016364177,76.2820171172876,0,7.75189685821533,229.999984741211,229.999984741211,3.84615495862491,3.84615495862491,0.257497922902616,12.1508060661886,12.1508060661886,1.46371981978491
167336.189633582,3,0,131.369073667102,76665.2135800986,299.421145351204,1394.0042161278,1425.79829459342,1619.22260080015,88053.7983752888,-384414.316077592,76.2893299619441,0,7.74850082397461,229.999984741211,229.999984741211,3.84845414881075,3.84845414881075,0.257017130710288,12.1224976239197,12.1224976239197,1.46020409778238
167336.429633582,3,0,130.96247950091,76736.9995363478,298.807481805859,1395.61309774735,1427.24273681358,1620.71108316176,88103.8812304232,-383778.330402819,76.2990324524895,0,7.74398326873779,229.999984741211,229.999984741211,3.85151626364435,3.85151626364435,0.25639018218198,12.0848449358033,12.0848449358033,1.45569064099033
167336.609633582,3,0,130.658122191137,76790.7423646179,298.347593024147,1396.81812549322,1428.32494971197,1621.82620836972,88141.3599224093,-383300.892096521,76.3063360728938,0,7.74060153961182,229.999984741211,229.999984741211,3.85381094674195,3.85381094674195,0.255896506098261,12.0566858680325,12.0566858680325,1.45248824931919
167336.789633582,3,0,130.354385202533,76844.4024095394,297.887914054676,1398.02123600638,1429.40567567946,1622.93974596296,88178.7526412607,-382823.253887371,76.3135901344403,0,7.73722696304321,229.999984741211,229.999984741211,3.8561031763693,3.8561031763693,0.255416610975846,12.0286025422768,12.0286025422768,1.4494100270012
167337.029633582,3,0,129.950324047412,76915.8204361091,297.275367881873,1399.6225892202,1430.84451866887,1624.42218197283,88228.480897148,-382186.028632899,76.3232097471367,0,7.73273706436157,229.999984741211,229.999984741211,3.85915644318916,3.85915644318916,0.254791064724648,11.9912387869216,11.9912387869216,1.44548923976273
167337.209633582,3,0,129.647865446529,76969.2874931282,296.816311340957,1400.82196498918,1431.92251894933,1625.53276083777,88265.6931391677,-381707.668473037,76.330447951013,0,7.72937631607056,229.999984741211,229.999984741211,3.86144434205404,3.86144434205404,0.254298669414634,11.963306113083,11.963306113083,1.44273885430679
167337.389633582,3,0,129.346025389851,77022.6719149705,296.357460162418,1402.01942233417,1432.99902470175,1626.64174589392,88302.8190453765,-381229.115021303,76.3376337470091,0,7.72602272033691,229.999984741211,229.999984741211,3.86372975940904,3.86372975940904,0.253820166328564,11.9354262691077,11.9354262691077,1.44010191929987
167337.629633581,3,0,128.944490540279,77093.7226758738,295.746011787436,1403.61323616769,1434.43222922287,1628.11810247409,88352.1910680302,-380590.679334243,76.3471583289279,0,7.72156143188477,229.999984741211,229.999984741211,3.86677358391162,3.86677358391162,0.253196616388018,11.8983710333495,11.8983710333495,1.43680511080615
167337.809633581,3,0,128.643925059232,77146.9144612587,295.287701413689,1404.8069678631,1435.50598868932,1629.22411321154,88389.130363474,-380111.412912179,76.3543045151162,0,7.71822166442871,229.999984741211,229.999984741211,3.86905460966764,3.86905460966764,0.252707804062327,11.8706474190313,11.8706474190313,1.43444854326086
167337.989633581,3,0,128.343972419343,77200.0238354474,294.829581021977,1405.99879978342,1436.5782633877,1630.32854161906,88425.9823588463,-379631.952627829,76.3613942505406,0,7.71488904953003,229.999984741211,229.999984741211,3.87133312670643,3.87133312670643,0.252231081192813,11.8429930475598,11.8429930475598,1.43152656374711
167338.229633581,3,0,127.944951966313,77270.7081361123,294.219152016023,1407.58509810332,1438.00581285875,1631.798809795,88474.9924121517,-378992.322921245,76.3707988916326,0,7.71045541763306,229.999984741211,229.999984741211,3.87436786891663,3.87436786891663,0.251611623300748,11.8062078845017,11.8062078845017,1.42752992261848
167338.409633581,3,0,127.646268286181,77323.6253270606,293.761708059906,1408.77318114198,1439.07533403473,1632.90025611026,88511.667896144,-378512.172118023,76.3778796659739,0,7.70713663101196,229.999984741211,229.999984741211,3.87664193509073,3.87664193509073,0.251121824090119,11.7787106382489,11.7787106382489,1.4239996754844
167338.589633581,3,0,127.348199629854,77376.4602192425,293.304538029382,1409.95932846334,1440.14334701426,1634.00009572815,88548.2620683286,-378031.847476911,76.3849214371899,0,7.70382452011108,229.999984741211,229.999984741211,3.87891370412493,3.87891370412493,0.250646068250875,11.7512718906017,11.7512718906017,1.42036579352076
167338.829633581,3,0,126.951687964195,77446.7788021928,292.695391254208,1411.53804362536,1441.56520513751,1635.46423805344,88596.9294917517,-377391.076344653,76.3942636394137,0,7.69941902160645,229.999984741211,229.999984741211,3.88193900781535,3.88193900781535,0.25002546474598,11.7147773626067,11.7147773626067,1.41537161475938
167339.009633581,3,0,126.654887875352,77499.4218551356,292.238927416162,1412.72041564797,1442.63043205317,1636.56106510041,88633.3491606982,-376910.084394811,76.4012991508723,0,7.69612121582031,229.999984741211,229.999984741211,3.88420602530141,3.88420602530141,0.249536697956257,11.6874990725367,11.6874990725367,1.4115458815676
167339.189633581,3,0,126.358701271397,77551.9827781579,291.782716054695,1413.9008523709,1443.69414133445,1637.65627779782,88669.6858944794,-376428.924818267,76.4082884874725,0,7.69283008575439,229.999984741211,229.999984741211,3.88647071856155,3.88647071856155,0.249061315651152,11.6602767123665,11.6602767123665,1.40762509812901
167339.42963358,3,0,125.964698037718,77621.9363400567,291.174866290183,1415.47193857463,1445.11024204084,1639.11423320714,88718.0113493257,-375787.055759814,76.4175622431879,0,7.68845224380493,229.999984741211,229.999984741211,3.88948670620315,3.88948670620315,0.248441256893262,11.6240826889162,11.6240826889162,1.40227129308822
167339.60963358,3,0,125.669779065826,77674.3058335076,290.719388678735,1416.64857573925,1446.17113444356,1640.20640473962,88754.1754533978,-375305.25159427,76.4245476253823,0,7.68517541885376,229.999984741211,229.999984741211,3.89174658718799,3.89174658718799,0.247952857231483,11.597013845208,11.597013845208,1.39815116133231
167339.78963358,3,0,125.375472961914,77726.5933755217,290.264175201428,1417.82326830261,1447.23049703413,1641.29695067588,88790.2574169213,-374823.289952107,76.4314875739865,0,7.6819052696228,229.999984741211,229.999984741211,3.89400411694389,3.89400411694389,0.247477818336651,11.570013843332,11.570013843332,1.39393825544881
167340.02963358,3,0,124.983976259199,77796.1827109535,289.657674342762,1419.38667957054,1448.64078171503,1642.74866472424,88838.244428126,-374180.3674958,76.4406967467604,0,7.67755556106567,229.999984741211,229.999984741211,3.89701043068599,3.89701043068599,0.2468581422974,11.5341096641458,11.5341096641458,1.38822264276688
167340.20963358,3,0,124.690937120151,77848.2792486984,289.203221478719,1420.55754756851,1449.69729573713,1643.83613994835,88874.1555874281,-373697.784653377,76.4476348165109,0,7.67429971694946,229.999984741211,229.999984741211,3.89926308731126,3.89926308731126,0.246369988210003,11.5072583463471,11.5072583463471,1.38379772186399
167340.38963358,3,0,124.398510372991,77900.2940191476,288.749044099129,1421.72646045298,1450.75226652255,1644.9219771093,88909.9853715426,-373215.055073076,76.4545280137622,0,7.67105054855347,229.999984741211,229.999984741211,3.90151336574495,3.90151336574495,0.245895179198044,11.4804712699023,11.4804712699023,1.37932016464604
167340.62963358,3,0,124.00951890372,77969.5199533444,288.143942669492,1423.2821496927,1452.15667520106,1646.36739396592,88957.637370721,-372571.124871409,76.4636760476703,0,7.66672801971436,229.999984741211,229.999984741211,3.9045103737536,3.9045103737536,0.245275748168055,11.4448625546904,11.4448625546904,1.37321117274141
167340.80963358,3,0,123.718358755973,78021.3441608578,287.690551548174,1424.4472123966,1453.20876489049,1647.45013003372,88993.2980893176,-372087.79807951,76.4705690814365,0,7.66349315643311,229.999984741211,229.999984741211,3.9067557188125,3.9067557188125,0.244787759134702,11.4182204608322,11.4182204608322,1.36851867378689
167340.98963358,3,0,123.427810644721,78073.0867963971,287.237447615542,1425.61030924469,1454.25929776551,1648.53121537732,89028.8782243368,-371604.335555191,76.47741788338,0,7.66026496887207,229.999984741211,229.999984741211,3.90899865882372,3.90899865882372,0.244313070306279,11.3916579595361,11.3916579595361,1.36373138533318
167341.22963358,3,0,123.041323631054,78141.9501842377,286.633795155301,1427.15822674298,1455.65776770686,1649.9702763808,89076.1985621925,-370959.444979999,76.4865077494054,0,7.65597057342529,229.999984741211,229.999984741211,3.91198576039042,3.91198576039042,0.243693747788025,11.3563293122051,11.3563293122051,1.35722518596437
167341.409633579,3,0,122.752042005221,78193.5027116467,286.181502809623,1428.31744635451,1456.70538548845,1651.04822877588,89111.6113418329,-370475.410155374,76.4933579022735,0,7.65275621414185,229.999984741211,229.999984741211,3.91422395029286,3.91422395029286,0.243205833395637,11.329906013066,11.329906013066,1.35223433711275
167341.589633579,3,0,122.463372171132,78244.9738652172,285.729508897948,1429.47468863228,1457.7514320677,1652.12451697621,89146.9442927308,-369991.251044509,76.5001642774956,0,7.64954900741577,229.999984741211,229.999984741211,3.91645946465437,3.91645946465437,0.242731179780843,11.3035540425673,11.3035540425673,1.34715555282079
167341.829633579,3,0,122.079389304616,78313.4755909501,285.127353349279,1431.01478235801,1459.14389796042,1653.55716089895,89193.9361925846,-369345.449078625,76.5091983241027,0,7.64528226852417,229.999984741211,229.999984741211,3.91943678752188,3.91943678752188,0.242111898157517,11.2685083680137,11.2685083680137,1.34025400678638
167342.009633579,3,0,121.791986036411,78364.7571084795,284.676195692634,1432.16812007451,1460.18699506323,1654.63028390687,89229.1034580128,-368860.743079763,76.516007373205,0,7.64208889007568,229.999984741211,229.999984741211,3.92166749234867,3.92166749234867,0.241623961488124,11.2423143032227,11.2423143032227,1.33500111552411
167342.189633579,3,0,121.505194422488,78415.9574578984,284.225347592854,1433.31946884235,1461.22850642081,1655.70172908931,89264.1916445066,-368375.924467229,76.5227730572917,0,7.63890218734741,229.999984741211,229.999984741211,3.92389573899576,3.92389573899576,0.241149284573897,11.2161743954651,11.2161743954651,1.3296287575076
167342.429633579,3,0,121.123715766824,78484.0984336851,283.624736111025,1434.85168580473,1462.61490187634,1657.12789360758,89310.8582833896,-367729.261230448,76.5317533463524,0,7.63466358184814,229.999984741211,229.999984741211,3.92686292336491,3.92686292336491,0.240529967892313,11.1814181838094,11.1814181838094,1.32235343536465
167342.609633579,3,0,120.83819131893,78535.1096120802,283.174888921248,1435.99907523984,1463.65342954035,1658.19613821141,89345.7928687024,-367243.933191066,76.5385589887084,0,7.63149118423462,229.999984741211,229.999984741211,3.92908605598938,3.92908605598938,0.240037481908545,11.155437308209,11.155437308209,1.31700235178751
167342.789633579,3,0,120.553282240176,78586.0397652191,282.725228947424,1437.14446966717,1464.69033648014,1659.26267398366,89380.6389569222,-366758.501132349,76.5452854596368,0,7.62832546234131,229.999984741211,229.999984741211,3.93130670291895,3.93130670291895,0.239565397682891,11.129508715085,11.129508715085,1.31215194528565
167343.029633579,3,0,120.174310786028,78653.8207787037,282.126224164602,1438.66874144656,1466.07058287683,1660.68228411749,89426.9845510927,-366111.033578525,76.5542169252995,0,7.62411499023438,229.999984741211,229.999984741211,3.93426363048652,3.93426363048652,0.238946534103851,11.0950400641753,11.0950400641753,1.3057931818177
167343.209633578,3,0,119.890668229573,78704.5621747976,281.677478499652,1439.81017163649,1467.10447216339,1661.74559010448,89461.6704876715,-365625.108910709,76.560956225297,0,7.62096309661865,229.999984741211,229.999984741211,3.9364793484717,3.9364793484717,0.238457888544075,11.0692609967534,11.0692609967534,1.30157626521132
167343.389633578,3,0,119.607635744895,78755.2227851775,281.228958862077,1440.94961421136,1468.13675044204,1662.80719732393,89496.271052939,-365139.085196276,76.5676260552651,0,7.6178183555603,229.999984741211,229.999984741211,3.93869230829163,3.93869230829163,0.237984290421731,11.0435417303343,11.0435417303343,1.29750496277846
167343.629633578,3,0,119.231166359186,78822.6447063326,280.631416656653,1442.46594488224,1469.51080096736,1664.22021476014,89542.2848408668,-364490.84153402,76.5764630944254,0,7.61363554000854,229.999984741211,229.999984741211,3.94163910882893,3.94163910882893,0.237367419266372,11.0093516889834,11.0093516889834,1.29230949617005
167343.809633578,3,0,118.949396588071,78873.1170578912,280.183696699279,1443.60143824913,1470.54004243714,1665.27857828867,89576.7167626115,-364004.334335281,76.5831123118506,0,7.61050462722778,229.999984741211,229.999984741211,3.94384708046758,3.94384708046758,0.236882005706503,10.9837833393302,10.9837833393302,1.28855423833465
167343.989633578,3,0,118.66823473626,78923.5088251673,279.73626476994,1444.73493304956,1471.56766905269,1666.33523884735,89611.0679737946,-363517.740375533,76.5897064468792,0,7.60738039016724,229.999984741211,229.999984741211,3.94605251362333,3.94605251362333,0.236410463514488,10.9582692540823,10.9582692540823,1.28491632579895
167344.229633578,3,0,118.294255506629,78990.5725945337,279.140167417956,1446.24333756418,1472.93551268034,1667.7416579699,89656.7490026939,-362868.746040757,76.5984389960246,0,7.60322523117065,229.999984741211,229.999984741211,3.94898907272861,3.94898907272861,0.235796261617131,10.9243511851393,10.9243511851393,1.28024731656516
167344.409633578,3,0,118.014351114604,79040.7765589034,278.693525628373,1447.37288606532,1473.9600919103,1668.79506709485,89690.9310028497,-362381.683371246,76.6050068807958,0,7.60011529922485,229.999984741211,229.999984741211,3.95118921084652,3.95118921084652,0.235313135815328,10.8989856952807,10.8989856952807,1.27689574437587
167344.589633578,3,0,117.735051614341,79090.9001326604,278.247168820122,1448.5004406432,1474.98305532638,1669.84677348545,89725.0321635413,-361894.539722958,76.6115175541455,0,7.59701204299927,229.999984741211,229.999984741211,3.95338678352344,3.95338678352344,0.23484390838577,10.8736808705697,10.8736808705697,1.27367319258582
167344.829633578,3,0,117.363550799418,79157.6066100055,277.652498902032,1450.00093200128,1476.34467958912,1671.24658717886,89770.3794958212,-361244.82105102,76.620135308509,0,7.5928840637207,229.999984741211,229.999984741211,3.95631323395168,3.95631323395168,0.234232921756364,10.8400270375193,10.8400270375193,1.26957741286819
167345.009633578,3,0,117.085502482571,79207.5428297605,277.206922684641,1451.12454859511,1477.36459058678,1672.2950399068,89804.3109482381,-360757.221476403,76.6266145338934,0,7.58979463577271,229.999984741211,229.999984741211,3.95850569987016,3.95850569987016,0.233752460918101,10.814862208431,10.814862208431,1.26665494036756
167345.189633577,3,0,116.808055523675,79257.398850397,276.761628306562,1452.24617808338,1478.38288702916,1673.34179234497,89838.1614535103,-360269.545883194,76.6330345760751,0,7.58671188354492,229.999984741211,229.999984741211,3.96069557383577,3.96069557383577,0.233285926731755,10.7897525768962,10.7897525768962,1.26383567398505
167345.429633577,3,0,116.439019330201,79323.7488885721,276.168370735918,1453.7387798671,1479.73829074077,1674.73500465992,89883.1744667549,-359619.125265222,76.6415287805634,0,7.58261156082153,229.999984741211,229.999984741211,3.96361155305821,3.96361155305821,0.232678567164537,10.7563704533198,10.7563704533198,1.26028687532472
167345.609633577,3,0,116.162816373108,79373.4180003963,275.723849105268,1454.85648385796,1480.75353438341,1675.77850576753,89916.8549524279,-359131.004979855,76.6479129962839,0,7.57954263687134,229.999984741211,229.999984741211,3.9657962611377,3.9657962611377,0.232201126596877,10.7314003678682,10.7314003678682,1.25777548082781
167345.789633577,3,0,115.887210794237,79423.0071029435,275.279606938444,1455.97220960721,1481.7671669816,1676.82031124952,89950.45447099,-358642.812848028,76.6542364546183,0,7.57648038864136,229.999984741211,229.999984741211,3.96797835072722,3.96797835072722,0.231737590493005,10.7064876265866,10.7064876265866,1.25537090760884
167346.029633577,3,0,115.520623776041,79489.0015436176,274.687748071434,1457.4569531214,1483.11635724998,1678.20693442467,89995.1327634318,-357991.709714666,76.6625994191186,0,7.57240724563599,229.999984741211,229.999984741211,3.97088399344436,3.97088399344436,0.231134266053664,10.6733708827129,10.6733708827129,1.25238799686871
167346.209633577,3,0,115.246254195933,79538.4041774381,274.244271003494,1458.5687696715,1484.12694067565,1679.24549487268,90028.5620193922,-357503.082645217,76.6688830547173,0,7.56935882568359,229.999984741211,229.999984741211,3.97306085818135,3.97306085818135,0.230660154158673,10.6485854009396,10.6485854009396,1.25026385008908
167346.389633577,3,0,114.972477652222,79587.7269894328,273.801071257159,1459.67861873252,1485.13591856317,1680.28236633308,90061.9103320752,-357014.387148186,76.6751045994156,0,7.56631660461426,229.999984741211,229.999984741211,3.97523532838287,3.97523532838287,0.230199914959604,10.6238744137839,10.6238744137839,1.24829243916235
167346.629633577,3,0,114.60832275716,79653.3666720218,273.210565133983,1461.1555485686,1486.4789100467,1681.66242079146,90106.2511924149,-356362.615358752,76.6833206562447,0,7.5622706413269,229.999984741211,229.999984741211,3.97813052141742,3.97813052141742,0.229602872830464,10.5910082928728,10.5910082928728,1.24580740481643
167346.809633577,3,0,114.335772452323,79702.5034948615,272.767978887619,1462.26153647852,1487.48484744247,1682.69606168823,90139.4183378731,-355873.480699308,76.6894603653595,0,7.55924224853516,229.999984741211,229.999984741211,3.98029970904024,3.98029970904024,0.229137096830906,10.5664199004105,10.5664199004105,1.24373181065533
167346.989633577,3,0,114.063806188426,79751.5607585068,272.325806057208,1463.36556684755,1488.48920952748,1683.72804197391,90172.5151846899,-355384.282627253,76.6955760775912,0,7.55622053146362,229.999984741211,229.999984741211,3.98246622638881,3.98246622638881,0.228676026402129,10.5418982257615,10.5418982257615,1.24112140293101
167347.229633576,3,0,113.702061727487,79816.8467034302,271.736734855873,1464.83472803596,1489.82604136533,1685.1015697629,90216.5257451823,-354731.856942709,76.7036661151656,0,7.55220079421997,229.999984741211,229.999984741211,3.98535136192717,3.98535136192717,0.228080945491485,10.5092867236308,10.5092867236308,1.23756467726152
167347.409633576,3,0,113.431317079005,79865.7184439655,271.29530560458,1465.93487585893,1490.82735523018,1686.13031125327,90249.4512845476,-354242.245606012,76.7097314859215,0,7.54919242858887,229.999984741211,229.999984741211,3.98751279035556,3.98751279035556,0.227617057346071,10.4848948663176,10.4848948663176,1.23476545568158
167347.589633576,3,0,113.161154694499,79914.5108050073,270.854245302775,1467.03307208135,1491.82708675603,1687.15738711154,90282.3032460803,-353752.575753731,76.7157591292188,0,7.54619073867798,229.999984741211,229.999984741211,3.98967152232277,3.98967152232277,0.227159573428126,10.4605666144247,10.4605666144247,1.23164649501062
167347.829633576,3,0,112.801809496283,79979.443872854,270.266685494722,1468.4944623923,1493.15775032819,1688.52438246072,90325.9896611114,-353099.529712381,76.7237381230975,0,7.54219818115234,229.999984741211,229.999984741211,3.99254598667692,3.99254598667692,0.226567253341817,10.4282123108968,10.4282123108968,1.22731031214257
167348.009633576,3,0,112.532862025024,80028.0511985444,269.826478431548,1469.58876792368,1494.15443487954,1689.54822074348,90358.6788199389,-352609.467308394,76.7297428618035,0,7.53920984268188,229.999984741211,229.999984741211,3.99469957286857,3.99469957286857,0.226101463264882,10.4040073127927,10.4040073127927,1.2239307731856
167348.189633576,3,0,112.264496713805,80076.5793287561,269.386596620968,1470.68111993567,1495.14952261447,1690.5703808785,90391.2910831732,-352119.354465382,76.7356954522115,0,7.53622817993164,229.999984741211,229.999984741211,3.99685043646317,3.99685043646317,0.225648724034192,10.3798692010422,10.3798692010422,1.2204823836662
167348.429633576,3,0,111.907542148304,80141.1604194,268.800628497044,1472.13472573975,1496.47399864122,1691.93082734989,90434.6596979423,-351465.726505173,76.7435786734827,0,7.53226184844971,229.999984741211,229.999984741211,3.99971462386434,3.99971462386434,0.225058607582276,10.3477787709228,10.3477787709228,1.21573457940873
167348.609633576,3,0,111.64038589641,80189.5040138945,268.361627209214,1473.22318808751,1497.46603463221,1692.94974696311,90467.1114716566,-350975.237505094,76.749513207272,0,7.52929353713989,229.999984741211,229.999984741211,4.00186028543777,4.00186028543777,0.224594545754755,10.3237737359357,10.3237737359357,1.21206647717348
167348.789633576,3,0,111.373809507916,80237.7686306359,267.922962958987,1474.30969638222,1498.45647081501,1693.96698622612,90499.4873274175,-350484.706205059,76.7553973090805,0,7.52633142471313,229.999984741211,229.999984741211,4.00400345235469,4.00400345235469,0.224143366966133,10.2998305079805,10.2998305079805,1.20830816231714
167349.029633575,3,0,111.019237028941,80301.9987149426,267.33863586881,1475.75550748482,1499.77473778564,1695.32086573016,90542.5421761809,-349830.533500005,76.7631916460444,0,7.52239179611206,229.999984741211,229.999984741211,4.0068570015604,4.0068570015604,0.223555170263044,10.2679854642851,10.2679854642851,1.20313007918258
167349.209633575,3,0,110.753865834039,80350.079314315,266.900877879244,1476.83811891026,1500.76210908962,1696.33485314973,90574.7596380617,-349339.645914743,76.7690613282947,0,7.51944303512573,229.999984741211,229.999984741211,4.00899491098236,4.00899491098236,0.223092568382686,10.2441762913247,10.2441762913247,1.19913972816242
167349.389633575,3,0,110.489072537817,80398.0811604061,266.463468161947,1477.91877368558,1501.7478754695,1697.34715583826,90606.9020941133,-348848.725104049,76.7748819510031,0,7.51650094985962,229.999984741211,229.999984741211,4.0111300468902,4.0111300468902,0.222642735676145,10.2204171994771,10.2204171994771,1.1950600837149
167349.629633575,3,0,110.136874819586,80461.9612382058,265.880831002118,1479.35677599464,1503.05990797959,1698.69444637567,90649.6471547614,-348194.046794985,76.7825939186758,0,7.51258754730225,229.999984741211,229.999984741211,4.01397310389341,4.01397310389341,0.222056192289483,10.1888417552869,10.1888417552869,1.18947092584603
167349.809633575,3,0,109.873283448014,80509.7796001594,265.444352887181,1480.43352425818,1504.04259388729,1699.70348339487,90681.6332644033,-347702.790794182,76.788403465505,0,7.50965881347656,229.999984741211,229.999984741211,4.01610292646622,4.01610292646622,0.221594821000435,10.1652196589336,10.1652196589336,1.18515249594163
167349.989633575,3,0,109.61026827192,80557.5194408093,265.008234133635,1481.50831256992,1505.02366904059,1700.71083061368,90713.5452686525,-347211.511011356,76.7941652464119,0,7.50673675537109,229.999984741211,229.999984741211,4.01822994997094,4.01822994997094,0.221146124205907,10.1416536782286,10.1416536782286,1.18072493992757
167350.229633575,3,0,109.260439051475,80621.0505406337,264.427334183857,1482.93848707186,1506.32943657838,1702.05150505415,90755.9843576207,-346556.368674073,76.8018005118565,0,7.50284957885742,229.999984741211,229.999984741211,4.02106240791995,4.02106240791995,0.220560998397452,10.110329414549,10.110329414549,1.17469734236634
167350.409633575,3,0,108.998623000476,80668.6074431604,263.992170852671,1484.0093571277,1507.30741334144,1703.05557046231,90787.7419318885,-346064.775886765,76.8075539618195,0,7.49994039535522,229.999984741211,229.999984741211,4.02318431820449,4.02318431820449,0.220100675504849,10.0868965390398,10.0868965390398,1.17006736236449
167350.589633575,3,0,108.737381689856,80716.0860632381,263.55737717217,1485.07826346106,1508.28377292418,1704.05794041297,90819.4262390422,-345573.169050294,76.8132606832533,0,7.49703788757324,229.999984741211,229.999984741211,4.02530340442785,4.02530340442785,0.219652966947343,10.0635196025023,10.0635196025023,1.16533417921375
167350.829633575,3,0,108.389915636306,80779.2692414465,262.978260936037,1486.50058703078,1509.58324082106,1705.39196744338,90861.5630860517,-344917.606423065,76.8208243734404,0,7.49317693710327,229.999984741211,229.999984741211,4.02812515745671,4.02812515745671,0.219069022837512,10.0324510230786,10.0324510230786,1.15887955956633
167351.009633574,3,0,108.129871103848,80826.5654853275,262.54444603567,1487.56556110561,1510.55648180783,1706.39103714145,90893.0948281852,-344425.709957652,76.8265251898503,0,7.49028778076172,229.999984741211,229.999984741211,4.03023881998329,4.03023881998329,0.218609604091907,10.0092034738046,10.0092034738046,1.15391646684788
167351.189633574,3,0,107.870400044425,80873.7836696346,262.111151655362,1488.62854425768,1511.5281004999,1707.3884041585,90924.564667329,-343933.820469407,76.8322196589937,0,7.48740482330322,229.999984741211,229.999984741211,4.03234988961289,4.03234988961289,0.218156355947667,9.98602500079927,9.98602500079927,1.14906522065613
167351.429633574,3,0,107.525298012725,80936.61988224,261.533871281771,1490.04296361482,1512.82120531333,1708.71572347396,90966.4030694312,-343277.894378651,76.8397154963693,0,7.48357009887695,229.999984741211,229.999984741211,4.03516083039586,4.03516083039586,0.217577879781676,9.95520822691462,9.95520822691462,1.14331416456813
167351.609633574,3,0,107.267024298081,80983.6561517918,261.101491485304,1491.10200071145,1513.78967012645,1709.7097584701,90997.715495407,-342785.737969576,76.8453805992273,0,7.48070049285889,229.999984741211,229.999984741211,4.03726642047106,4.03726642047106,0.217117165586181,9.9321567108627,9.9321567108627,1.13917616855012
167351.789633574,3,0,107.009324140291,81030.6145782272,260.669415929332,1492.15907091323,1514.75649439425,1710.70207787817,91028.9497818117,-342293.584599576,76.8509758973142,0,7.47783708572388,229.999984741211,229.999984741211,4.03936939319244,4.03936939319244,0.216673457988823,9.90916077545317,9.90916077545317,1.13534290529551
167352.029633574,3,0,106.666573007734,81093.1048793731,260.093903472274,1493.56561893997,1516.0432370823,1712.02269620286,91070.485454877,-341637.315406413,76.8583809555614,0,7.47402858734131,229.999984741211,229.999984741211,4.04216941592267,4.04216941592267,0.21609335426569,9.87858677775324,9.87858677775324,1.1303817665199
167352.209633574,3,0,106.410061454074,81139.8819983728,259.662769779047,1494.61875931722,1517.00691814912,1713.01169595824,91101.5649002939,-341144.906429374,76.8639534692189,0,7.47117853164673,229.999984741211,229.999984741211,4.04426685498514,4.04426685498514,0.21563747724222,9.8557290656193,9.8557290656193,1.12676675563157
167352.389633574,3,0,106.154119326667,81186.5815075707,259.232065012758,1495.66992369008,1517.96896679803,1713.9989867381,91132.5757951734,-340652.513955667,76.8694908630625,0,7.46833467483521,229.999984741211,229.999984741211,4.04636165245089,4.04636165245089,0.215193402194996,9.83291511075926,9.83291511075926,1.12343310599446
167352.629633574,3,0,105.813710144732,81248.726915353,258.658284795567,1497.06860725372,1519.24932881933,1715.31289030593,91173.806549962,-339995.93331947,76.8767886313183,0,7.46455240249634,229.999984741211,229.999984741211,4.04915065095249,4.04915065095249,0.214616685003089,9.80258949103974,9.80258949103974,1.11942852045672
167352.809633573,3,0,105.55895170966,81295.2456248476,258.228436207691,1498.11585733526,1520.20822496974,1716.2968559635,91204.6564664359,-339503.295689737,76.8822758939,0,7.46172189712524,229.999984741211,229.999984741211,4.0512398595041,4.0512398595041,0.21416373813486,9.77990056709281,9.77990056709281,1.11658097582075
167352.989633573,3,0,105.304758124323,81341.6869687858,257.798935166253,1499.16115645708,1521.16549527084,1717.27912173458,91235.4319959042,-339010.671555461,76.887704542124,0,7.45889759063721,229.999984741211,229.999984741211,4.05332640236169,4.05332640236169,0.213723827063591,9.75727004156663,9.75727004156663,1.11389401935805
167353.229633573,3,0,104.966672949033,81403.4885313488,257.226830923647,1500.55202963283,1522.43950164932,1718.58634082671,91276.3546933471,-338353.791149151,76.894877187233,0,7.45514106750488,229.999984741211,229.999984741211,4.05610453031393,4.05610453031393,0.213151169479686,9.72718159026337,9.72718159026337,1.11054488973718
167353.409633573,3,0,104.713654313705,81449.7496202139,256.798231601005,1501.59342810561,1523.39363103676,1719.56529428424,91306.9731835433,-337860.934463585,76.9002674536571,0,7.45232963562012,229.999984741211,229.999984741211,4.05818568936915,4.05818568936915,0.212701653305076,9.70467600023595,9.70467600023595,1.10820546358859
167353.589633573,3,0,104.461196052175,81495.9335679753,256.369974894035,1502.63288862505,1524.34614245086,1720.54255676569,91337.5171826889,-337368.094048977,76.9055972677697,0,7.44952440261841,229.999984741211,229.999984741211,4.06026415887723,4.06026415887723,0.212265181235423,9.68222742647714,9.68222742647714,1.10602933177088
167353.829633573,3,0,104.125417479346,81557.3922820282,255.79952195117,1504.01599821847,1525.61381690372,1721.84311963909,91378.1310186991,-336710.928728771,76.912635522876,0,7.44579362869263,229.999984741211,229.999984741211,4.0630313124523,4.0630313124523,0.211697076164691,9.65236704644799,9.65236704644799,1.10334045160754
167354.009633573,3,0,103.874125013112,81603.3964939846,255.372153922135,1505.05158304136,1526.56320033405,1722.81708508863,91408.5175588819,-336217.862900424,76.9179222847831,0,7.44300174713135,229.999984741211,229.999984741211,4.06510408444743,4.06510408444743,0.211251402377564,9.63003626090163,9.63003626090163,1.10150320587168
167354.189633573,3,0,103.623387868064,81649.3237867876,254.945123968662,1506.08524509313,1527.51097597452,1723.78937074334,91438.8295638019,-335724.815146443,76.9231470999841,0,7.44021558761597,229.999984741211,229.999984741211,4.06717440323025,4.06717440323025,0.21081868764388,9.60775525545334,9.60775525545334,1.09981122274979
167354.429633573,3,0,103.289896416479,81710.4406373351,254.376300347851,1507.46064689181,1528.77235195635,1725.08331526452,91479.1340656091,-335067.375779728,76.9300434255988,0,7.43651008605957,229.999984741211,229.999984741211,4.06993073919174,4.06993073919174,0.210255509025388,9.5781359605687,9.5781359605687,1.09779099019962
167354.609633573,3,0,103.040315207932,81756.1887083056,253.95014790192,1508.4904611771,1529.71701601365,1726.05232256365,91509.2883772724,-334574.10837998,76.9352213780809,0,7.43373727798462,229.999984741211,229.999984741211,4.07199530661752,4.07199530661752,0.209813948782618,9.55598728382931,9.55598728382931,1.09644432961091
167354.789633572,3,0,102.79128382875,81801.8600779191,253.524329595386,1509.5183706527,1530.66008539936,1727.01966415979,91539.3681962329,-334080.859598338,76.9403363823614,0,7.43097019195557,229.999984741211,229.999984741211,4.07405739770038,4.07405739770038,0.209385251472704,9.53387197949868,9.53387197949868,1.09524227271648
167355.029633572,3,0,102.460055682068,81862.6361034863,252.95697404873,1510.88616308436,1531.9152158392,1728.30705030992,91579.3527303392,-333423.136872196,76.9470450923647,0,7.42728996276855,229.999984741211,229.999984741211,4.07680281470554,4.07680281470554,0.208829288926904,9.50446654408282,9.50446654408282,1.09326000561953
167355.209633572,3,0,102.212166590296,81908.128861926,252.531989138011,1511.91027642788,1532.85520826535,1729.27115107307,91609.2723941484,-332929.663469208,76.9521018704902,0,7.42453527450562,229.999984741211,229.999984741211,4.07885962570908,4.07885962570908,0.208391989269491,9.48248588948232,9.48248588948232,1.091508270684
167355.389633572,3,0,101.964821135338,81953.5451934681,252.107346164534,1512.93250393462,1533.7936221839,1730.23360302692,91639.1185180738,-332436.208807391,76.9570984199207,0,7.42178726196289,229.999984741211,229.999984741211,4.08091341446864,4.08091341446864,0.207967886286873,9.46054996269685,9.46054996269685,1.08943725537641
167355.629633572,3,0,101.63583676205,82013.981507931,251.541712469933,1514.29270399561,1535.04254875448,1731.51447139781,91678.8033322619,-331778.232665038,76.9636923727106,0,7.41813182830811,229.999984741211,229.999984741211,4.08364807526665,4.08364807526665,0.207416803114536,9.43138253210367,9.43138253210367,1.08642469426909
167355.809633572,3,0,101.389626484972,82059.2197576939,251.118026221775,1515.31113144362,1535.97789312557,1732.47368953073,91708.4990247996,-331284.574060692,76.9686649429393,0,7.41539621353149,229.999984741211,229.999984741211,4.08569653212896,4.08569653212896,0.206980825222806,9.40956150933862,9.40956150933862,1.08381377376242
167355.989633572,3,0,101.143957373724,82104.3817903958,250.694712123981,1516.32767185649,1536.91165885507,1733.43125898842,91738.1236094937,-330790.943254491,76.9735848219122,0,7.41266632080078,229.999984741211,229.999984741211,4.08774246794231,4.08774246794231,0.206558354636801,9.38779872808155,9.38779872808155,1.08113452620217
167356.229633572,3,0,100.817202891721,82164.4793991757,250.130901974638,1517.6802928724,1538.15439390716,1734.70562377276,91777.517267178,-330132.743604559,76.9800906502168,0,7.40903568267822,229.999984741211,229.999984741211,4.09046627340131,4.09046627340131,0.206007499676517,9.35885902155476,9.35885902155476,1.07738208843107
167356.409633572,3,0,100.572664737227,82209.4638758665,249.708555585533,1518.69303194095,1539.0850814684,1735.65995247971,91806.992540334,-329638.927267203,76.9849866829371,0,7.40631866455078,229.999984741211,229.999984741211,4.09250656353387,4.09250656353387,0.205575468088897,9.33721716134316,9.33721716134316,1.07445145276542
167356.589633571,3,0,100.328663654841,82254.3723781676,249.286592932935,1519.70389271555,1540.01419699654,1736.6126397507,91836.3978446246,-329145.143315733,76.9898330130264,0,7.40360736846924,229.999984741211,229.999984741211,4.0945443102997,4.0945443102997,0.205155097836238,9.31562364185201,9.31562364185201,1.07144147783014
167356.829633571,3,0,100.004129000811,82314.132326624,248.724601081321,1521.04894547934,1541.25073292014,1737.88049713828,91875.5006536728,-328486.750073937,76.9962440926545,0,7.40000152587891,229.999984741211,229.999984741211,4.09725716185079,4.09725716185079,0.20460680919706,9.28691456373677,9.28691456373677,1.06725744777483
167357.009633571,3,0,99.7612538108331,82358.8638453617,248.303629487364,1522.05600663758,1542.17676670287,1738.8299416142,91904.7587792036,-327992.797913702,77.0010709881544,0,7.39730310440063,229.999984741211,229.999984741211,4.09928921172168,4.09928921172168,0.204176791923537,9.26544372097258,9.26544372097258,1.06403245202297
167357.189633571,3,0,99.5189129269348,82403.5196383884,247.883051656156,1523.0611927188,1543.1012293639,1739.77774626281,91933.947882229,-327498.885109373,77.0058501067837,0,7.39461040496826,229.999984741211,229.999984741211,4.10131869600278,4.10131869600278,0.203758258258958,9.24401138077634,9.24401138077634,1.06067655043704
167357.429633571,3,0,99.1965881431777,82462.9430300285,247.32292158472,1524.39868167929,1544.331560335,1741.0390933244,91972.7638468404,-326840.331694956,77.0121743894192,0,7.391028881073,229.999984741211,229.999984741211,4.1040207606453,4.1040207606453,0.203212174441821,9.21553623580058,9.21553623580058,1.05609817575123
167357.609633571,3,0,98.9553687612468,82507.4224257658,246.903356493503,1525.40006657316,1545.25293416617,1741.98364959468,92001.8077410315,-326346.269573375,77.0169376806481,0,7.38834857940674,229.999984741211,229.999984741211,4.10604476226373,4.10604476226373,0.202783916008973,9.19423370621783,9.19423370621783,1.05251547873333
167357.789633571,3,0,98.7146812429093,82551.8263508334,246.484195436194,1526.39957797482,1546.17273622372,1742.9265660072,92030.7835604642,-325852.254570679,77.0216550480077,0,7.38567447662354,229.999984741211,229.999984741211,4.10806591139676,4.10806591139676,0.202366962693306,9.1729792297749,9.1729792297749,1.04884902973588
167358.029633571,3,0,98.3945577094758,82610.9143177345,245.925969680384,1527.72950103626,1547.39684984161,1744.18139319998,92069.3165458926,-325193.577521752,77.0278996197124,0,7.3821177482605,229.999984741211,229.999984741211,4.11075682839234,4.11075682839234,0.201822783939513,9.14473036741053,9.14473036741053,1.04380615527583
167358.209633571,3,0,98.154987924602,82655.1424462921,245.507843404552,1528.72520668019,1548.31355309981,1745.12105276481,92098.1491261828,-324699.433564725,77.0326046259979,0,7.37945556640625,229.999984741211,229.999984741211,4.1127727106083,4.1127727106083,0.201396033701284,9.12358703850924,9.12358703850924,1.03989304872459
167358.389633571,3,0,97.9159478827003,82699.2953625361,245.090130296523,1529.71903953597,1549.22868288953,1746.05907141642,92126.9144870604,-324205.344920622,77.0372651431643,0,7.37679958343506,229.999984741211,229.999984741211,4.11478571798096,4.11478571798096,0.200980454738823,9.10250597953539,9.10250597953539,1.0358945878339
167358.62963357,3,0,97.5980181665186,82758.049058749,244.533849476721,1531.04138937298,1550.4465613213,1747.30736376189,92165.1681657406,-323546.583368346,77.0434360431871,0,7.37326717376709,229.999984741211,229.999984741211,4.1174656572668,4.1174656572668,0.200437939637352,9.07448649013081,9.07448649013081,1.03043354227247
167358.80963357,3,0,97.3600926293717,82802.0267907796,244.117191575046,1532.03141013467,1551.35858036165,1748.2421151101,92193.792121098,-323052.387085124,77.048087025002,0,7.37062358856201,229.999984741211,229.999984741211,4.11947308313636,4.11947308313636,0.200012495013782,9.05352868626876,9.05352868626876,1.02621400671896
167358.98963357,3,0,97.1226949677087,82845.9295786644,243.700956663941,1533.01955701604,1552.26902258357,1749.17522282318,92222.3497431113,-322558.255182088,77.0526949948828,0,7.36798572540283,229.999984741211,229.999984741211,4.12147787823272,4.12147787823272,0.199598083299578,9.03260904299442,9.03260904299442,1.02186448219284
167359.22963357,3,0,96.8069526549468,82904.3501822632,243.146660943212,1534.33432243279,1553.48064414176,1750.4169614554,92260.3277205261,-321899.450330503,77.0587978076061,0,7.36447715759277,229.999984741211,229.999984741211,4.12414701241018,4.12414701241018,0.199056980680095,9.00480947341073,9.00480947341073,1.0159594492251
167359.40963357,3,0,96.5706667454217,82948.0784080502,242.731532855254,1535.31864431753,1554.38796207102,1751.34678923972,92288.7481011427,-321405.23563178,77.063408368098,0,7.36185216903687,229.999984741211,229.999984741211,4.1261459103196,4.1261459103196,0.1986326701683,8.98401259552666,8.98401259552666,1.01142331882982
167359.58963357,3,0,96.3349093852856,82991.7319009097,242.31687773584,1536.30107378136,1555.29368883739,1752.27495892744,92317.105906668,-320911.102785992,77.067988264067,0,7.3592324256897,229.999984741211,229.999984741211,4.12814242236908,4.12814242236908,0.19821785538927,8.96327660618731,8.96327660618731,1.00731280832601
167359.82963357,3,0,96.0213528850583,83049.820476629,241.764669612863,1537.60821129635,1556.49900961066,1753.51010158001,92354.8161924847,-320252.311524429,77.0740449563865,0,7.35574865341187,229.999984741211,229.999984741211,4.13080012199938,4.13080012199938,0.197677194544998,8.93569724638856,8.93569724638856,1.00215703875037
167360.00963357,3,0,95.7867056291779,83093.2999566901,241.35101676493,1538.58681928208,1557.40159039408,1754.43497334348,92383.0291128731,-319758.111675856,77.0785914423366,0,7.35314130783081,229.999984741211,229.999984741211,4.13279095442306,4.13279095442306,0.197254489526714,8.91507218436873,8.91507218436873,0.99852649410646
167360.18963357,3,0,95.5525826663562,83136.7049803168,240.937848917936,1539.56354523209,1558.30258834695,1755.35819595015,92411.180682615,-319263.997830416,77.0831109293774,0,7.35053968429565,229.999984741211,229.999984741211,4.1347791126548,4.1347791126548,0.196841854781023,8.89450125105087,8.89450125105087,0.995203562043685
167360.429633569,3,0,95.2412021248985,83194.4626740217,240.387534428051,1540.86309377443,1559.50160001986,1756.58674127033,92448.6095348314,-318605.236717114,77.0890577343433,0,7.34708023071289,229.999984741211,229.999984741211,4.13742555050005,4.13742555050005,0.1963054226448,8.86714325643446,8.86714325643446,0.991099212084078
167360.609633569,3,0,95.0081829447013,83237.6943048612,239.975333487058,1541.83601485095,1560.39945442623,1757.50667082512,92476.6140770152,-318111.066666576,77.0935312161413,0,7.34449100494385,229.999984741211,229.999984741211,4.13940798055811,4.13940798055811,0.195885393359805,8.84668001003924,8.84668001003924,0.988167412059481
167360.789633569,3,0,94.7756841197447,83280.8517585539,239.563537967721,1542.80707580912,1561.29573172103,1758.42495918872,92504.5515739233,-317616.980312667,77.0979530101209,0,7.3419075012207,229.999984741211,229.999984741211,4.14138771519022,4.14138771519022,0.195476683028927,8.82626879214567,8.82626879214567,0.985365275662303
167361.029633569,3,0,94.4664616199007,83338.279774321,239.015126898493,1544.09908308687,1562.48846692576,1759.64694314569,92541.7010851797,-316958.26434691,77.1037924368505,0,7.33847188949585,229.999984741211,229.999984741211,4.14402306709494,4.14402306709494,0.1949437498827,8.79912668692937,8.79912668692937,0.981779367597983
167361.209633569,3,0,94.2350589248913,83381.2644463455,238.604346949413,1545.06635014521,1563.38161071896,1760.56194938718,92569.4958164757,-316464.136164764,77.1081820648111,0,7.33590078353882,229.999984741211,229.999984741211,4.14599702519409,4.14599702519409,0.194526820986641,8.77882090269171,8.77882090269171,0.979218778188241
167361.389633569,3,0,94.00417245955,83424.1751963294,238.193969108998,1546.03176869526,1564.27318481616,1761.47532262243,92597.2235556892,-315970.094989111,77.1125186862526,0,7.33333539962769,229.999984741211,229.999984741211,4.14796826637421,4.14796826637421,0.194121150020057,8.75857078754285,8.75857078754285,0.976786248518172
167361.629633569,3,0,93.6970936330617,83481.2746720403,237.647442374634,1547.3162711099,1565.45966083724,1762.69076610659,92634.0934235889,-315311.443833237,77.1182424736423,0,7.32992315292358,229.999984741211,229.999984741211,4.15059271004932,4.15059271004932,0.19359220302297,8.73164945991934,8.73164945991934,0.973696444917182
167361.809633569,3,0,93.4672953801219,83524.0132342645,237.238070696046,1548.27791682916,1566.34811262645,1763.60087031918,92661.6783190141,-314817.369831022,77.1225432013462,0,7.32737016677856,229.999984741211,229.999984741211,4.15255812642517,4.15255812642517,0.193178643987412,8.71150248175664,8.71150248175664,0.971514337077271
167361.989633569,3,0,93.2380088792377,83566.6781288427,236.829097857659,1549.23772829989,1567.2350048349,1764.50935245173,92689.1963185475,-314323.384857697,77.126789945312,0,7.32482242584229,229.999984741211,229.999984741211,4.15452107486946,4.15452107486946,0.192776235712167,8.6914090395635,8.6914090395635,0.969439774779551
167362.229633569,3,0,92.9330567410169,83623.450187895,236.284439349985,1550.51477479171,1568.41525213393,1765.71828952742,92725.7866568741,-313664.812284574,77.1323922974141,0,7.32143402099609,229.999984741211,229.999984741211,4.15713424930286,4.15713424930286,0.192251579715116,8.66469642391172,8.66469642391172,0.966857353893687
167362.409633568,3,0,92.704849928139,83665.9434820964,235.876463512396,1551.4708373856,1569.29903628884,1766.62351877578,92753.1617964784,-313170.80205709,77.13659982948,0,7.31889867782593,229.999984741211,229.999984741211,4.15909132518543,4.15909132518543,0.191841641735309,8.64470491359086,8.64470491359086,0.965054300896781
167362.589633568,3,0,92.4771500745444,83708.363359178,235.46888359468,1552.42508118369,1570.1812722834,1767.52713815919,92780.4701815189,-312676.882262221,77.1407526634328,0,7.3163685798645,229.999984741211,229.999984741211,4.16104591283905,4.16104591283905,0.191442728145197,8.62476863586541,8.62476863586541,0.963361200868717
167362.829633568,3,0,92.1743064358619,83764.8091187628,234.926077176731,1553.69472629707,1571.35532718127,1768.7296086838,92816.7811836952,-312018.399217555,77.146228438937,0,7.31300354003906,229.999984741211,229.999984741211,4.16364799784481,4.16364799784481,0.190922630678753,8.59826578590297,8.59826578590297,0.961284112354568
167363.009633568,3,0,91.9476771759089,83807.0579800515,234.519485714529,1554.64524810153,1572.23447253407,1769.62999442713,92843.9467822156,-311524.460271083,77.1503392929043,0,7.31048536300659,229.999984741211,229.999984741211,4.16559693714965,4.16559693714965,0.190516507207691,8.5784301042364,8.5784301042364,0.959849489388992
167363.189633568,3,0,91.7215498410684,83849.2336727978,234.113287497804,1555.59396775154,1573.11208243024,1770.52878378684,92871.0458039759,-311030.612529261,77.1543949709334,0,7.30797290802002,229.999984741211,229.999984741211,4.16754309645039,4.16754309645039,0.190121263126923,8.55865404547374,8.55865404547374,0.958540939197489
167363.429633568,3,0,91.4207955274828,83905.354239428,233.572319157812,1556.85627096121,1574.27998675839,1771.72483303531,92907.0779004372,-310372.227395786,77.1597403447803,0,7.30463123321533,229.999984741211,229.999984741211,4.17013400243562,4.17013400243562,0.189605924474459,8.53234371068412,8.53234371068412,0.9569623606848
167363.609633568,3,0,91.1957292543839,83947.3594947373,233.167101319799,1557.80129752063,1575.15452565608,1772.62041019217,92934.0342764482,-309878.365511296,77.1637516813961,0,7.30213022232056,229.999984741211,229.999984741211,4.1720747390706,4.1720747390706,0.189203792592337,8.51266688612992,8.51266688612992,0.955905373341505
167363.789633568,3,0,90.9711596526207,83989.2918280913,232.762273962541,1558.74453987791,1576.0275431538,1773.51440578893,92960.9242666482,-309384.594894828,77.1677075120111,0,7.29963541030884,229.999984741211,229.999984741211,4.1740124024671,4.1740124024671,0.188812384793952,8.49303845818666,8.49303845818666,0.954961681650568
167364.029633568,3,0,90.6724737797827,84045.0883469525,232.222996286998,1559.99958722492,1577.18934568632,1774.70408815511,92996.6679519095,-308726.301474003,77.1728773362146,0,7.29631662368774,229.999984741211,229.999984741211,4.17659231341292,4.17659231341292,0.188306039502032,8.46692867318612,8.46692867318612,0.953466403578234
167364.209633567,3,0,90.4489509368819,84086.8509143722,231.819137132929,1560.93918953064,1578.05933530829,1775.59491653973,93023.4154571967,-308232.510187498,77.176788133423,0,7.29383277893066,229.999984741211,229.999984741211,4.17852478272697,4.17852478272697,0.187905998536682,8.44739810156175,8.44739810156175,0.951931458896957
167364.389633567,3,0,90.2259214494359,84128.540832618,231.415649265684,1561.87701827558,1578.92780802115,1776.48416885628,93050.0953844944,-307738.813296757,77.1806366350809,0,7.29135465621948,229.999984741211,229.999984741211,4.18045443124591,4.18045443124591,0.187520233300971,8.42791412837416,8.42791412837416,0.950331530571737
167364.629633567,3,0,89.9292814750557,84184.0145343144,230.878322117755,1563.1248508032,1580.08357336643,1777.66754771599,93085.5719949923,-307080.631470888,77.1857165633839,0,7.28805875778198,229.999984741211,229.999984741211,4.18302326171924,4.18302326171924,0.187012738114842,8.40201021161248,8.40201021161248,0.947875960169044
167364.809633567,3,0,89.7072931859177,84225.5352635651,230.475880244762,1564.05903857006,1580.94902116017,1778.55363605334,93112.1158043559,-306586.933657295,77.1895428897852,0,7.2855920791626,229.999984741211,229.999984741211,4.18494739877984,4.18494739877984,0.186617464856841,8.38263402950565,8.38263402950565,0.945847096428029
167364.989633567,3,0,89.4857921116525,84266.9836240694,230.073790642465,1564.99147739295,1581.81297044029,1779.43816773919,93138.5910803146,-306093.326752828,77.193302017499,0,7.28313112258911,229.999984741211,229.999984741211,4.186868694959,4.186868694959,0.186233333411594,8.36330756660773,8.36330756660773,0.943555289076564
167365.229633567,3,0,89.1911846850351,84322.1356667833,229.538428502559,1566.23212414544,1582.9627149319,1780.61526222138,93173.8028669434,-305435.278569042,77.1982947060279,0,7.27985763549805,229.999984741211,229.999984741211,4.18942663291606,4.18942663291606,0.185729641309079,8.33760328241874,8.33760328241874,0.940079421813214
167365.409633567,3,0,88.9707200515097,84363.415460146,229.137456885397,1567.16091876609,1583.82363900015,1781.49662996519,93200.1479268986,-304941.691584543,77.2020526366465,0,7.27740812301636,229.999984741211,229.999984741211,4.19134237354923,4.19134237354923,0.185336619204696,8.31837865121487,8.31837865121487,0.937304230762023
167365.589633567,3,0,88.750740073024,84404.6231367895,228.736920418995,1568.0879582469,1584.6830672288,1782.37644307103,93226.4309425276,-304448.20792804,77.2057691372548,0,7.27496385574341,229.999984741211,229.999984741211,4.1932555277533,4.1932555277533,0.184953081093466,8.299198292645,8.299198292645,0.934423324126746
167365.829633567,3,0,88.4581590770566,84459.4546665257,228.203570218163,1569.32141051762,1585.82677457828,1783.54723907203,93261.3821608073,-303790.333767769,77.2106836032686,0,7.27171277999878,229.999984741211,229.999984741211,4.19580248878274,4.19580248878274,0.184451625704623,8.27369846345738,8.27369846345738,0.930356879256021
167366.009633567,3,0,88.2392117674544,84500.4943933496,227.804119482027,1570.24481107124,1586.68317050038,1784.42388325584,93287.53295184,-303296.885508099,77.2143859261318,0,7.26928043365479,229.999984741211,229.999984741211,4.19770976875087,4.19770976875087,0.18406025607009,8.25462429796909,8.25462429796909,0.927149420673478
167366.189633566,3,0,88.0207468548072,84541.4622778519,227.405114306293,1571.16645845252,1587.53807078095,1785.2989735317,93313.6227044415,-302803.548187004,77.2180491977095,0,7.26685285568237,229.999984741211,229.999984741211,4.19961471850499,4.19961471850499,0.183678158748104,8.23559639314536,8.23559639314536,0.923819220971368
167366.429633566,3,0,87.7301830576619,84595.9745156016,226.873821902207,1572.39272162295,1588.67573849334,1786.46347082077,93348.3177622826,-302145.881979854,77.2228961839429,0,7.26362419128418,229.999984741211,229.999984741211,4.2021506192724,4.2021506192724,0.183178390451335,8.21029668072651,8.21029668072651,0.91917379124421
167366.609633566,3,0,87.5127474376677,84636.7750978763,226.475925388437,1573.31072669926,1589.52759885682,1787.3353857831,93374.2774356818,-301652.600504154,77.2265499523541,0,7.26120853424072,229.999984741211,229.999984741211,4.20404965118578,4.20404965118578,0.182788322218392,8.19138054984575,8.19138054984575,0.915538875908386
167366.789633566,3,0,87.2957924058138,84677.5041190612,226.078484086965,1574.22697864228,1590.37796176012,1788.20574549092,93400.1769955653,-301159.438567311,77.2301665825718,0,7.25879764556885,229.999984741211,229.999984741211,4.20594633480848,4.20594633480848,0.182407387651427,8.17250583120244,8.17250583120244,0.911763862092571
167367.029633566,3,0,87.0072394338916,84731.6983122622,225.549291722209,1575.44604580045,1591.50957465693,1789.36393116803,93434.6198660705,-300502.020292969,77.234954217428,0,7.25559186935425,229.999984741211,229.999984741211,4.20847081618026,4.20847081618026,0.181908941940071,8.14740842589593,8.14740842589593,0.906534789879957
167367.209633566,3,0,86.7913110393039,84772.2606925939,225.15298074175,1576.35864853578,1592.35688636387,1790.23110546679,93460.3913543057,-300008.936502606,77.2385652204521,0,7.25319242477417,229.999984741211,229.999984741211,4.21036181519671,4.21036181519671,0.181519917104098,8.12863990120037,8.12863990120037,0.902451808282573
167367.389633566,3,0,86.5758617660234,84812.7517997694,224.757134653728,1577.2694968533,1593.20269748755,1791.09672189424,93486.1036416347,-299515.98153534,77.242140884575,0,7.25079870223999,229.999984741211,229.999984741211,4.21224989437328,4.21224989437328,0.181139861520207,8.10990979181334,8.10990979181334,0.898227031542264
167367.629633566,3,0,86.2893149170768,84866.6292007358,224.230179105453,1578.48134131931,1594.32823412084,1792.24857525438,93520.3053488,-298858.862410843,77.2469076600589,0,7.24761486053467,229.999984741211,229.999984741211,4.21476342690467,4.21476342690467,0.180637383466868,8.08502596754431,8.08502596754431,0.892587763529749
167367.809633566,3,0,86.0748936942513,84906.9542677565,223.835551449477,1579.3885057094,1595.17096452376,1793.11097684892,93545.896327705,-298366.022498486,77.2505010750946,0,7.24523210525513,229.999984741211,229.999984741211,4.21664605520599,4.21664605520599,0.18025047627793,8.06640131964076,8.06640131964076,0.888692662960916
167367.989633566,3,0,85.8609507361027,84947.2082988569,223.44133172383,1580.29391916019,1596.01218656287,1793.9718143437,93571.4239491577,-297873.317514877,77.2540384943504,0,7.24285507202148,229.999984741211,229.999984741211,4.21852574368941,4.21852574368941,0.179872552956122,8.04783267812056,8.04783267812056,0.885128298633449
167368.229633565,3,0,85.5764119262347,85000.7699811016,222.916532908361,1581.49850936211,1597.13158999453,1795.11728256894,93605.3787166452,-297216.54848006,77.2587473441286,0,7.2396936416626,229.999984741211,229.999984741211,4.22102796674624,4.22102796674624,0.179375419895155,8.02314287485086,8.02314287485086,0.88088612315557
167368.409633565,3,0,85.3634921218333,85040.8585892643,222.523434396948,1582.40025800869,1597.96972918819,1795.97490616257,93630.7782458533,-296723.966992385,77.2622686184347,0,7.23732757568359,229.999984741211,229.999984741211,4.22290216208481,4.22290216208481,0.178989027253121,8.004664900496,8.004664900496,0.87805520048744
167368.589633565,3,0,85.1510471136774,85080.8764631916,222.130780200822,1583.3002610775,1598.80636733805,1796.83097305696,93656.1174896982,-296231.527007192,77.2657457818975,0,7.23496723175049,229.999984741211,229.999984741211,4.22477339846555,4.22477339846555,0.178612252590288,7.98624632378254,7.98624632378254,0.87535191699687
167368.829633565,3,0,84.8684986604254,85134.1237397204,221.607945106952,1584.49767488079,1599.91967393278,1797.97009845391,93689.8123498235,-295575.104449022,77.2703340639982,0,7.23182773590088,229.999984741211,229.999984741211,4.22726450956854,4.22726450956854,0.178119913738162,7.96174664397898,7.96174664397898,0.871909146851069
167369.009633565,3,0,84.657068667189,85173.9768885158,221.216375552536,1585.39404078075,1600.75324436833,1798.82296864829,93715.0214982583,-295082.793053815,77.2737830857504,0,7.22947883605957,229.999984741211,229.999984741211,4.22912993289603,4.22912993289603,0.17773657215613,7.94342519684385,7.94342519684385,0.869490594385251
167369.189633565,3,0,84.4461100989966,85213.7595781715,220.825245897654,1586.28867053139,1601.58531945133,1799.67428855546,93740.1703370593,-294590.627112509,77.2771862180711,0,7.22713470458984,229.999984741211,229.999984741211,4.23099293572973,4.23099293572973,0.177362552351672,7.92514249379778,7.92514249379778,0.867184442293973
167369.429633565,3,0,84.1655380196703,85266.6937011046,220.30443705774,1587.47893676248,1602.69255306558,1800.80709687665,93773.6113542492,-293934.574686987,77.2816736181504,0,7.22401714324951,229.999984741211,229.999984741211,4.233472854825,4.233472854825,0.176873849164835,7.90083654922705,7.90083654922705,0.864282981994912
167369.609633565,3,0,83.9555872294624,85306.3123028429,219.914381412146,1588.36994947544,1603.52157189996,1801.65523316726,93798.6299991604,-293442.546353008,77.2850446101628,0,7.22168445587158,229.999984741211,229.999984741211,4.23533000299003,4.23533000299003,0.176493622270563,7.88265178121827,7.88265178121827,0.862230809728233
167369.789633565,3,0,83.7461037739299,85345.8607171101,219.524761587857,1589.25923937642,1604.34910505586,1802.50182953165,93823.5883949848,-292950.665475336,77.2883685707884,0,7.21935701370239,229.999984741211,229.999984741211,4.23718443322745,4.23718443322745,0.176122629669318,7.86451166376295,7.86451166376295,0.860295601592713
167370.029633564,3,0,83.4674924111345,85398.4828969684,219.005959516252,1590.44240525255,1605.45029656142,1803.62835460108,93856.7755652617,-292294.996564289,77.2927486026155,0,7.21626091003418,229.999984741211,229.999984741211,4.23965336037043,4.23965336037043,0.175637887160841,7.84039407072336,7.84039407072336,0.857860709723762
167370.209633564,3,0,83.259008794248,85437.8678559563,218.617403108116,1591.328101712,1606.27478852158,1804.47178397497,93881.6037201229,-291803.260507371,77.2960368697743,0,7.21394443511963,229.999984741211,229.999984741211,4.2415021742292,4.2415021742292,0.175261031377471,7.82235641062556,7.82235641062556,0.856177077715107
167370.389633564,3,0,83.0509880930976,85477.1828976376,218.229279065318,1592.21209033931,1607.09780625326,1805.31368552767,93906.3717592972,-291311.673038552,77.2992774049394,0,7.21163320541382,229.999984741211,229.999984741211,4.24334825190696,4.24334825190696,0.174893285525642,7.80436013692619,7.80436013692619,0.854597935134596
167370.629633564,3,0,82.7743205438876,85529.4943307977,217.712465205334,1593.38820940349,1608.19299319822,1806.43396789358,93939.3052441706,-290656.397589742,77.3035447499492,0,7.20855903625488,229.999984741211,229.999984741211,4.24580582814575,4.24580582814575,0.174412764343151,7.78041825248991,7.78041825248991,0.852658029727709
167370.809633564,3,0,82.5672911955448,85568.6465446299,217.325394771453,1594.26863118452,1609.01298801207,1807.2727222952,93963.9431010166,-290164.960523255,77.3067467130037,0,7.20625877380371,229.999984741211,229.999984741211,4.24764624861247,4.24764624861247,0.174039485396273,7.76252584602982,7.76252584602982,0.851336095763809
167370.989633564,3,0,82.3607200891889,85607.7291067564,216.938753186625,1595.14736092484,1609.8315209051,1808.10996184419,93988.5209837558,-289673.672673907,77.3099003406201,0,7.20396375656128,229.999984741211,229.999984741211,4.24948391463315,4.24948391463315,0.173675180681941,7.74465999924485,7.74465999924485,0.850120763399332
167371.229633564,3,0,82.0859784766417,85659.7309817343,216.423910661297,1596.31649164261,1610.92074621817,1809.22404737242,94021.2011471313,-289018.79787652,77.3140509488726,0,7.20091104507446,229.999984741211,229.999984741211,4.25193034182947,4.25193034182947,0.173199099878467,7.72091397119694,7.72091397119694,0.848692101592595
167371.409633564,3,0,81.8803897712211,85698.651336108,216.038313507598,1597.1916835321,1611.7362770774,1810.05816217446,94045.6489908163,-288527.664653148,77.3171636771621,0,7.19862651824951,229.999984741211,229.999984741211,4.25376259179658,4.25376259179658,0.17282956917356,7.70315337160005,7.70315337160005,0.847737800389904
167371.589633564,3,0,81.6752544261672,85737.5023053908,215.653142107747,1598.06520058424,1612.55035983975,1810.89077659216,94070.0370546287,-288036.680478975,77.3202278248939,0,7.1963472366333,229.999984741211,229.999984741211,4.25559206953209,4.25559206953209,0.172468843646625,7.68543388564095,7.68543388564095,0.846897607947671
167371.829633564,3,0,81.4024200200824,85789.1958002956,215.140254887358,1599.22740578918,1613.63367115966,1811.99871578567,94102.4643916551,-287382.21097316,77.3242585754602,0,7.1933159828186,229.999984741211,229.999984741211,4.25802727030664,4.25802727030664,0.171997358659848,7.66186709637987,7.66186709637987,0.845950651048756
167372.009633563,3,0,81.1982577904917,85827.8851767592,214.756119247321,1600.09741561627,1614.44477459467,1812.82822965,94126.7226233673,-286891.384638503,77.3272799144213,0,7.19104719161987,229.999984741211,229.999984741211,4.25985129281501,4.25985129281501,0.1716317120024,7.64423018157869,7.64423018157869,0.845353254788171
167372.189633563,3,0,80.9945417363004,85866.5054910254,214.372272640313,1600.96579535784,1615.25445338582,1813.65626920077,94150.9113271139,-286400.691140398,77.3302079090477,0,7.18878364562988,229.999984741211,229.999984741211,4.26167252604964,4.26167252604964,0.171277180248667,7.62663896815035,7.62663896815035,0.844337775568125
167372.429633563,3,0,80.7235895234034,85917.8919144735,213.861322578357,1602.12116972122,1616.33192994627,1814.75814417523,94183.0866255359,-285746.615080852,77.3341194044243,0,7.18577337265015,229.999984741211,229.999984741211,4.26409670779822,4.26409670779822,0.17080989861192,7.60325722995768,7.60325722995768,0.842680363281099
167372.609633563,3,0,80.5208364559838,85956.3513370217,213.478590551418,1602.98606695376,1617.13865808461,1815.58311201135,94207.1523769695,-285256.086692398,77.3370334599568,0,7.18352031707764,229.999984741211,229.999984741211,4.26591244801143,4.26591244801143,0.170450540666908,7.58576231900607,7.58576231900607,0.841223199783049
167372.789633563,3,0,80.3185252472836,85994.7419486224,213.096356412376,1603.84932350538,1617.94397604642,1816.40661750417,94231.1648002547,-284765.708019462,77.3399269879995,0,7.18127250671387,229.999984741211,229.999984741211,4.26772538106566,4.26772538106566,0.170094452708933,7.56830299073548,7.56830299073548,0.839507762428281
167373.029633563,3,0,80.049445346987,86045.82250507,212.587417928204,1604.99787729395,1619.01562573666,1817.50243752919,94263.0947895509,-284112.056985938,77.3437418185165,0,7.17828273773193,229.999984741211,229.999984741211,4.27013875246305,4.27013875246305,0.169630484940658,7.54510208270092,7.54510208270092,0.837102943560153
167373.209633563,3,0,79.8480928184367,86084.0528359996,212.206271270586,1605.85766030084,1619.81799184769,1818.32287181361,94286.9827448147,-283621.856931722,77.3466102085387,0,7.17604541778564,229.999984741211,229.999984741211,4.27194615389067,4.27194615389067,0.169270640208978,7.5277392926896,7.5277392926896,0.835190360210986
167373.389633563,3,0,79.6471810572821,86122.2146128408,211.825576168559,1606.71580709495,1620.61894333243,1819.1418405356,94310.8140435553,-283131.811895222,77.3494404917089,0,7.1738133430481,229.999984741211,229.999984741211,4.27375073038972,4.27375073038972,0.168918501232382,7.51042128734065,7.51042128734065,0.833196672255182
167373.629633563,3,0,79.3799585213003,86172.9905306788,211.318636487631,1607.85758539407,1621.68479706639,1820.23163921745,94342.4992748745,-282478.598466554,77.3531548425783,0,7.17084407806396,229.999984741211,229.999984741211,4.27615321861574,4.27615321861574,0.168457914730555,7.48738492711536,7.48738492711536,0.830022751420686
167373.809633562,3,0,79.1799977624725,86210.992727319,210.93904367695,1608.71227899083,1622.48281245849,1821.0475535816,94366.2080084109,-281988.740421904,77.3559656180621,0,7.1686224937439,229.999984741211,229.999984741211,4.27795222609733,4.27795222609733,0.168100344635961,7.47017301047069,7.47017301047069,0.827407059630445
167373.989633562,3,0,78.9804750921842,86248.9266606593,210.559916312482,1609.56534117178,1623.27941706256,1821.86200657901,94389.8614284508,-281499.043478448,77.3587427544713,0,7.16640520095825,229.999984741211,229.999984741211,4.27974896088273,4.27974896088273,0.16774981847301,7.45298993241283,7.45298993241283,0.824644493889338
167374.229633562,3,0,78.7151042476453,86299.3991986281,210.055154084352,1610.70032203261,1624.33946426027,1822.94577313656,94421.3162790436,-280846.317375678,77.3624137802391,0,7.16345691680908,229.999984741211,229.999984741211,4.28214020920223,4.28214020920223,0.167290151818671,7.43013909182203,7.43013909182203,0.820756785199264
167374.409633562,3,0,78.5165302159871,86337.174187188,209.67716375431,1611.54992368632,1625.13312363432,1823.75716339399,94444.8501939435,-280356.830229098,77.3651806156488,0,7.16125059127808,229.999984741211,229.999984741211,4.28393105279987,4.28393105279987,0.16693362035869,7.41305358842884,7.41305358842884,0.817668496520485
167374.589633562,3,0,78.3183925411674,86374.8812007545,209.299647975819,1612.39789426358,1625.92537100213,1824.56709148818,94468.3297087394,-279867.512496718,77.3679159576286,0,7.15904903411865,229.999984741211,229.999984741211,4.28571932276106,4.28571932276106,0.166584247008983,7.39600805230401,7.39600805230401,0.814459598726869
167374.829633562,3,0,78.0548660304369,86425.0516335631,208.797047898152,1613.52608639903,1626.97960611101,1825.64482312279,94499.5540429518,-279215.304889312,77.3715344133316,0,7.15612077713013,229.999984741211,229.999984741211,4.28809982940885,4.28809982940885,0.166125909955571,7.37334141988242,7.37334141988242,0.809960211810063
167375.009633562,3,0,77.8576742785107,86462.6003851759,208.420688728949,1614.37059280058,1627.76890079322,1826.45168205777,94522.9159997401,-278726.217750656,77.3742637310434,0,7.15392971038818,229.999984741211,229.999984741211,4.28988245623664,4.28988245623664,0.165770412143876,7.35638600442009,7.35638600442009,0.806392624023505
167375.189633562,3,0,77.660917478616,86500.0814548909,208.044812721368,1615.21346760881,1628.55678133897,1827.25707711833,94546.2244236716,-278237.308824898,77.376963443799,0,7.15174341201782,229.999984741211,229.999984741211,4.2916624933591,4.2916624933591,0.165421921532582,7.33947586535857,7.33947586535857,0.802731319570899
167375.429633562,3,0,77.3992303412837,86549.9510899136,207.544411886889,1616.33486214583,1629.6051882261,1828.3287595969,94577.2219135202,-277585.660978955,77.3805369485426,0,7.14883613586426,229.999984741211,229.999984741211,4.29403161646877,4.29403161646877,0.16496458337032,7.31699078081638,7.31699078081638,0.797609270808433
167375.609633562,3,0,77.2034174425676,86587.2745906904,207.169711380008,1617.17426556029,1630.39010500669,1829.13107542098,94600.4146316862,-277097.00543601,77.3832342327199,0,7.14666032791138,229.999984741211,229.999984741211,4.29580597377598,4.29580597377598,0.164609853224633,7.30016870053829,7.30016870053829,0.793600594857107
167375.789633561,3,0,77.008038412941,86624.530702273,206.795560819118,1618.01202880885,1631.17360490679,1829.93192425438,94623.5590738865,-276608.542098535,77.3859245017454,0,7.14448928833008,229.999984741211,229.999984741211,4.29757772535216,4.29757772535216,0.164259705422881,7.28339838954136,7.28339838954136,0.789532005113636
167376.029633561,3,0,76.7481904746635,86674.1007739947,206.297492387676,1619.12658390933,1632.21614686516,1830.99752139565,94654.3403702086,-275957.514283708,77.3894921517309,0,7.14160203933716,229.999984741211,229.999984741211,4.29993596610113,4.29993596610113,0.16379914661687,7.26109081427899,7.26109081427899,0.78462696540979
167376.209633561,3,0,76.5537581843278,86711.1998890181,205.924535172935,1619.96084458249,1632.99664793489,1831.7952569038,94677.3705454462,-275469.339755996,77.3921798571713,0,7.1394419670105,229.999984741211,229.999984741211,4.30170171288387,4.30170171288387,0.163446569131965,7.24441410039141,7.24441410039141,0.78134210001719
167376.389633561,3,0,76.359759354045,86748.2318666001,205.552005051028,1620.79347466557,1633.7757233779,1832.59151892307,94700.3432981083,-274981.358944998,77.3948145527511,0,7.13728618621826,229.999984741211,229.999984741211,4.3034651245469,4.3034651245469,0.1631012002866,7.22776429120094,7.22776429120094,0.778365163600979
167376.629633561,3,0,76.101744522855,86797.5035860025,205.056076047725,1621.90121309662,1634.8123865962,1833.65102200868,94730.8947823016,-274330.972896611,77.3983024061857,0,7.13441944122314,229.999984741211,229.999984741211,4.30581212505199,4.30581212505199,0.162644511340324,7.2056417617522,7.2056417617522,0.774639319413406
167376.809633561,3,0,75.9086845243758,86834.3792927712,204.684687686493,1622.7303710097,1635.5884807526,1834.44419022754,94753.7502249788,-273843.283323488,77.400916984843,0,7.13227415084839,229.999984741211,229.999984741211,4.30756978338278,4.30756978338278,0.162294672520817,7.18909047017544,7.18909047017544,0.772057856552774
167376.989633561,3,0,75.7160536038905,86871.188176618,204.313767307538,1623.55790865009,1636.36316209197,1835.23589774331,94776.5517719502,-273355.791302104,77.4034941607987,0,7.13013410568237,229.999984741211,229.999984741211,4.30932451564572,4.30932451564572,0.161950364922885,7.17258330287331,7.17258330287331,0.769609732655551
167377.229633561,3,0,75.459858911308,86920.1628906002,203.819942873017,1624.6588702831,1637.39397027787,1836.28933332518,94806.8722699769,-272706.06239826,77.4068895237082,0,7.1272873878479,229.999984741211,229.999984741211,4.31166049482979,4.31166049482979,0.161499186536922,7.15062632163956,7.15062632163956,0.76651601740317
167377.409633561,3,0,75.2681600718417,86956.8161905645,203.450145042892,1625.48295619807,1638.16568222155,1837.07796042584,94829.5558160687,-272218.869624153,77.4094396628151,0,7.12515735626221,229.999984741211,229.999984741211,4.3134097257374,4.3134097257374,0.161150279725563,7.13420353402665,7.13420353402665,0.764322531116695
167377.58963356,3,0,75.0768873767032,86993.4029536744,203.08081054592,1626.30543072203,1638.93598703792,1837.86513310161,94852.185446218,-271731.878160151,77.4119506059316,0,7.1230320930481,229.999984741211,229.999984741211,4.31515630280997,4.31515630280997,0.16080860339034,7.11782631882802,7.11782631882802,0.762249885115422
167377.82963356,3,0,74.8224983186832,87042.0819496724,202.589094515905,1627.39965841801,1639.96097192458,1838.91253519317,94882.2768275886,-271082.820648895,77.4152558938765,0,7.12020540237427,229.999984741211,229.999984741211,4.31748119251083,4.31748119251083,0.160360854554947,7.09603773186694,7.09603773186694,0.759652125921583
167378.00963356,3,0,74.6321507475843,87078.5137932685,202.220872075116,1628.21870209985,1640.72832089,1839.69664237803,94904.7884476727,-270596.136229857,77.4177362075012,0,7.11809062957764,229.999984741211,229.999984741211,4.31922194406225,4.31922194406225,0.160014921605031,7.07974524119861,7.07974524119861,0.757820921404671
167378.18963356,3,0,74.4422254701671,87114.8793825946,201.853109345934,1629.03614697373,1641.49427227135,1840.47930524095,94927.2462686831,-270109.654897893,77.4201764750276,0,7.11598014831543,229.999984741211,229.999984741211,4.32096031537274,4.32096031537274,0.159676098883485,7.06349159803976,7.06349159803976,0.756114607419412
167378.42963356,3,0,74.1896272576801,87163.2639205008,201.363482543241,1630.12368793559,1642.5134672418,1841.52070982282,94957.1086895191,-269461.280061084,77.4233860125568,0,7.11317348480225,229.999984741211,229.999984741211,4.3232740473015,4.3232740473015,0.159232063669214,7.04187272984967,7.04187272984967,0.753960785451224
167378.60963356,3,0,74.0006196024992,87199.4752476611,200.996821923952,1630.93772591765,1643.27647955083,1842.3003252485,94979.4485779548,-268975.111866581,77.4257926931408,0,7.11107349395752,229.999984741211,229.999984741211,4.32500655761675,4.32500655761675,0.158889300479027,7.02570752833662,7.02570752833662,0.752470481986543
167378.78963356,3,0,73.8120301422496,87235.6206032495,200.630617142775,1631.75017971701,1644.03810586665,1843.07850852212,95001.7347955753,-268489.147357693,77.4281586980031,0,7.10897827148438,229.999984741211,229.999984741211,4.32673638265356,4.32673638265356,0.158553528581122,7.00957727979187,7.00957727979187,0.751056168331149
167379.02963356,3,0,73.5612069402044,87283.7119297595,200.143061839443,1632.83108712027,1645.05155064176,1844.11395768784,95031.3686086329,-267841.463117398,77.4312682259794,0,7.10619115829468,229.999984741211,229.999984741211,4.32903917906486,4.32903917906486,0.158113420636908,6.98812405475786,6.98812405475786,0.749339619851827
167379.20963356,3,0,73.3735271393834,87319.7036753616,199.777949553759,1633.64016035772,1645.81025718687,1844.88911411696,95053.5370329197,-267355.81639,77.4335981728859,0,7.10410594940186,229.999984741211,229.999984741211,4.33076339790025,4.33076339790025,0.157774010924169,6.9720836248551,6.9720836248551,0.748161715969029
167379.38963356,3,0,73.1862611933441,87355.6297254059,199.413289806781,1634.44766491275,1646.56759031942,1845.66285148927,95075.6519727859,-266870.373417769,77.4358871714633,0,7.10202503204346,229.999984741211,229.999984741211,4.33248520681879,4.33248520681879,0.157441429672994,6.95608080066263,6.95608080066263,0.74710172709138
167379.629633559,3,0,72.9371963066665,87403.4290786694,198.92778808422,1635.52199620223,1647.5753290619,1846.69239186663,95105.0575829971,-266223.38497698,77.4388930365581,0,7.0992579460144,229.999984741211,229.999984741211,4.33477671058815,4.33477671058815,0.157005440638097,6.9347970106169,6.9347970106169,0.745824702571594
167379.809633559,3,0,72.7508316582695,87439.2021658225,198.56421123072,1636.326148319,1648.32976362565,1847.46312485591,95127.0548953762,-265738.263286231,77.4411437848881,0,7.09718704223633,229.999984741211,229.999984741211,4.33649287927375,4.33649287927375,0.156669540844476,6.91887364067044,6.91887364067044,0.74497218137842
167379.989633559,3,0,72.5648763635723,87474.9098350728,198.201083251388,1637.12874900724,1649.08283910422,1848.2324536695,95148.9989071167,-265253.344347927,77.443353463367,0,7.09512090682983,229.999984741211,229.999984741211,4.33820633210188,4.33820633210188,0.156340288971745,6.90298780530496,6.90298780530496,0.744221882137073
167380.229633559,3,0,72.3175523981374,87522.418441324,197.717618852406,1638.19656530765,1650.08492005425,1849.25613586994,95178.1769028518,-264607.05456945,77.4462532496076,0,7.09237289428711,229.999984741211,229.999984741211,4.34048705936949,4.34048705936949,0.155908530977979,6.88186501666408,6.88186501666408,0.743395926675247
167380.409633559,3,0,72.1324897492822,87557.9737890627,197.355564933896,1638.99584352453,1650.83512020464,1850.02248477656,95200.0035401986,-264122.459218324,77.4484230853412,0,7.09031677246094,229.999984741211,229.999984741211,4.34219483770685,4.34219483770685,0.155576245144351,6.86606772715534,6.86606772715534,0.742889797766846
167380.589633559,3,0,71.9478318071999,87593.4639930535,196.993956694826,1639.79358714887,1651.58397528822,1850.78744405032,95221.77709144,-263638.065734492,77.450551863122,0,7.08826494216919,229.999984741211,229.999984741211,4.34390017696054,4.34390017696054,0.15525040989191,6.85030850572048,6.85030850572048,0.742471918392311
167380.829633559,3,0,71.7022308559101,87640.6830695427,196.512513154592,1640.85495249316,1652.58044976566,1851.8053217329,95250.7280871425,-262992.475456162,77.4533435766823,0,7.08553600311279,229.999984741211,229.999984741211,4.3461700635296,4.3461700635296,0.154823024347927,6.82934509789573,6.82934509789573,0.742074866492823
167381.009633559,3,0,71.518454530762,87676.0216454441,196.151847563967,1641.64942887915,1653.32646341912,1852.56733780718,95272.3754002354,-262508.3917589,77.4553864965027,0,7.08349418640137,229.999984741211,229.999984741211,4.34786969547218,4.34786969547218,0.154496932558391,6.81366261186638,6.81366261186638,0.741394974405003
167381.189633559,3,0,71.3350754994318,87711.2953921747,195.791743217319,1642.44238910795,1654.07116178558,1853.32799302357,95293.9790631604,-262024.510192443,77.4574355478129,0,7.08145666122437,229.999984741211,229.999984741211,4.34956687450984,4.34956687450984,0.154174190707403,6.7980139682743,6.7980139682743,0.740460683356268
167381.429633558,3,0,71.0911758967444,87758.2263260976,195.312290112196,1643.49738820401,1655.06210025554,1854.34013914144,95322.7028835905,-261379.608284199,77.4601149267066,0,7.07874631881714,229.999984741211,229.999984741211,4.35182615196233,4.35182615196233,0.15375111327514,6.77721230306027,6.77721230306027,0.739033126066944
167381.609633558,3,0,70.9086733207724,87793.3491030892,194.953246770603,1644.28708062492,1655.80396543082,1855.09785892436,95344.189946921,-260896.057087368,77.4621220026244,0,7.0767183303833,229.999984741211,229.999984741211,4.35351788408423,4.35351788408423,0.153425863901306,6.76165072817449,6.76165072817449,0.73774069407053
167381.789633558,3,0,70.7265667276888,87828.407320691,194.594692609435,1645.07526527687,1656.54451277879,1855.85421669656,95365.6281154797,-260412.710237674,77.4641068967661,0,7.07469511032104,229.999984741211,229.999984741211,4.35520685581607,4.35520685581607,0.153105544470103,6.74612305451328,6.74612305451328,0.7362634536849
167382.029633558,3,0,70.4843576140104,87875.0513258731,194.117324296557,1646.12391624777,1657.52993434054,1856.86065116648,95394.1332923018,-259768.523467602,77.4667090359522,0,7.07200384140015,229.999984741211,229.999984741211,4.35745516865615,4.35745516865615,0.152686871280485,6.72548186538789,6.72548186538789,0.734103464430909
167382.209633558,3,0,70.303120829436,87909.9592385902,193.759884133637,1646.90884733796,1658.26766359943,1857.61408894433,95415.4596865701,-259285.518392436,77.4686727879774,0,7.06999015808105,229.999984741211,229.999984741211,4.35913866118022,4.35913866118022,0.152361301613423,6.71004032565145,6.71004032565145,0.732255247983893
167382.389633558,3,0,70.1222783966315,87944.8028725183,193.402916579842,1647.69227422562,1659.00407434231,1858.36616473934,95436.7361725642,-258802.723450171,77.4706071696424,0,7.06798076629639,229.999984741211,229.999984741211,4.36081967270456,4.36081967270456,0.152042825833337,6.69463003574704,6.69463003574704,0.730293577515378
167382.629633558,3,0,69.8817504630206,87991.1612106189,192.927706642092,1648.73459032589,1659.98399068403,1859.36690032458,95465.0295747236,-258159.280870662,77.4731588069809,0,7.06530809402466,229.999984741211,229.999984741211,4.3630572529458,4.3630572529458,0.151623767201337,6.67414545287004,6.67414545287004,0.727503960075836
167382.809633558,3,0,69.7017742127142,88025.8551977812,192.571875424095,1649.51476593246,1660.71758292419,1860.11605652232,95486.196567495,-257676.845003532,77.4750790035009,0,7.06330871582031,229.999984741211,229.999984741211,4.36473245919502,4.36473245919502,0.15130159628438,6.65882772563307,6.65882772563307,0.725303283449859
167382.989633558,3,0,69.5221896487327,88060.4851961507,192.216523644171,1650.29344459313,1661.44986238794,1860.86385683284,95507.3145141435,-257194.623507232,77.4769726015326,0,7.06131315231323,229.999984741211,229.999984741211,4.36640546531786,4.36640546531786,0.150984481070978,6.64353975208192,6.64353975208192,0.722982624409274
167383.229633558,3,0,69.2833362181654,88106.5591408875,191.743478105828,1651.32943278215,1662.42427104778,1861.85889306097,95535.3977007201,-256551.956369169,77.4794727499179,0,7.05865907669067,229.999984741211,229.999984741211,4.36863225246139,4.36863225246139,0.15056701054667,6.6232173283871,6.6232173283871,0.719703531292737
167383.409633557,3,0,69.1046145610342,88141.0401745387,191.389277064603,1652.10486177204,1663.153730016,1862.60377268785,95556.4078165275,-256070.111519256,77.4813559558536,0,7.05667352676392,229.999984741211,229.999984741211,4.37029942166356,4.37029942166356,0.150246133492691,6.60801396364381,6.60801396364381,0.7171160979886
167383.589633557,3,0,68.9262828987598,88175.4575132824,191.035561270265,1652.87879597358,1663.88187677158,1863.34729734749,95577.3695933571,-255588.488059409,77.4832141458512,0,7.05469179153442,229.999984741211,229.999984741211,4.37196437790336,4.37196437790336,0.149930152707967,6.5928444903661,6.5928444903661,0.71441342075752
167383.829633557,3,0,68.6890977501878,88221.2483706325,190.564706118479,1653.90845974876,1664.85077422769,1864.33663236747,95605.245630833,-254946.630019692,77.4856694038552,0,7.05205678939819,229.999984741211,229.999984741211,4.3741800165756,4.3741800165756,0.149514018574056,6.57268537752262,6.57268537752262,0.710647497203249
167384.009633557,3,0,68.5116262538815,88255.5174351749,190.212153871,1654.67914378025,1665.57609623264,1865.07723297102,95626.1010907327,-254465.4020008,77.487520096373,0,7.05008459091187,229.999984741211,229.999984741211,4.37583940024266,4.37583940024266,0.149194224955399,6.55759869963251,6.55759869963251,0.707672052605254
167384.189633557,3,0,68.3345433258322,88289.7231014849,189.86009286012,1655.4483337338,1666.30010517999,1865.81647813583,95646.9089139063,-253984.403207249,77.4893472359765,0,7.04811716079712,229.999984741211,229.999984741211,4.37749596626992,4.37749596626992,0.148879179268112,6.54255270955176,6.54255270955176,0.704599428443992
167384.429633557,3,0,68.0990212825922,88335.2321942409,189.391452993087,1656.47167123418,1667.26348249705,1866.80010468286,95674.5807165838,-253343.391007357,77.4917630520733,0,7.0455002784729,229.999984741211,229.999984741211,4.37970098858182,4.37970098858182,0.148464136223453,6.52254606211031,6.52254606211031,0.700320307617109
167384.609633557,3,0,67.9227962842193,88369.2902845389,189.040568539039,1657.23760752849,1667.98465950988,1867.53641947894,95695.2837147042,-252862.808203462,77.4935852570861,0,7.04354190826416,229.999984741211,229.999984741211,4.3813522476414,4.3813522476414,0.148145230000601,6.50758210339323,6.50758210339323,0.696981365642394
167384.789633557,3,0,67.7469586756077,88403.2852790396,188.690180904291,1658.00204962147,1668.70452175293,1868.27137749899,95715.9397365944,-252382.462954832,77.4953851041813,0,7.041588306427,229.999984741211,229.999984741211,4.38300067513583,4.38300067513583,0.147830949749517,6.49265372585997,6.49265372585997,0.693518374670108
167385.029633557,3,0,67.5130955132206,88448.5139436692,188.223780409239,1659.01905476545,1669.66236574536,1869.24928405285,95743.4101065149,-251742.335858388,77.4977660413711,0,7.03899002075195,229.999984741211,229.999984741211,4.38519472682049,4.38519472682049,0.147416807947516,6.47280642189637,6.47280642189637,0.688749578134713
167385.209633556,3,0,67.3381139986487,88482.3620462185,187.874695713234,1659.78022664462,1670.3793886569,1869.9813037973,95763.9713886833,-251262.43676433,77.4996081471244,0,7.0370454788208,229.999984741211,229.999984741211,4.38683781738336,4.38683781738336,0.147091426655373,6.45795950718481,6.45795950718481,0.685201723629118
167385.389633556,3,0,67.1635235585227,88516.1472857563,187.526008180411,1660.53989018118,1671.09506929648,1870.7119408905,95784.4779944679,-250782.789395246,77.5013834269433,0,7.03510570526123,229.999984741211,229.999984741211,4.38847806162386,4.38847806162386,0.146782810629141,6.44315944216719,6.44315944216719,0.68215496105646
167385.629633556,3,0,66.9313190540299,88561.0967087849,187.061921409822,1661.55053184137,1672.04734750661,1871.68409603214,95811.7532782049,-250143.601915939,77.5037508620551,0,7.03252553939819,229.999984741211,229.999984741211,4.39066137995334,4.39066137995334,0.146365023217124,6.42346716091917,6.42346716091917,0.678246238610928
167385.809633556,3,0,66.7575830131228,88594.7356957886,186.714407176568,1662.30693383251,1672.76017770478,1872.4117863301,95832.155791999,-249664.411998168,77.5055142730597,0,7.03059530258179,229.999984741211,229.999984741211,4.39229595914114,4.39229595914114,0.146052017739249,6.40874543469634,6.40874543469634,0.675664275773744
167385.989633556,3,0,66.584230150909,88628.3121551693,186.367406372339,1663.06184971977,1673.47169864067,1873.13812604727,95852.5132155782,-249185.471880655,77.5072614584261,0,7.0286693572998,229.999984741211,229.999984741211,4.39392797631964,4.39392797631964,0.145737782106281,6.39405101878843,6.39405101878843,0.673229674203624
167386.229633556,3,0,66.3536763197097,88672.9836476105,185.905460368601,1664.06616067069,1674.41841463959,1874.10453736821,95879.5815507444,-248547.238173531,77.5095448226425,0,7.02610731124878,229.999984741211,229.999984741211,4.39610050396505,4.39610050396505,0.145329324450174,6.37450844312495,6.37450844312495,0.670277374297425
167386.409633556,3,0,66.181172933185,88706.4145533313,185.55957623359,1664.81783251215,1675.12709123292,1874.82793807231,95899.8312992101,-248068.763191093,77.5112572153284,0,7.02419090270996,229.999984741211,229.999984741211,4.39772682610811,4.39772682610811,0.145015009935506,6.35989691671749,6.35989691671749,0.668194750926204
167386.589633556,3,0,66.0090509198917,88739.7832286456,185.214169245069,1665.56802524338,1675.83445936712,1875.54998985745,95920.0334785336,-247590.541563894,77.5129382963448,0,7.02227830886841,229.999984741211,229.999984741211,4.39935087179207,4.39935087179207,0.144705589644434,6.34532220637114,6.34532220637114,0.666223411500619
167386.829633556,3,0,65.7801319118076,88784.178142743,184.754373608976,1666.56605896591,1676.77565806067,1876.51070406929,95946.8974498082,-246953.267459296,77.5151456989048,0,7.01973485946655,229.999984741211,229.999984741211,4.40151225371332,4.40151225371332,0.144298405785146,6.32594346408935,6.32594346408935,0.663787623358296
167387.009633556,3,0,65.608852289819,88817.4019521278,184.410096065256,1667.31302931776,1677.48019996171,1877.22983582826,95966.9938116877,-246475.517518599,77.5167984792329,0,7.01783180236816,229.999984741211,229.999984741211,4.40313057480936,4.40313057480936,0.143986784870772,6.31144194514009,6.31144194514009,0.662063786432464
167387.189633555,3,0,65.4379505726304,88850.563820344,184.066291573344,1668.05853250291,1678.18344275867,1877.94762847574,95987.0426991258,-245998.02227806,77.5184190612322,0,7.01593255996704,229.999984741211,229.999984741211,4.40474660723786,4.40474660723786,0.143679950486713,6.29697207976463,6.29697207976463,0.660436818534889
167387.429633555,3,0,65.2106534510324,88894.6834402269,183.608625587773,1669.05033191266,1679.11915534544,1878.90267891058,96013.7023769616,-245361.71861692,77.5205442335299,0,7.0134072303772,229.999984741211,229.999984741211,4.40689708509806,4.40689708509806,0.143276129173583,6.27774059917499,6.27774059917499,0.658419726011383
167387.609633555,3,0,65.0405872804865,88927.7011133521,183.265939817145,1669.79263549718,1679.81958860399,1879.61756927926,96033.6454988539,-244884.700413264,77.522133396025,0,7.01151752471924,229.999984741211,229.999984741211,4.40850736348419,4.40850736348419,0.142967439957597,6.26335479868627,6.26335479868627,0.657021733610443
167387.789633555,3,0,64.8708952747356,88960.6571307937,182.92372274964,1670.53348633295,1680.5187345889,1880.33113283971,96053.5412595024,-244407.936745676,77.5236897951895,0,7.0096321105957,229.999984741211,229.999984741211,4.41011504099439,4.41011504099439,0.142663389678787,6.24899769005363,6.24899769005363,0.655720382235397
167388.029633555,3,0,64.6452055523426,89004.502727679,182.46816654005,1671.51910206942,1681.44900023267,1881.2805607073,96079.9968968993,-243772.609703404,77.5257280959389,0,7.00712442398071,229.999984741211,229.999984741211,4.41225485843787,4.41225485843787,0.142263175233319,6.22991435498901,6.22991435498901,0.654119144689843
167388.209633555,3,0,64.4763417456583,89037.3152149591,182.127057646867,1672.25677877647,1682.14535617198,1881.99124255046,96099.7869974927,-243296.326693858,77.5272504813967,0,7.00524806976318,229.999984741211,229.999984741211,4.41385705250142,4.41385705250142,0.141957580378413,6.21563619443552,6.21563619443552,0.653023051260842
167388.389633555,3,0,64.3078481525398,89070.0663309182,181.786413357969,1672.9930172543,1682.84043683981,1882.70061005164,96119.52987071,-242820.297897833,77.5287396656689,0,7.00337600708008,229.999984741211,229.999984741211,4.41545663288839,4.41545663288839,0.14165648418496,6.20139266168825,6.20139266168825,0.652023729976759
167388.629633555,3,0,64.0837504686764,89113.6391646144,181.332948185974,1673.97250516823,1683.76530019983,1883.64446198204,96145.781885538,-242185.950324454,77.5306878229832,0,7.00088596343994,229.999984741211,229.999984741211,4.41758573516573,4.41758573516573,0.141260013201288,6.18245063333052,6.18245063333052,0.650830829032708
167388.809633555,3,0,63.9160773666267,89146.2474080991,180.99340192903,1674.7055971243,1684.45761258076,1884.35097056725,96165.4192672257,-241710.404391224,77.5321409359083,0,6.99902296066284,229.999984741211,229.999984741211,4.41917980355227,4.41917980355227,0.140957682867509,6.16828429397414,6.16828429397414,0.650057869316426
167388.989633555,3,0,63.7487703441883,89178.7945619189,180.654316625233,1675.43726642513,1685.1486628311,1885.05617839463,96185.0096056983,-241235.111649517,77.5335607936466,0,6.99716424942017,229.999984741211,229.999984741211,4.42077124548147,4.42077124548147,0.140659646554698,6.15415113484352,6.15415113484352,0.649374750315964
167389.229633554,3,0,63.5262486843907,89222.0958811924,180.202923880618,1676.4106848723,1686.06817125795,1885.99450373949,96211.0584632057,-240601.744483424,77.5354160561275,0,6.99469184875488,229.999984741211,229.999984741211,4.42288957793401,4.42288957793401,0.140267070605216,6.13535631243235,6.13535631243235,0.648617853560505
167389.409633554,3,0,63.3597541449509,89254.5008157357,179.864927111745,1677.13923644337,1686.75647632453,1886.69687677978,96230.5435454397,-240126.935910944,77.5367982770563,0,6.99284172058105,229.999984741211,229.999984741211,4.424475781076,4.424475781076,0.139968083129911,6.12129207007389,6.12129207007389,0.648164614300054
167389.589633554,3,0,63.1936214354976,89286.8449385068,179.527387343847,1677.86638212068,1687.44353359075,1887.39796383269,96249.9817634126,-239652.378698969,77.5381472867017,0,6.99099588394165,229.999984741211,229.999984741211,4.42605934536237,4.42605934536237,0.139673207155399,6.10726687169259,6.10726687169259,0.647792842172565
167389.829633554,3,0,62.972659304181,89329.875982477,179.078049643268,1678.833793251,1688.35773852155,1888.33081596691,96275.8280793583,-239019.990257968,77.5399081347186,0,6.98854064941406,229.999984741211,229.999984741211,4.42816715608298,4.42816715608298,0.139284603725598,6.08861086971574,6.08861086971574,0.647471083563711
167390.009633554,3,0,62.8073308768725,89362.0785335561,178.741589476663,1679.55785120783,1689.0420750717,1889.02909370331,96295.1613372506,-238545.917588216,77.5412184199353,0,6.98670387268066,229.999984741211,229.999984741211,4.42974515225451,4.42974515225451,0.138989039898894,6.07465465773402,6.07465465773402,0.647330480142488
167390.189633554,3,0,62.6423599326956,89394.2205490266,178.40558295214,1680.28052002495,1689.72517824758,1889.72610030444,96314.4479554472,-238072.094336494,77.5424958136921,0,6.98487043380737,229.999984741211,229.999984741211,4.43132110185573,4.43132110185573,0.138697362066574,6.06073251894945,6.06073251894945,0.647293935247788
167390.429633554,3,0,62.4229349367679,89436.9826350696,177.958163612727,1681.24202622312,1690.63415875086,1890.65356155622,96340.0837236288,-237440.656573466,77.5441161749494,0,6.98243236541748,229.999984741211,229.999984741211,4.4334183395324,4.4334183395324,0.13831453832924,6.04221659899011,6.04221659899011,0.646636321978315
167390.609633554,3,0,62.2587573715564,89468.9838294993,177.623225737623,1681.96165186845,1691.31458004638,1891.34779865002,96359.2657323155,-236967.30949643,77.5453554410183,0,6.98060846328735,229.999984741211,229.999984741211,4.43498839251087,4.43498839251087,0.138022763130117,6.02836923275443,6.02836923275443,0.645946995095353
167390.789633554,3,0,62.0949322117198,89500.9248099377,177.288694479914,1682.67991358327,1691.99378626725,1892.04078384375,96378.3980703192,-236494.203888366,77.5465446494298,0,6.97878789901733,229.999984741211,229.999984741211,4.43655638843419,4.43655638843419,0.137735075235574,6.01454065986186,6.01454065986186,0.644983957058022
167391.029633553,3,0,61.8770334798529,89543.4192499218,176.843455326832,1683.63552231718,1692.89756916955,1892.96287974361,96403.8446679803,-235863.751608561,77.5481346463902,0,6.97636699676514,229.999984741211,229.999984741211,4.43864300191567,4.43864300191567,0.1373529570345,5.996168644243,5.996168644243,0.643434520505387
167391.209633553,3,0,61.7139979522711,89575.2200276379,176.510085978931,1684.35073919929,1693.57409731416,1893.65309910663,96422.8801324029,-235391.142572044,77.5493237712755,0,6.97455549240112,229.999984741211,229.999984741211,4.44020537640237,4.44020537640237,0.137062673412468,5.98242373795892,5.98242373795892,0.642185147447713
167391.389633553,3,0,61.5513132525899,89606.9608546713,176.177189564141,1685.06458845696,1694.24941180287,1894.34206761478,96441.8712384757,-234918.786226885,77.5504900452557,0,6.97274780273438,229.999984741211,229.999984741211,4.44176537926524,4.44176537926524,0.136775365170378,5.9687143938396,5.9687143938396,0.640865126346874
167391.629633553,3,0,61.3349337825422,89649.1888504161,175.7340707791,1686.01431871906,1695.14800137283,1895.25880483632,96467.1253567296,-234289.340701903,77.5520229471017,0,6.97034358978271,229.999984741211,229.999984741211,4.44384162046338,4.44384162046338,0.136395496165549,5.95047960690462,5.95047960690462,0.638955336384946
167391.809633553,3,0,61.1730348829098,89680.790130358,175.402296738335,1686.72513422715,1695.8206403198,1895.9450113746,96486.0172407364,-233817.491146859,77.5531717994071,0,6.96854496002197,229.999984741211,229.999984741211,4.44539597491305,4.44539597491305,0.136106928047035,5.93683828084255,5.93683828084255,0.637413635538322
167391.989633553,3,0,61.0114846419416,89712.3317471052,175.070999760818,1687.43458829907,1696.49207034555,1896.6299721119,96504.8654157623,-233345.898428807,77.5542997332667,0,6.96674966812134,229.999984741211,229.999984741211,4.44694825066638,4.44694825066638,0.135821117542389,5.92323085968253,5.92323085968253,0.6357985238659
167392.229633553,3,0,60.7966148515216,89754.2945773655,174.630019848833,1688.37846502458,1697.3854850891,1897.54137060642,96529.9299137755,-232717.479066721,77.5557840478571,0,6.96436214447021,229.999984741211,229.999984741211,4.4490140701912,4.4490140701912,0.135443008083146,5.90513434515367,5.90513434515367,0.633514458262392
167392.409633553,3,0,60.6358467242412,89785.6973195293,174.299854447261,1689.08489199832,1698.05424284306,1898.22357340653,96548.6802292288,-232246.406955217,77.5568977546777,0,6.96257591247559,229.999984741211,229.999984741211,4.45056067150939,4.45056067150939,0.135155893274423,5.89160685749151,5.89160685749151,0.631703534292477
167392.589633553,3,0,60.4754253847844,89817.0406891449,173.970169875012,1689.78996137374,1698.72179404569,1898.90453310474,96567.3874217784,-231775.597177918,77.5579919344974,0,6.96079349517822,229.999984741211,229.999984741211,4.45210487878048,4.45210487878048,0.134871378335709,5.87810098599002,5.87810098599002,0.629802162491125
167392.829633552,3,0,60.2620582432518,89858.7396419601,173.531345170992,1690.72799638351,1699.61003924779,1899.81059961765,96592.2647936011,-231148.230974586,77.559433022371,0,6.95842266082764,229.999984741211,229.999984741211,4.45416022758872,4.45416022758872,0.134494825918682,5.86014831206514,5.86014831206514,0.627138755171548
167393.009633552,3,0,60.1024157887738,89889.9448161151,173.202799882997,1691.43004300956,1700.27491903005,1900.48880300073,96610.8753412042,-230677.95695059,77.5605151729627,0,6.95664882659912,229.999984741211,229.999984741211,4.45569903940808,4.45569903940808,0.13420901507756,5.84671753515418,5.84671753515418,0.625043841999603
167393.189633552,3,0,59.9431184708844,89921.0909100556,172.874739639658,1692.13073472989,1700.93859354857,1901.16576489024,96629.4433709183,-230207.951443265,77.5615792153814,0,6.95487928390503,229.999984741211,229.999984741211,4.45723514067793,4.45723514067793,0.13392561728213,5.83332193525401,5.83332193525401,0.622845018527855
167393.429633552,3,0,59.7312478141878,89962.5272843677,172.438086273583,1693.06293605557,1701.82167075249,1902.06650241276,96654.1360444012,-229581.667650335,77.5629818061041,0,6.95252513885498,229.999984741211,229.999984741211,4.45927997009844,4.45927997009844,0.133550403450869,5.81550947557277,5.81550947557277,0.619804502325022
167393.609633552,3,0,59.5727265800452,89993.5358668374,172.111173667661,1693.76060678355,1702.48267221521,1902.74070710796,96672.6086603727,-229112.214614705,77.5640358986735,0,6.95076370239258,229.999984741211,229.999984741211,4.46081095630894,4.46081095630894,0.133265711290228,5.80217963232658,5.80217963232658,0.61741677418419
167393.789633552,3,0,59.4145490508623,90024.4856632861,171.784749007883,1694.45692521839,1703.14246949933,1903.41367172729,96691.0392636919,-228643.036303212,77.5650727355086,0,6.94900608062744,229.999984741211,229.999984741211,4.46233952673364,4.46233952673364,0.132983329136472,5.78888780038336,5.78888780038336,0.614947197382957
167394.029633552,3,0,59.2041694609397,90065.6607663183,171.350282123176,1695.38329755747,1704.0203768795,1904.30907987882,96715.5495483193,-228017.866184246,77.5664406362796,0,6.94666862487793,229.999984741211,229.999984741211,4.4643737889232,4.4643737889232,0.132609289649699,5.77121496403585,5.77121496403585,0.611528460319063
167394.209633552,3,0,59.0467655294312,90096.4737399977,171.025012743787,1696.07659596627,1704.67749863971,1904.97928559277,96733.885905007,-227549.25756311,77.5674691989353,0,6.94491958618164,229.999984741211,229.999984741211,4.46589691403909,4.46589691403909,0.132325613878235,5.75799619787109,5.75799619787109,0.608875637565591
167394.389633552,3,0,58.8897040087164,90127.2282236586,170.700234991303,1696.76854310964,1705.33341582005,1905.64825114961,96752.1807905596,-227080.930848645,77.5684814382151,0,6.94317436218262,229.999984741211,229.999984741211,4.46741761261418,4.46741761261418,0.13204411137495,5.74480186971218,5.74480186971218,0.606119669050546
167394.629633552,3,0,58.68081066765,90168.1433718961,170.267968773385,1697.68908786731,1706.20614822886,1906.53832622392,96776.5108788582,-226456.907694084,77.5698175204577,0,6.94085359573364,229.999984741211,229.999984741211,4.46944125984122,4.46944125984122,0.131671149806009,5.72726969391074,5.72726969391074,0.602333593023144
167394.809633551,3,0,58.52452053514,90198.7617274476,169.944353240907,1698.37801443287,1706.85938586265,1907.20452961029,96794.7126113666,-225989.168835822,77.5708226095429,0,6.93911695480347,229.999984741211,229.999984741211,4.47095648847054,4.47095648847054,0.131388385232031,5.71415103036094,5.71415103036094,0.599396696689531
167394.989633551,3,0,58.3685716399575,90229.3218903146,169.621232534043,1699.06559066497,1707.51141838293,1907.86949262916,96812.8733796668,-225521.719131291,77.5718120971621,0,6.93738412857056,229.999984741211,229.999984741211,4.47246927987523,4.47246927987523,0.131107697623491,5.70106706936048,5.70106706936048,0.596384359607999
167395.229633551,3,0,58.161160177423,90269.9784083129,169.191180391327,1699.98030809677,1708.37896950267,1908.75422975836,96837.0253954884,-224898.877004621,77.5731187585945,0,6.93507957458496,229.999984741211,229.999984741211,4.47448257240664,4.47448257240664,0.13073570169194,5.68366025566932,5.68366025566932,0.592221262496819
167395.409633551,3,0,58.0059806487302,90300.4031364484,168.86925663872,1700.66485920144,1709.02831724941,1909.41642587903,96855.0962008144,-224432.036395601,77.5741142181233,0,6.9333553314209,229.999984741211,229.999984741211,4.47598986951783,4.47598986951783,0.13045377330282,5.67064884890696,5.67064884890696,0.589016814759986
167395.589633551,3,0,57.8511445903038,90330.7698972548,168.547893173245,1701.34803891914,1709.67644360772,1910.07736498206,96873.131032848,-223965.506895639,77.5751191626186,0,6.9316349029541,229.999984741211,229.999984741211,4.4774947178414,4.4774947178414,0.130171536751023,5.65767040249979,5.65767040249979,0.586377600928714
167395.829633551,3,0,57.6452155913581,90371.168968962,168.120068676359,1702.25690354524,1710.53878154199,1910.95673367789,96897.1067308174,-223343.895548036,77.5763941150941,0,6.92934703826904,229.999984741211,229.999984741211,4.47949729989634,4.47949729989634,0.129800714433584,5.64041088701903,5.64041088701903,0.583030896563075
167396.009633551,3,0,57.4911469967295,90401.400913183,167.799832741646,1702.93706342404,1711.18421739198,1911.61490164765,96915.046888033,-222877.988300745,77.5773725014243,0,6.92763471603394,229.999984741211,229.999984741211,4.48099693697891,4.48099693697891,0.129518852550616,5.62750635805727,5.62750635805727,0.580818318222991
167396.189633551,3,0,57.3374186168361,90431.5752218384,167.480027328775,1703.61587400894,1711.82843933885,1912.27182181516,96932.941603228,-222412.383708904,77.578304081963,0,6.92592668533325,229.999984741211,229.999984741211,4.48249380689211,4.48249380689211,0.129240970213338,5.61462410675217,5.61462410675217,0.578822986538233
167396.429633551,3,0,57.1329604356633,90471.7181500497,167.054369656879,1704.51892946744,1712.68559383626,1913.14585396153,96956.7380460706,-221792.009653338,77.5795237859633,0,6.92365503311157,229.999984741211,229.999984741211,4.48448594037237,4.48448594037237,0.128872939026725,5.59749746934661,5.59749746934661,0.576305219130182
167396.609633551,3,0,56.9799921719916,90501.7583456044,166.73569033229,1705.19474682174,1713.32714769218,1913.80002623639,96974.5389573629,-221327.028949641,77.580430941912,0,6.92195558547974,229.999984741211,229.999984741211,4.48597726664646,4.48597726664646,0.128594910596533,5.5846873610618,5.5846873610618,0.57452879311459
167396.78963355,3,0,56.8273591106772,90531.7412087687,166.417486227195,1705.86923247504,1713.96750786797,1914.45297080788,96992.298410386,-220862.348983451,77.581314189823,0,6.92025947570801,229.999984741211,229.999984741211,4.48746643276789,4.48746643276789,0.12831914605601,5.57190689677272,5.57190689677272,0.572843121446925
167397.02963355,3,0,56.6243587737678,90571.6293238484,165.99395560563,1706.7665272832,1714.81951585348,1915.32170527517,97015.9143423591,-220243.215839987,77.5824653538423,0,6.91800403594971,229.999984741211,229.999984741211,4.48944807252063,4.48944807252063,0.127954066747305,5.55490544630824,5.55490544630824,0.570732767178068
167397.20963355,3,0,56.4724811985119,90601.478743822,165.676865922953,1707.43803322292,1715.45721637067,1915.9719112708,97033.5798553143,-219779.168948848,77.5833191683367,0,6.91631650924683,229.999984741211,229.999984741211,4.49093167132353,4.49093167132353,0.12767866951386,5.54219673117585,5.54219673117585,0.569282617695511
167397.38963355,3,0,56.3209355063797,90631.2711167829,165.3602470373,1708.10821975223,1716.0937333623,1916.62090011079,97051.2040007,-219315.422877613,77.5841483712977,0,6.91463279724121,229.999984741211,229.999984741211,4.49241279050449,4.49241279050449,0.127405414694294,5.52951473377924,5.52951473377924,0.567926312195342
167397.62963355,3,0,56.1193800385479,90670.905688261,164.938822817236,1708.9998017211,1716.94063308989,1917.48437685214,97074.6396409781,-218697.534758675,77.5852263390743,0,6.91239309310913,229.999984741211,229.999984741211,4.49438420110142,4.49438420110142,0.127043531597357,5.51264686811092,5.51264686811092,0.566242167060929
167397.80963355,3,0,55.9685832275348,90700.5652821868,164.623307262747,1709.66703234433,1717.57450923656,1918.13064681723,97092.1699185177,-218234.424528234,77.5860233346216,0,6.91071748733521,229.999984741211,229.999984741211,4.49586003913232,4.49586003913232,0.12677097540629,5.50003481861329,5.50003481861329,0.565104081094788
167397.98963355,3,0,55.8181147356601,90730.1681115536,164.308258206068,1710.33295763926,1718.2072138429,1918.77571198842,97109.6589571532,-217771.614013635,77.586795423352,0,6.90904569625854,229.999984741211,229.999984741211,4.49733338729409,4.49733338729409,0.12650037475164,5.48744955604452,5.48744955604452,0.564072844889552
167398.22963355,3,0,55.617990288326,90769.5503965509,163.888920120506,1711.21887764866,1719.04904681612,1919.63397417996,97132.9145963015,-217154.972767174,77.5877962894691,0,6.90682220458984,229.999984741211,229.999984741211,4.49929421437505,4.49929421437505,0.126141897469555,5.4707099451438,5.4707099451438,0.562833740071406
167398.40963355,3,0,55.4682636652703,90799.0211036332,163.574963678799,1711.88187347871,1719.6791321312,1920.27634290077,97150.3099078807,-216692.799043126,77.5885340776787,0,6.90515851974487,229.999984741211,229.999984741211,4.50076225837424,4.50076225837424,0.12587228197018,5.45819564642245,5.45819564642245,0.562037425647287
167398.589633549,3,0,55.3188616464939,90828.4353265277,163.26146971667,1712.54357803337,1720.30805792375,1920.91751921259,97167.6641287389,-216230.923845085,77.5892467975476,0,6.90349864959717,229.999984741211,229.999984741211,4.50222780228405,4.50222780228405,0.125604469990699,5.44570484430585,5.44570484430585,0.561330349132045
167398.829633549,3,0,55.1201536837613,90867.5665707394,162.844198434321,1713.42389233918,1721.14487124195,1921.7706155933,97190.7402114467,-215615.527598524,77.5901681633945,0,6.90129041671753,229.999984741211,229.999984741211,4.50417862321047,4.50417862321047,0.125249493206432,5.4290931106032,5.4290931106032,0.56052892620176
167399.009633549,3,0,54.9714862516065,90896.8493221982,162.531786352362,1714.08269520359,1721.77120070331,1922.40911927256,97208.0008640286,-215154.289086203,77.5908447466508,0,6.89963865280151,229.999984741211,229.999984741211,4.50563884034267,4.50563884034267,0.124982979936879,5.41667132359743,5.41667132359743,0.560047773110489
167399.189633549,3,0,54.8231395529681,90926.0758667216,162.219832423305,1714.74022294562,1722.39638475557,1923.04644502197,97225.2205831793,-214693.346489191,77.5914963870976,0,6.89799022674561,229.999984741211,229.999984741211,4.5070968587407,4.5070968587407,0.124718041949744,5.40427364515082,5.40427364515082,0.559698390866574
167399.429633549,3,0,54.6258330075283,90964.9573048244,161.804608029884,1715.61498993558,1723.22822773751,1923.89442651868,97248.1175377079,-214079.191565645,77.592336028943,0,6.89579820632935,229.999984741211,229.999984741211,4.50903700799628,4.50903700799628,0.124366689672704,5.38779225032103,5.38779225032103,0.559361514432064
167399.609633549,3,0,54.4782133534753,90994.0530229317,161.493725900076,1716.26964424806,1723.85083904393,1924.52910403189,97265.2439008717,-213618.885035152,77.5929501073199,0,6.89415788650513,229.999984741211,229.999984741211,4.51048967727958,4.51048967727958,0.124103340847482,5.37546464787458,5.37546464787458,0.559250293469844
167399.789633549,3,0,54.3309104833861,91023.0928096818,161.183297976409,1716.92303922494,1724.47231875956,1925.16261777841,97282.3295095344,-213158.871924829,77.5935394915136,0,6.89252138137817,229.999984741211,229.999984741211,4.51193982644207,4.51193982644207,0.123841353273228,5.36315934120918,5.36315934120918,0.559250253633905
167400.029633549,3,0,54.134989920803,91061.7256621494,160.770101741363,1717.79231954762,1725.29924323601,1926.00553782819,97305.0478888947,-212545.95274544,77.5942962549741,0,6.89034414291382,229.999984741211,229.999984741211,4.51387019647672,4.51387019647672,0.123493684513498,5.34679605369566,5.34679605369566,0.559431260221173
167400.209633549,3,0,53.9884064023886,91090.6352642252,160.460709824418,1718.44287290071,1725.91817500732,1926.63642928746,97322.038419071,-212086.571940912,77.5948350537597,0,6.88871574401855,229.999984741211,229.999984741211,4.51531497420632,4.51531497420632,0.123233568197198,5.33456183842002,5.33456183842002,0.559673981751841
167400.389633549,3,0,53.8421323790352,91119.4892809105,160.151709377327,1719.09220524225,1726.5360060367,1927.26618876851,97338.9841717343,-211627.4664526,77.5953256800086,0,6.88709020614624,229.999984741211,229.999984741211,4.51675784806282,4.51675784806282,0.122976792412484,5.32234947296784,5.32234947296784,0.559377187757241
167400.629633548,3,0,53.6475776207156,91157.8749056025,159.740522568158,1719.95608372563,1727.35808809151,1928.10412503537,97361.5248921948,-211015.761806029,77.5960032999975,0,6.88492870330811,229.999984741211,229.999984741211,4.51867777472638,4.51867777472638,0.122632597053898,5.30611095134242,5.30611095134242,0.558842339820746
167400.809633548,3,0,53.5020161781359,91186.5994261787,159.432646497366,1720.60259198598,1727.9733934057,1928.73128429342,97378.3832249526,-210557.296468239,77.5964870913988,0,6.88331127166748,229.999984741211,229.999984741211,4.5201152563757,4.5201152563757,0.122377605420943,5.29396321692806,5.29396321692806,0.558375846580625
167400.989633548,3,0,53.356762996801,91215.2686023391,159.125229863782,1721.24787530858,1728.5875988892,1929.35731213992,97395.2022232002,-210099.117666279,77.5969536946957,0,6.88169717788696,229.999984741211,229.999984741211,4.52155051218128,4.52155051218128,0.122118617833115,5.28184257253189,5.28184257253189,0.557704249447741
167401.229633548,3,0,53.1635642862098,91253.4082488172,158.716066151916,1722.10638159389,1729.40486271467,1930.19029007241,97417.567852627,-209488.640986917,77.5975606964171,0,6.87955045700073,229.999984741211,229.999984741211,4.5234605805638,4.5234605805638,0.121777711146614,5.26572459645392,5.26572459645392,0.556284454799806
167401.409633548,3,0,53.0190177093518,91281.9486245622,158.409762342495,1722.74886259679,1730.01655956929,1930.81373560839,97434.299426346,-209031.105037011,77.5980175288414,0,6.8779444694519,229.999984741211,229.999984741211,4.52489042336732,4.52489042336732,0.121521883499589,5.25367465046351,5.25367465046351,0.555036623072647
167401.589633548,3,0,52.8747785471664,91310.4339257908,158.103929454104,1723.39011758946,1730.62715508392,1931.43604841509,97450.9927752055,-208573.863726079,77.5984617044981,0,6.87634181976318,229.999984741211,229.999984741211,4.5263180311613,4.5263180311613,0.121266170071247,5.24164564203417,5.24164564203417,0.553695872967642
167401.829633548,3,0,52.6829308886896,91348.3288040512,157.69688960732,1724.24325042266,1731.43960207104,1932.26406976847,97473.192158329,-207964.649846957,77.5990430771366,0,6.87421035766602,229.999984741211,229.999984741211,4.52821788742692,4.52821788742692,0.1209254128327,5.2256514527451,5.2256514527451,0.551715929203354
167402.009633548,3,0,52.5393960879839,91376.6859306641,157.392165162271,1724.8817056072,1732.04768756315,1932.88379962055,97489.7983475249,-207508.066258086,77.5994741416847,0,6.87261533737183,229.999984741211,229.999984741211,4.52964037473322,4.52964037473322,0.120670739979155,5.21369285753001,5.21369285753001,0.550122704235431
167402.189633548,3,0,52.3961673122313,91404.9882688221,157.087915935637,1725.5189371129,1732.65467294214,1933.5023982317,97506.3669225005,-207051.783109863,77.5998943341907,0,6.8710241317749,229.999984741211,229.999984741211,4.53106030402195,4.53106030402195,0.120416019377368,5.2017519100946,5.2017519100946,0.548399372588151
167402.429633547,3,0,52.2056649240322,91442.6396393038,156.682994041726,1726.36670757863,1733.46230696192,1934.32546827855,97528.4008481501,-206443.856566491,77.6004461706661,0,6.86890745162964,229.999984741211,229.999984741211,4.53295022285345,4.53295022285345,0.120076369181552,5.18588847066009,5.18588847066009,0.545938388026202
167402.609633547,3,0,52.0631381008003,91470.8144696605,156.379862441753,1727.00114043329,1734.06678084646,1934.94148307576,97544.8835556507,-205988.247220522,77.6008562660519,0,6.86732387542725,229.999984741211,229.999984741211,4.53436501129265,4.53436501129265,0.119822651077232,5.17401950240749,5.17401950240749,0.543965715395627
167402.789633547,3,0,51.9209161307315,91498.9347980891,156.077209887223,1727.6343515471,1734.67015541623,1935.55636769481,97561.3292194986,-205532.944357263,77.6012570077586,0,6.86574363708496,229.999984741211,229.999984741211,4.53577754731556,4.53577754731556,0.119568710587282,5.16217484162379,5.16217484162379,0.541882963536486
167403.029633547,3,0,51.7317546357804,91536.3439377075,155.674422517949,1728.47676237205,1735.47297411583,1936.37448525591,97583.200092117,-204926.335528567,77.6017847400819,0,6.8636417388916,229.999984741211,229.999984741211,4.53765749053183,4.53765749053183,0.119229960724923,5.14642837139903,5.14642837139903,0.538940075476358
167403.209633547,3,0,51.5902326971002,91564.3374311787,155.372896095762,1729.10717412471,1736.07383381316,1936.98678329773,97599.5611036567,-204471.72374867,77.6021777595952,0,6.86206912994385,229.999984741211,229.999984741211,4.53906486610976,4.53906486610976,0.118976985663564,5.13465398471794,5.13465398471794,0.536617727936099
167403.389633547,3,0,51.4490146761626,91592.2767124482,155.071852289416,1729.73636400876,1736.67359292031,1937.59795019483,97615.8855907405,-204017.425783211,77.6025624278666,0,6.86050033569336,229.999984741211,229.999984741211,4.54046966527509,4.54046966527509,0.118723688303852,5.12290149426947,5.12290149426947,0.534157342961779
167403.629633547,3,0,51.2611905423255,91629.4449062463,154.671215763693,1730.57341290611,1737.47158896004,1938.41110910192,97637.5957248247,-203412.168298359,77.6030704597146,0,6.8584132194519,229.999984741211,229.999984741211,4.54233959502629,4.54233959502629,0.118385636772971,5.10727668912305,5.10727668912305,0.530692023812402
167403.809633547,3,0,51.1206710222412,91657.2580303048,154.371306496324,1731.19980056728,1738.06882768019,1939.01968449366,97653.8367375718,-202958.580136265,77.6034493394922,0,6.85685205459595,229.999984741211,229.999984741211,4.54373921376673,4.54373921376673,0.118133282672552,5.09559493616008,5.09559493616008,0.527940873860694
167403.989633547,3,0,50.9804546655282,91685.0172329672,154.071883480409,1731.82496658799,1738.66496490171,1939.62712802278,97670.0417568166,-202505.312992174,77.6038209836295,0,6.85529375076294,229.999984741211,229.999984741211,4.5451368791413,4.5451368791413,0.11788047255517,5.08393499773996,5.08393499773996,0.525068976686822
167404.229633547,3,0,50.7939651133661,91721.9457766861,153.673412936088,1732.65664846451,1739.45812807084,1940.43531921549,97691.5933366781,-201901.442376786,77.6043126510078,0,6.85322189331055,229.999984741211,229.999984741211,4.54699644179752,4.54699644179752,0.117542991081767,5.06843920469959,5.06843920469959,0.521036440139317
167404.409633546,3,0,50.6544465064878,91749.579477601,153.375209384714,1733.27900058243,1740.05173736698,1941.04016361975,97707.7218534146,-201448.911383671,77.6047170420525,0,6.85167169570923,229.999984741211,229.999984741211,4.54838859101136,4.54838859101136,0.117285073107037,5.05684501619663,5.05684501619663,0.518099049148317
167404.589633546,3,0,50.5152342179292,91777.1595012996,153.077447881203,1733.90011366695,1740.64422247169,1941.6438541626,97723.810920631,-200996.718703598,77.6050876322064,0,6.85012483596802,229.999984741211,229.999984741211,4.5497784618023,4.5497784618023,0.117034409298986,5.04527776682758,5.04527776682758,0.515426826050023
167404.829633546,3,0,50.3300825297954,91813.8495251586,152.681182383088,1734.72639080845,1741.43251216383,1942.44703791858,97745.207485175,-200394.292226694,77.6055715137837,0,6.84806728363037,229.999984741211,229.999984741211,4.55162825045515,4.55162825045515,0.116699542603303,5.02989875218846,5.02989875218846,0.512270472869575
167405.009633546,3,0,50.1915659106831,91841.3046561669,152.384551913039,1735.34469819183,1742.02246633165,1943.0481278008,97761.2139239566,-199942.845086844,77.6059306555009,0,6.84652853012085,229.999984741211,229.999984741211,4.55301258405067,4.55301258405067,0.116448186989428,5.01839471480685,5.01839471480685,0.510119826218861
167405.189633546,3,0,50.0533501096857,91868.7064179051,152.0883718174,1735.96179001094,1742.61131903246,1943.64808677506,97777.1821883064,-199491.72865251,77.606264287007,0,6.84499263763428,229.999984741211,229.999984741211,4.55439494813783,4.55439494813783,0.116197315071248,5.00691961865162,5.00691961865162,0.508095782265656
167405.429633546,3,0,49.8695249817458,91905.1592101841,151.694230092231,1736.78270845841,1743.39476764255,1944.44629753081,97798.41928663,-198890.746848987,77.606706011584,0,6.84295034408569,229.999984741211,229.999984741211,4.55623429202373,4.55623429202373,0.115862402652015,4.99166291155112,4.99166291155112,0.505711387920267
167405.609633546,3,0,49.7320008822019,91932.4367605418,151.399153926805,1737.39700760824,1743.98109675989,1945.04366410348,97814.3035978089,-198440.383664884,77.6070154022646,0,6.84142208099365,229.999984741211,229.999984741211,4.55761141683918,4.55761141683918,0.115613880530772,4.98025327873695,4.98025327873695,0.504063328677811
167405.789633546,3,0,49.5947751549337,91959.6612261476,151.104544677334,1738.01009853276,1744.56633179251,1945.63990728217,97830.151376919,-197990.3540879,77.6073083372105,0,6.83989715576172,229.999984741211,229.999984741211,4.55898624693662,4.55898624693662,0.115365204539854,4.96886388748067,4.96886388748067,0.502490957106221
167406.029633546,3,0,49.4122647251187,91995.8780815084,150.712458420283,1738.82570684198,1745.34497561301,1946.43318320688,97851.2255796354,-197390.815811055,77.6076800008295,0,6.83786964416504,229.999984741211,229.999984741211,4.56081542641116,4.56081542641116,0.115033664567113,4.95372094584918,4.95372094584918,0.500576150142989
167406.209633545,3,0,49.2757243206759,92022.9790087917,150.418936143973,1739.43602988295,1745.92770709604,1947.02685482574,97866.9890556243,-196941.539704446,77.6079434678508,0,6.83635234832764,229.999984741211,229.999984741211,4.56218499823946,4.56218499823946,0.114787599961906,4.94239869085686,4.94239869085686,0.499248520174196
167406.389633545,3,0,49.139479215703,92050.0271307136,150.125876155614,1740.04515700711,1746.50935500368,1947.61941388163,97882.7160825848,-196492.596267786,77.6081899187285,0,6.83483839035034,229.999984741211,229.999984741211,4.56355226705881,4.56355226705881,0.114541231556403,4.93109621402409,4.93109621402409,0.498009522237196
167406.629633545,3,0,48.9582717510251,92086.0092941605,149.735848395347,1740.85549791139,1747.28323087672,1948.4077930245,97903.6293868062,-195894.505564017,77.6084984632849,0,6.83282518386841,229.999984741211,229.999984741211,4.56537156372432,4.56537156372432,0.11421260824602,4.91606871951234,4.91606871951234,0.496524450314827
167406.809633545,3,0,48.8227058685287,92112.9345266765,149.44386449831,1741.46187974656,1747.86239368167,1948.99779970779,97919.2721939791,-195446.317184356,77.6087128110483,0,6.83131885528564,229.999984741211,229.999984741211,4.56673355524635,4.56673355524635,0.113969169436281,4.90482965193151,4.90482965193151,0.495508986537661
167406.989633545,3,0,48.6874320400295,92139.8072298821,149.152338485064,1742.06707858308,1748.44048407675,1949.58670530849,97934.878661016,-194998.460046206,77.6089098307968,0,6.82981586456299,229.999984741211,229.999984741211,4.5680932354768,4.5680932354768,0.113725247086614,4.89361894033996,4.89361894033996,0.49460303829879
167407.229633545,3,0,48.5075147983198,92175.5559301291,148.764348708324,1742.87220137937,1749.20963345952,1950.37023052813,97955.6313431321,-194401.815701417,77.609151686153,0,6.82781648635864,229.999984741211,229.999984741211,4.56990293282682,4.56990293282682,0.11339972101479,4.87870389554351,4.87870389554351,0.493564887863881
167407.409633545,3,0,48.3729137248207,92202.3063851559,148.473887705399,1743.47468003892,1749.78525975823,1950.95660549418,97971.153695874,-193954.713350599,77.6093144037791,0,6.82632112503052,229.999984741211,229.999984741211,4.57125731691558,4.57125731691558,0.11315904393862,4.86755092095115,4.86755092095115,0.49289814480808
167407.589633545,3,0,48.238601283826,92229.004584698,148.183880139703,1744.07598984587,1750.35982606152,1951.54189208054,97986.6398325441,-193507.93991463,77.6094597335142,0,6.82482862472534,229.999984741211,229.999984741211,4.57260970093241,4.57260970093241,0.112917693822381,4.85642096860332,4.85642096860332,0.492335932405102
167407.829633545,3,0,48.0599608506871,92264.5210389552,147.797908207991,1744.87594754429,1751.12429427189,1952.32061003607,98007.2322496899,-192912.737883328,77.6096323333986,0,6.8228440284729,229.999984741211,229.999984741211,4.57440912552214,4.57440912552214,0.112595378396298,4.84162083507847,4.84162083507847,0.491776101762282
167408.009633545,3,0,47.926314418937,92291.0976262391,147.508955191798,1745.47456351734,1751.6964188317,1952.90338907757,98022.6344425892,-192466.717928471,77.6097417591664,0,6.8213586807251,229.999984741211,229.999984741211,4.57575651468282,4.57575651468282,0.112357564123917,4.83054798166611,4.83054798166611,0.491496771166385
167408.189633544,3,0,47.7929530976156,92317.6222292921,147.220451398173,1746.07202525301,1752.26749632613,1953.4850929906,98038.0005676186,-192021.024117009,77.6098339843279,0,6.81987714767456,229.999984741211,229.999984741211,4.57710125668124,4.57710125668124,0.112118857851556,4.81950431817717,4.81950431817717,0.491325639559079
167408.429633544,3,0,47.6155756378785,92352.9076420747,146.836477785762,1746.86687324022,1753.02733122806,1954.25905297581,98058.4331605587,-191427.25825742,77.6099356622567,0,6.81790637969971,229.999984741211,229.999984741211,4.57889101259668,4.57889101259668,0.111799836231871,4.80481392471131,4.80481392471131,0.491267232152329
167408.609633544,3,0,47.4828733956444,92379.3112623232,146.549018305496,1747.46166877133,1753.59599069779,1954.83827377254,98073.7155474299,-190982.315544901,77.6099907957818,0,6.81643199920654,229.999984741211,229.999984741211,4.58023074152203,4.58023074152203,0.111564948454868,4.79383154407923,4.79383154407923,0.491349546623539
167408.789633544,3,0,47.3504526462098,92405.6631669573,146.262004002238,1748.05532473274,1754.16361612628,1955.41643277904,98088.9620282514,-190537.696050293,77.6100290350728,0,6.81496047973633,229.999984741211,229.999984741211,4.58156845565356,4.58156845565356,0.111328941462627,4.78286511354852,4.78286511354852,0.491539702166445
167409.029633544,3,0,47.1743240078695,92440.7187313887,145.880009952794,1748.84512038426,1754.91886775305,1956.18568616763,98109.2353226137,-189945.358473224,77.6100590084703,0,6.81300354003906,229.999984741211,229.999984741211,4.58334850918278,4.58334850918278,0.111013263266881,4.76828736047824,4.76828736047824,0.491946565875717
167409.209633544,3,0,47.0425552916945,92466.9502767376,145.594029879331,1749.43613854334,1755.48409972234,1956.76138731458,98124.398291612,-189501.48693793,77.6100592432499,0,6.81153917312622,229.999984741211,229.999984741211,4.58468119314714,4.58468119314714,0.110781346620462,4.75738437359384,4.75738437359384,0.492378369135051
167409.389633544,3,0,46.9110644104565,92493.130393611,145.308393226567,1750.0260398303,1756.04831061853,1957.33604077102,98139.5180763802,-189057.927642441,77.6099930364501,0,6.81007814407349,229.999984741211,229.999984741211,4.58601153447057,4.58601153447057,0.110556150782215,4.74650128389474,4.74650128389474,0.492739000052711
167409.629633544,3,0,46.7361630671099,92527.9574483192,144.928323984363,1750.81088119469,1756.7990667127,1958.10067693457,98159.6304515597,-188466.98201259,77.6099406776478,0,6.80813503265381,229.999984741211,229.999984741211,4.58778185426104,4.58778185426104,0.11023876501981,4.73202992244768,4.73202992244768,0.492293167386363
167409.809633544,3,0,46.6053137249891,92554.0179490418,144.643813584683,1751.39818327964,1757.36092741461,1958.67291561289,98174.6750073781,-188024.163204086,77.6098918587489,0,6.80668115615845,229.999984741211,229.999984741211,4.58910714947838,4.58910714947838,0.110009185721079,4.72120863966516,4.72120863966516,0.491874492211385
167409.989633544,3,0,46.4747392774337,92580.0272876454,144.359754853816,1751.98437214219,1757.92177842244,1959.24411731135,98189.6850565962,-187581.663760389,77.6098339205216,0,6.80523014068604,229.999984741211,229.999984741211,4.59043041587497,4.59043041587497,0.109777678297007,4.71040216632662,4.71040216632662,0.491404493839064
167410.229633543,3,0,46.3010637739824,92614.6269679876,143.981690250352,1752.76424494685,1758.66802594789,1960.00412364178,98209.6435008685,-186992.151250239,77.6097347122692,0,6.80330038070679,229.999984741211,229.999984741211,4.59219128996289,4.59219128996289,0.109469617547745,4.69604812324178,4.69604812324178,0.490660582253001
167410.409633543,3,0,46.1711290835516,92640.5172695939,143.698684507667,1753.34784026004,1759.22652346813,1960.57290848561,98224.5732982716,-186550.402065901,77.6096550654029,0,6.80185699462891,229.999984741211,229.999984741211,4.59350917093197,4.59350917093197,0.109239704527115,4.68530395073256,4.68530395073256,0.489856832516168
167410.589633543,3,0,46.0414680572229,92666.3566852772,143.416133801151,1753.9303249295,1759.78401292368,1961.14065820191,98239.4691267819,-186108.977259646,77.6095679737529,0,6.80041599273682,229.999984741211,229.999984741211,4.59482533815322,4.59482533815322,0.109009569665684,4.67458641551011,4.67458641551011,0.488990069320831
167410.829633543,3,0,45.8690074100213,92700.7302398441,143.04008520847,1754.70526852387,1760.52578662224,1961.89607047964,98259.2762156897,-185520.901527741,77.609433843632,0,6.79850006103516,229.999984741211,229.999984741211,4.59657641331576,4.59657641331576,0.10870107381771,4.66033310252023,4.66033310252023,0.487582611408713
167411.009633543,3,0,45.7399829188137,92726.451265781,142.758598150991,1755.28516726786,1761.08092823033,1962.46140947839,98274.0932956882,-185080.23765305,77.6093308848281,0,6.79706621170044,229.999984741211,229.999984741211,4.59788750068607,4.59788750068607,0.108474262155308,4.64967208790192,4.64967208790192,0.486297575889177
167411.189633543,3,0,45.611230500823,92752.1216837396,142.477571207036,1755.86395945114,1761.63506504511,1963.02571683026,98288.8771057582,-184639.902190494,77.6092234903916,0,6.79563570022583,229.999984741211,229.999984741211,4.59919622300854,4.59919622300854,0.108245024088986,4.63903470050882,4.63903470050882,0.484922255227002
167411.429633543,3,0,45.4399800545622,92786.2703277014,142.103587482169,1756.63397839877,1762.37236804269,1963.77653888594,98308.5377586875,-184053.290963776,77.6090788423552,0,6.7937331199646,229.999984741211,229.999984741211,4.60093779005264,4.60093779005264,0.107936717935284,4.62489354364472,4.62489354364472,0.482908105080686
167411.609633543,3,0,45.3118633821173,92811.8229834101,141.823637245837,1757.21017931318,1762.92414991783,1964.33842889861,98323.2443046191,-183613.735840449,77.6089598741921,0,6.79230928421021,229.999984741211,229.999984741211,4.60224173864391,4.60224173864391,0.107710838170826,4.61431453287744,4.61431453287744,0.481271918453152
167411.789633543,3,0,45.1840172624122,92837.3253082791,141.544150453109,1757.78527761661,1763.47492999849,1964.89929048671,98337.9181454375,-183174.513198278,77.6088385746114,0,6.79088878631592,229.999984741211,229.999984741211,4.60354331497194,4.60354331497194,0.107482283005903,4.60375521208334,4.60375521208334,0.47951570537453
167412.029633542,3,0,45.0139739359047,92871.2502599036,141.172224838428,1758.5503720517,1764.20775650404,1965.64551769273,98357.4329134512,-182589.39568969,77.6086770976389,0,6.78899955749512,229.999984741211,229.999984741211,4.60527534330683,4.60527534330683,0.107174726952198,4.58972259790559,4.58972259790559,0.477021247450077
167412.209633542,3,0,44.8867619105105,92896.6354719271,140.893821728541,1759.12287899872,1764.75617931147,1966.20396012907,98372.0305919587,-182150.969147135,77.6085465380617,0,6.7875862121582,229.999984741211,229.999984741211,4.60657180678176,4.60657180678176,0.106949478629794,4.57922291640158,4.57922291640158,0.475011835223414
167412.389633542,3,0,44.7598196868375,92921.9706313794,140.615885056216,1759.69428350384,1765.30359953358,1966.76137360498,98386.59604381,-181712.881664109,77.6084147292414,0,6.78617572784424,229.999984741211,229.999984741211,4.60786621430227,4.60786621430227,0.106721438091932,4.56875709661988,4.56875709661988,0.472894880669551
167412.629633542,3,0,44.590980567372,92955.6731299893,140.246030616439,1760.45445222553,1766.0319440668,1967.50300149613,98405.9669982641,-181129.288564844,77.6082405613234,0,6.78429937362671,229.999984741211,229.999984741211,4.60958899760486,4.60958899760486,0.106414458878775,4.55482794295942,4.55482794295942,0.46986162719552
167412.809633542,3,0,44.4646711664753,92980.8918282836,139.96918413411,1761.02326306262,1766.57700244141,1968.05799173597,98420.4573217252,-180692.014483066,77.6081010834877,0,6.78289604187012,229.999984741211,229.999984741211,4.61087827654054,4.61087827654054,0.106189717924094,4.54441298753186,4.54441298753186,0.467437564752766
167412.989633542,3,0,44.338630964641,93006.0607552354,139.692806936519,1761.59097088611,1767.12105669568,1968.61195167584,98434.9158737566,-180255.08659213,77.6079611952905,0,6.78149557113647,229.999984741211,229.999984741211,4.61216549298755,4.61216549298755,0.105962085403312,4.53402532707831,4.53402532707831,0.464871892498668
167413.229633542,3,0,44.1709937698254,93039.5420474355,139.325035899606,1762.34620913128,1767.84491018523,1969.34897212018,98454.1449683341,-179673.051108399,77.607777264972,0,6.77963304519653,229.999984741211,229.999984741211,4.61387835370796,4.61387835370796,0.10565555404899,4.52020607059983,4.52020607059983,0.461259516593388
167413.409633542,3,0,44.0455853799098,93064.5951691469,139.049755033217,1762.91131998944,1768.38659702049,1969.90050377868,98468.5293855268,-179236.954605271,77.607630919544,0,6.77823972702026,229.999984741211,229.999984741211,4.61516042569279,4.61516042569279,0.105431221740333,4.50986997615632,4.50986997615632,0.458392613944286
167413.589633542,3,0,43.9204457104501,93089.598802116,138.77494592442,1763.47532670616,1768.92727762272,1970.45100323356,98482.8824497461,-178801.211804818,77.6074846868498,0,6.77684926986694,229.999984741211,229.999984741211,4.61644042872118,4.61644042872118,0.105203930274693,4.49956470660737,4.49956470660737,0.45540324216037
167413.829633541,3,0,43.7540130328068,93122.8600695418,138.409346017008,1764.22559882033,1769.64660613294,1971.18338263943,98501.9769847185,-178220.790393014,77.6073284376293,0,6.77500009536743,229.999984741211,229.999984741211,4.61814366020064,4.61814366020064,0.104896566425936,4.48585350414092,4.48585350414092,0.451829501614102
167414.009633541,3,0,43.6295072514631,93147.7484422987,138.135713999614,1764.78698353259,1770.18489789294,1971.7314323071,98516.2623425362,-177785.913970353,77.6072132771818,0,6.77361679077148,229.999984741211,229.999984741211,4.61941850168464,4.61941850168464,0.104667916081812,4.47560562081182,4.47560562081182,0.449502708494148
167414.189633541,3,0,43.5052731510633,93172.5875533755,137.862479254331,1765.34725027042,1770.72216262843,1972.27842980949,98530.5106023984,-177351.405308234,77.6070529715801,0,6.77223634719849,229.999984741211,229.999984741211,4.62069126705185,4.62069126705185,0.104443947106368,4.46537723984665,4.46537723984665,0.447489414977835
167414.429633541,3,0,43.3400383571544,93205.6299268315,137.498881751001,1766.09258701373,1771.43697838439,1973.00618285101,98549.4591426631,-176772.60215778,77.6068357395915,0,6.77040004730225,229.999984741211,229.999984741211,4.62238516394591,4.62238516394591,0.104139567052235,4.45177210279012,4.45177210279012,0.444897149429697
167414.609633541,3,0,43.216430578527,93230.3544652615,137.226739712465,1766.65026903917,1771.97188216639,1973.55075969932,98563.6343467043,-176338.947784122,77.6066671063446,0,6.76902675628662,229.999984741211,229.999984741211,4.62365275285498,4.62365275285498,0.103917094793877,4.44160094936576,4.44160094936576,0.443181927032236
167414.789633541,3,0,43.0930884081547,93255.0300386648,136.955030219289,1767.20685883111,1772.50578622528,1974.09431164669,98577.7758534419,-175905.651247595,77.6064783490015,0,6.76765632629395,229.999984741211,229.999984741211,4.62491825946285,4.62491825946285,0.103692365572926,4.43145173962543,4.43145173962543,0.441592743788466
167415.029633541,3,0,42.9290424446869,93287.8547821766,136.593455219521,1767.94729012683,1773.21611561468,1974.81746559711,98596.581516212,-175328.476193897,77.6062151793067,0,6.76583385467529,229.999984741211,229.999984741211,4.6266021419691,4.6266021419691,0.103390328001813,4.41795155934705,4.41795155934705,0.439611019016168
167415.209633541,3,0,42.8063230161762,93312.4164293454,136.322797617871,1768.50130827823,1773.74766596948,1975.35860500713,98610.6475800342,-174896.039382753,77.6059967373636,0,6.76447010040283,229.999984741211,229.999984741211,4.62786278268767,4.62786278268767,0.103170569035903,4.40785869457365,4.40785869457365,0.438236593085248
167415.389633541,3,0,42.6838666989519,93336.9293854244,136.052589426043,1769.05424241747,1774.27822499877,1975.89872801262,98624.6816273546,-174463.961852043,77.6057688514217,0,6.76310968399048,229.999984741211,229.999984741211,4.62912100859701,4.62912100859701,0.102948061123479,4.39778419988083,4.39778419988083,0.436956539397099
167415.629633541,3,0,42.5209977516328,93369.5377255951,135.693009073159,1769.7898161062,1774.98410863437,1976.6173247439,98643.3441092231,-173888.410760105,77.6054524654922,0,6.76129961013794,229.999984741211,229.999984741211,4.6307958262564,4.6307958262564,0.102648637749122,4.38439422225404,4.38439422225404,0.4353987884055
167415.80963354,3,0,42.399158617392,93393.9373836971,135.423841745226,1770.34020050003,1775.51233237608,1977.15505425521,98657.3027789129,-173457.193014704,77.6051922702444,0,6.7599458694458,229.999984741211,229.999984741211,4.63204917147257,4.63204917147257,0.102431284867974,4.37437331444552,4.37437331444552,0.434344599040771
167415.98963354,3,0,42.2775796666388,93418.2886186756,135.155119372527,1770.88951272891,1776.03957517445,1977.69177800975,98671.2295219162,-173026.332806448,77.6049222923051,0,6.75859498977661,229.999984741211,229.999984741211,4.63330042178823,4.63330042178823,0.102211008725845,4.36437764299316,4.36437764299316,0.433389624818647
167416.22963354,3,0,42.1158761885591,93450.6817451371,134.797513075568,1771.62027487992,1776.74105257265,1978.40585822149,98689.7490490536,-172452.402540799,77.6045490291787,0,6.7567982673645,229.999984741211,229.999984741211,4.6349654936173,4.6349654936173,0.101914369317191,4.35108602670223,4.35108602670223,0.432274323387555
167416.40963354,3,0,41.9949085274734,93474.9203041755,134.5298209587,1772.16706060718,1777.2659799333,1978.9402089457,98703.6005300961,-172022.401052212,77.6042446664783,0,6.75545454025269,229.999984741211,229.999984741211,4.63621152141933,4.63621152141933,0.101699537993042,4.34114688715341,4.34114688715341,0.431554611386996
167416.58963354,3,0,41.8741979695261,93499.1107054532,134.262569343119,1772.71278715291,1777.78993788975,1979.47356567424,98717.4201907696,-171592.754496265,77.603930458959,0,6.75411319732666,229.999984741211,229.999984741211,4.63745577526738,4.63745577526738,0.101481595957703,4.33122549663028,4.33122549663028,0.430935741049379
167416.82963354,3,0,41.7136477834571,93531.2897966487,133.90691719179,1773.43878730297,1778.48705218296,1980.18317365511,98735.7970918251,-171020.439120105,77.6034978911441,0,6.75232934951782,229.999984741211,229.999984741211,4.63911139968702,4.63911139968702,0.101187850597555,4.31803442867745,4.31803442867745,0.430310740645865
167417.00963354,3,0,41.5935423754334,93555.3681360318,133.64068542527,1773.98201189113,1779.00871591857,1980.71417919506,98749.5416405383,-170591.649084132,77.6031476619523,0,6.75099468231201,229.999984741211,229.999984741211,4.64035074385572,4.64035074385572,0.100975655176025,4.30816877831549,4.30816877831549,0.429982721770861
167417.18963354,3,0,41.4736908644701,93579.3985798233,133.374889816273,1774.52419104592,1779.52942258358,1981.24420339296,98763.2544970039,-170163.210664402,77.6027878174245,0,6.74966287612915,229.999984741211,229.999984741211,4.64158798082772,4.64158798082772,0.100760130667546,4.2983202120721,4.2983202120721,0.429759907716749
167417.42963354,3,0,41.3142813807936,93611.3648038058,133.021172404124,1775.24548118997,1780.22221949766,1981.94938602475,98781.4891743633,-169592.502075294,77.602294444407,0,6.74789190292358,229.999984741211,229.999984741211,4.64323413035745,4.64323413035745,0.100469346551093,4.28522666812816,4.28522666812816,0.429613360594928
167417.60963354,3,0,41.1950287006373,93635.2837963279,132.756386307417,1775.78518446165,1780.74065474422,1982.47708242655,98795.1270948938,-169164.916694909,77.6018973665379,0,6.74656677246094,229.999984741211,229.999984741211,4.64446644329751,4.64446644329751,0.100259845366199,4.27543576637265,4.27543576637265,0.429651034194841
167417.789633539,3,0,41.0760266418937,93659.1551535728,132.492032313337,1776.32385618045,1781.25814543044,1983.00381023494,98808.7334725228,-168737.679465174,77.6014911007909,0,6.74524450302124,229.999984741211,229.999984741211,4.64569664291615,4.64569664291615,0.100046767027064,4.26566662122569,4.26566662122569,0.429776019854354
167418.029633539,3,0,40.9176644434632,93690.9096655372,132.140258541624,1777.04090545019,1781.94708888078,1983.70503260436,98826.8355935104,-168168.278114032,77.6010581787165,0,6.74348497390747,229.999984741211,229.999984741211,4.64733427575896,4.64733427575896,0.1,4.25266930233543,4.25266930233543,0.430102702193241
167418.209633539,3,0,40.7989312418004,93714.6701889498,131.87701675068,1777.57879726289,1782.46400469284,1984.23112979374,98840.4043264596,-167740.723839243,77.6011059282177,0,6.74216556549072,229.999984741211,229.999984741211,4.64856216778751,4.64856216778751,0.1,4.24294964931003,4.24294964931003,0.430492452154054
167418.389633539,3,0,40.6801980401377,93738.3833630838,131.614290146092,1778.11694863257,1782.98126865794,1984.75755137686,98853.9701449709,-167312.618809134,77.6015247874155,0,6.74084663391113,229.999984741211,229.999984741211,4.64978958776663,4.64978958776663,0.1,4.23325082879269,4.23325082879269,0.430973057457149
167418.629633539,3,0,40.5218871045873,93769.9274350477,131.264788095258,1778.83488785408,1783.67149521445,1985.4599512507,98872.0534491948,-166740.953266484,77.6026638853982,0,6.73908758163452,229.999984741211,229.999984741211,4.65142625564109,4.65142625564109,0.1,4.22035071565659,4.22035071565659,0.431761561811498
167418.809633539,3,0,40.4031539029246,93793.5305254452,131.003165417437,1779.37365107022,1784.18956937662,1985.98712857066,98885.6053649238,-166311.551695358,77.6039019001428,0,6.73776817321777,229.999984741211,229.999984741211,4.6526536751238,4.6526536751238,0.1,4.21069652011163,4.21069652011163,0.432155106864353
167418.989633539,3,0,40.2844207012618,93817.0866364366,130.742142714127,1779.91266774142,1784.70799086793,1986.51462902877,98899.1611528542,-165881.602615798,77.6055667701993,0,6.73644876480103,229.999984741211,229.999984741211,4.65388095594327,4.65388095594327,0.1,4.20107439673188,4.20107439673188,0.432154987509272
167419.229633539,3,0,40.1261097657115,93848.4218052099,130.394901818579,1780.63176010878,1785.39975790532,1987.21846491751,98917.2307746904,-165307.472860696,77.6083730197613,0,6.73468971252441,229.999984741211,229.999984741211,4.65551700588402,4.65551700588402,0.1,4.18826618939462,4.18826618939462,0.432043428860835
167419.409633539,3,0,40.0073765640487,93871.8685877894,130.135051392168,1781.17138247539,1785.91898622254,1987.74671771251,98930.7786498966,-164876.225210844,77.6109138099761,0,6.73337078094482,229.999984741211,229.999984741211,4.65674363665771,4.65674363665771,0.1,4.17868729839174,4.17868729839174,0.431731162693319
167419.589633538,3,0,39.888643362386,93895.2687023754,129.875766065268,1781.71125997695,1786.43855996776,1988.27529222009,98944.3280819983,-164444.424252512,77.6138698164332,0,6.73205137252808,229.999984741211,229.999984741211,4.65797046209035,4.65797046209035,0.1,4.16913323583135,4.16913323583135,0.431032293537465
167419.829633538,3,0,39.7303324268357,93926.3963788589,129.53087938359,1782.43149651471,1787.13186096649,1988.98055784532,98962.392643949,-163867.823384387,77.618431655002,0,6.73029232025146,229.999984741211,229.999984741211,4.65960591068573,4.65960591068573,0.1,4.15642802225743,4.15642802225743,0.429919604881775
167420.009633538,3,0,39.6115992251729,93949.6879018373,129.272837012889,1782.97197353942,1787.65223822096,1989.50988134281,98975.9403725427,-163434.721902305,77.6223230156718,0,6.72897338867188,229.999984741211,229.999984741211,4.66083209434477,4.66083209434477,0.1,4.14692320188828,4.14692320188828,0.428939575771701
167420.189633538,3,0,39.4928660235102,93972.9330448308,129.015330415426,1783.51270670914,1788.1729587697,1990.03952485319,98989.4877818775,-163001.061894207,77.6266211460228,0,6.72765398025513,229.999984741211,229.999984741211,4.66205847656341,4.66205847656341,0.1,4.13743916497859,4.13743916497859,0.427855721766112
167420.429633538,3,0,39.3345550879598,94003.8545893485,128.672824504319,1784.23408257013,1788.86778638635,1990.74621362705,99007.5509064615,-162421.978037171,77.6329908831473,0,6.72589492797852,229.999984741211,229.999984741211,4.66369333998218,4.66369333998218,0.1,4.12483310591662,4.12483310591662,0.426234440263539
167420.609633538,3,0,39.2158218862971,94026.9918884172,128.416574531065,1784.77541289732,1789.38930674604,1991.27660282761,99021.0985054887,-161987.011121234,77.6382520818496,0,6.72457551956177,229.999984741211,229.999984741211,4.66491941966301,4.66491941966301,0.1,4.11540224098722,4.11540224098722,0.424892633113378
167420.789633538,3,0,39.0970886846343,94050.0831313618,128.160865930416,1785.3169985825,1789.91116902031,1991.80731083496,99034.6465871821,-161551.482765395,77.6439320067312,0,6.72325658798218,229.999984741211,229.999984741211,4.66614504072383,4.66614504072383,0.1,4.10599053822047,4.10599053822047,0.42341741257835
167421.029633538,3,0,38.938777749084,94080.7999791006,127.820766715523,1786.03950919315,1790.60751612481,1992.51541639093,99052.7119018886,-160969.90376099,77.652163122951,0,6.72149753570557,229.999984741211,229.999984741211,4.66777933619865,4.66777933619865,0.1,4.09348393802621,4.09348393802621,0.421326827842294
167421.209633538,3,0,38.8200445474212,94103.7841363667,127.566328508263,1786.58168934471,1791.13017418358,1993.04686647267,99066.2621007591,-160533.062296739,77.6588346255626,0,6.72017812728882,229.999984741211,229.999984741211,4.66900499463658,4.66900499463658,0.1,4.08412970645136,4.08412970645136,0.419608326237916
167421.389633538,3,0,38.7013113457585,94126.722563768,127.312437695165,1787.1241236639,1791.65317240065,1993.57863379777,99079.8136232803,-160095.656746125,77.6659373186732,0,6.71885871887207,229.999984741211,229.999984741211,4.67023052932997,4.67023052932997,0.1,4.07479024524332,4.07479024524332,0.41775678532312
167421.629633537,3,0,38.5430004102082,94157.2361684494,126.974771087376,1787.84776468125,1792.35103207168,1994.2881499873,99097.8848176164,-159511.570190626,77.6760849333181,0,6.71709966659546,229.999984741211,229.999984741211,4.67186427460561,4.67186427460561,0.1,4.06238294859003,4.06238294859003,0.41508848316248
167421.809633537,3,0,38.4242672085454,94180.068276613,126.722164281455,1788.39079122057,1792.87482246885,1994.82065616618,99111.4404122297,-159072.844990971,77.6842085791952,0,6.71578073501587,229.999984741211,229.999984741211,4.67308919335677,4.67308919335677,0.1,4.05310128333424,4.05310128333424,0.412922698495903
167421.989633537,3,0,38.3055340068827,94202.8549848909,126.470110751392,1788.93407107699,1793.39895159264,1995.35347828526,99124.9981808579,-158633.552839532,77.6927762409038,0,6.71446132659912,229.999984741211,229.999984741211,4.67431432401188,4.67431432401188,0.1,4.04384355063978,4.04384355063978,0.410628262707714
167422.229633537,3,0,38.1472230713323,94233.1668133368,126.13490307476,1789.65883733256,1794.09831609537,1996.06439813047,99143.0790258707,-158046.94686423,77.7048971463499,0,6.71270227432251,229.999984741211,229.999984741211,4.67594753666493,4.67594753666493,0.1,4.0315333985144,4.0315333985144,0.407360555758973
167422.409633537,3,0,38.0284898696696,94255.8479774051,125.884147291256,1790.20270657768,1794.62323321005,1996.59795531619,99156.6428547297,-157606.328894171,77.7145159407372,0,6.71138286590576,229.999984741211,229.999984741211,4.67717239259575,4.67717239259575,0.1,4.02232467466158,4.02232467466158,0.404751576052547
167422.589633537,3,0,37.9097566680068,94278.4840756173,125.633950645964,1790.74682807938,1795.14848740467,1997.13182698502,99170.2097177829,-157165.141197931,77.7245919089755,0,6.71006393432617,229.999984741211,229.999984741211,4.67839680038892,4.67839680038892,0.1,4.01313928259761,4.01313928259761,0.40201759629094
167422.829633537,3,0,37.7514457324565,94308.5955716308,125.301324368896,1791.4727088857,1795.84935018806,1997.84414399278,99188.3114135463,-156576.010836126,77.7388019488548,0,6.70830488204956,229.999984741211,229.999984741211,4.68002949794948,4.68002949794948,0.1,4.00093026641257,4.00093026641257,0.398497241614296
167423.009633537,3,0,37.6327125307938,94331.1268092497,125.052447700233,1792.01741699464,1796.37538880045,1998.3787475031,99201.8870396579,-156133.491322398,77.7499654938312,0,6.70698547363281,229.999984741211,229.999984741211,4.68125397154344,4.68125397154344,0.1,3.99180256995945,3.99180256995945,0.396293419751209
167423.189633537,3,0,37.513979329131,94353.6132796562,124.80417336855,1792.56237386872,1796.90176300767,1998.91366392381,99215.4694338406,-155690.402216383,77.7616220734576,0,6.70566606521606,229.999984741211,229.999984741211,4.68247833306475,4.68247833306475,0.1,3.98269438884303,3.98269438884303,0.394252567763037
167423.429633536,3,0,37.3556683935807,94383.5257671123,124.473947662966,1793.28937773211,1797.60411546414,1999.62737174045,99233.5800896259,-155098.719125574,77.7778586692021,0,6.70390748977661,229.999984741211,229.999984741211,4.68411019853547,4.68411019853547,0.1,3.97058397241476,3.97058397241476,0.391854925520432
167423.609633536,3,0,37.2369351919179,94405.9081781489,124.226921713002,1793.83492400609,1798.1312695858,2000.16301649918,99247.1667687881,-154654.285248974,77.7905837933658,0,6.70258808135986,229.999984741211,229.999984741211,4.68533430322895,4.68533430322895,0.1,3.96152996626842,3.96152996626842,0.390121423233909
167423.789633536,3,0,37.1182019902552,94428.2461551812,123.980470656891,1794.38072000879,1798.65875736438,2000.69897263611,99260.7585504166,-154209.276491985,77.8037959170146,0,6.70126867294312,229.999984741211,229.999984741211,4.68655829993362,4.68655829993362,0.1,3.95249691209887,3.95249691209887,0.388558307412625
167424.029633536,3,0,36.9598910547048,94457.9611756362,123.652696453179,1795.10884002092,1799.36259182561,2001.41406416357,99278.8839557178,-153615.030602635,77.8221346677999,0,6.6995096206665,229.999984741211,229.999984741211,4.68819001842366,4.68819001842366,0.1,3.94048903841765,3.94048903841765,0.386717257302793
167424.209633536,3,0,36.8411578530421,94480.1958667168,123.407505263016,1795.65522301596,1799.89085566313,2001.95074518928,99292.4819169146,-153168.670400791,77.8364463284687,0,6.69819068908691,229.999984741211,229.999984741211,4.68941343410907,4.68941343410907,0.1,3.9315035186395,3.9315035186395,0.385440985249057
167424.389633536,3,0,36.7224246513793,94502.38646074,123.162861589253,1796.20185651946,1800.41945108323,2002.48773591817,99306.0833229286,-152721.730129058,77.8512389972719,0,6.69687128067017,229.999984741211,229.999984741211,4.69063707963552,4.69063707963552,0.1,3.92254419829393,3.92254419829393,0.384261781862981
167424.629633536,3,0,36.564113715829,94531.9054939381,122.83752017621,1796.93109148286,1801.12476078167,2003.20420544549,99324.2240192678,-152124.904981594,77.8717156699006,0,6.69511222839355,229.999984741211,229.999984741211,4.69226833616851,4.69226833616851,0.1,3.9106291286035,3.9106291286035,0.382837142912751
167424.809633536,3,0,36.4453805141663,94553.9935780806,122.594151258115,1797.47830966596,1801.6541287501,2003.74191793192,99337.8337888775,-151676.606594636,77.8876417960604,0,6.69379281997681,229.999984741211,229.999984741211,4.6934917440688,4.6934917440688,0.1,3.90172535239834,3.90172535239834,0.381882602154582
167424.989633536,3,0,36.3266473125035,94576.0378922315,122.351327589129,1798.02577802719,1802.18382686482,2004.2799389075,99351.4472854465,-151227.724518632,77.9040584582245,0,6.69247388839722,229.999984741211,229.999984741211,4.69471471766002,4.69471471766002,0.1,3.89283919172277,3.89283919172277,0.381019694714025
167425.229633536,3,0,36.1683363769532,94605.362394872,122.028409776382,1798.7561249086,1802.89060391604,2004.99777953187,99369.6045706384,-150628.305188445,77.9267155219211,0,6.69071483612061,229.999984741211,229.999984741211,4.69634553018246,4.69634553018246,0.1,3.88102164939713,3.88102164939713,0.38004337936613
167425.409633535,3,0,36.0496031752904,94627.3049624701,121.786856020436,1799.30417644962,1803.42107054575,2005.53651874488,99383.2271247293,-150178.057071387,77.944288310418,0,6.68939542770386,229.999984741211,229.999984741211,4.69756860991048,4.69756860991048,0.1,3.87218838312772,3.87218838312772,0.379414542696601
167425.589633535,3,0,35.9308699736277,94649.2040868652,121.545845551476,1799.85247749212,1803.95186557329,2006.07556488559,99396.8537164463,-149727.22191028,77.9623615597383,0,6.68807601928711,229.999984741211,229.999984741211,4.69879159386545,4.69879159386545,0.1,3.86337114561999,3.86337114561999,0.378908182150344
167425.829633535,3,0,35.7725590380773,94678.3355108501,121.225342121332,1800.58393388541,1804.66010277246,2006.79477034412,99415.0289449107,-149125.192952121,77.9872430149713,0,6.6863169670105,229.999984741211,229.999984741211,4.70042198052443,4.70042198052443,0.1,3.85165560846475,3.85165560846475,0.378428601381013
167426.009633535,3,0,35.6538258364146,94700.1336491712,120.985596681088,1801.13281692714,1805.19166262649,2007.33453157341,99428.6653168424,-148672.983521573,78.0064958725695,0,6.68499803543091,229.999984741211,229.999984741211,4.70164441031858,4.70164441031858,0.1,3.84289574934532,3.84289574934532,0.378195715485752
167426.189633535,3,0,35.5350926347518,94721.8886700394,120.746392324286,1801.68194913576,1805.72354946734,2007.8745985755,99442.3060368175,-148220.183362755,78.0262594039596,0,6.68367862701416,229.999984741211,229.999984741211,4.70286708359034,4.70286708359034,0.1,3.8341540033332,3.8341540033332,0.378069821608839
167426.429633535,3,0,35.3767816992015,94750.8284617817,120.428294089865,1802.4145124464,1806.43323947905,2008.59516258085,99460.5006139956,-147615.529297958,78.0534106909562,0,6.68191957473755,229.999984741211,229.999984741211,4.70449706211099,4.70449706211099,0.1,3.82252979362393,3.82252979362393,0.378068686469151
167426.609633535,3,0,35.2580484975388,94772.4832542759,120.190350185109,1802.96422508242,1806.96588711704,2009.13594111255,99474.1518801434,-147161.346937071,78.0743781517232,0,6.6806001663208,229.999984741211,229.999984741211,4.70571952599408,4.70571952599408,0.1,3.81384305416302,3.81384305416302,0.378204131074602
167426.789633535,3,0,35.139315295876,94794.0952528697,119.952945447799,1803.51418613111,1807.49885994369,2009.67702385625,99487.8078315603,-146706.570471908,78.0958668967479,0,6.67928123474121,229.999984741211,229.999984741211,4.70694156613393,4.70694156613393,0.1,3.80517593755512,3.80517593755512,0.378449619088868
167427.029633535,3,0,34.9810043603257,94822.8448508151,119.637243278802,1804.24785399536,1808.20999572124,2010.39894031186,99506.0232228396,-146099.275630888,78.1253350339217,0,6.6775221824646,229.999984741211,229.999984741211,4.70857115439834,4.70857115439834,0.1,3.79364976298341,3.79364976298341,0.378935191595263
167427.209633534,3,0,34.8622711586629,94844.3573757269,119.401094074968,1804.7983943967,1808.74372581723,2010.94073159153,99519.6904973753,-145643.108560953,78.1480527770537,0,6.67620277404785,229.999984741211,229.999984741211,4.70979333042434,4.70979333042434,0.1,3.78503509822222,3.78503509822222,0.379421099975281
167427.389633534,3,0,34.7435379570002,94865.8274292719,119.16548179862,1805.34918278721,1809.27777962444,2011.48282580607,99533.3627864681,-145186.343764318,78.1713026430018,0,6.6748833656311,229.999984741211,229.999984741211,4.71101542276004,4.71101542276004,0.1,3.7764355166306,3.7764355166306,0.380022806753823
167427.629633534,3,0,34.5852270214499,94894.3882696852,118.85216652202,1806.08395246677,1809.99035379887,2012.20608831479,99551.6005020252,-144576.392642848,78.2031360848928,0,6.67312431335449,229.999984741211,229.999984741211,4.71264463888639,4.71264463888639,0.1,3.76500806037178,3.76500806037178,0.380990010325831
167427.809633534,3,0,34.4664938197871,94915.7596289179,118.617711282881,1806.63532428768,1810.52516038691,2012.74888769889,99565.2777105385,-144118.221898839,78.2275815818981,0,6.6718053817749,229.999984741211,229.999984741211,4.71386620409289,4.71386620409289,0.1,3.75646103707417,3.75646103707417,0.381601247495029
167427.989633534,3,0,34.3477606181244,94937.0889064011,118.383875064193,1807.18693843543,1811.06028953397,2013.29198851979,99578.9667416393,-143659.456462593,78.252623490014,0,6.67048597335815,229.999984741211,229.999984741211,4.71508802730362,4.71508802730362,0.1,3.74793356797726,3.74793356797726,0.38175793011054
167428.229633534,3,0,34.189449682574,94965.4625782418,118.072916397735,1807.92280864033,1811.77429488019,2014.0165909431,99597.2266964571,-143046.83173007,78.286858748448,0,6.66872692108154,229.999984741211,229.999984741211,4.71671689113376,4.71671689113376,0.1,3.73660338164227,3.73660338164227,0.381884825164701
167428.409633534,3,0,34.0707164809113,94986.6939501838,117.840347374318,1808.47499780068,1812.31017354631,2014.56039341382,99610.9303261673,-142586.661125298,78.3131956644057,0,6.66740751266479,229.999984741211,229.999984741211,4.71793853404311,4.71793853404311,0.1,3.72812377876485,3.72812377876485,0.381792220279011
167428.589633534,3,0,33.9519832792485,95007.8835444965,117.608278470393,1809.02743584993,1812.84637264787,2015.10449618611,99624.6371732339,-142125.883087048,78.340066849952,0,6.66608858108521,229.999984741211,229.999984741211,4.71915976443916,4.71915976443916,0.1,3.71967027672545,3.71967027672545,0.381436775011854
167428.829633534,3,0,33.7936723436982,95036.0715165479,117.299767166646,1809.76439846782,1813.56180301057,2015.83043267463,99642.9287254416,-141510.576381779,78.3768197697569,0,6.66432952880859,229.999984741211,229.999984741211,4.72078829445373,4.72078829445373,0.1,3.70843648522171,3.70843648522171,0.380634845343357
167429.009633534,3,0,33.6749391420354,95057.1639930287,117.069031332098,1810.31740638924,1814.09874868291,2016.37523419333,99656.6565190883,-141048.390046357,78.4050592663073,0,6.66301012039185,229.999984741211,229.999984741211,4.722009691908,4.722009691908,0.1,3.70003151667567,3.70003151667567,0.379889148540472
167429.189633533,3,0,33.5562059403727,95078.2150058256,116.838852623701,1810.87065885733,1814.63601325247,2016.92033430953,99670.3924776489,-140585.597477252,78.4338830185669,0,6.6616907119751,229.999984741211,229.999984741211,4.72323101836647,4.72323101836647,0.1,3.69165078816816,3.69165078816816,0.379056753786577
167429.429633533,3,0,33.3978950048224,95106.2186996123,116.532817285593,1811.60870892198,1815.35286149731,2017.64759849264,99688.7203202707,-139967.595942318,78.4732328162459,0,6.65993165969849,229.999984741211,229.999984741211,4.72485923267149,4.72485923267149,0.1,3.68051336718953,3.68051336718953,0.377729168010744
167429.609633533,3,0,33.2791618031596,95127.1733570336,116.303945482146,1812.16253098825,1815.89086854151,2018.19339394523,99702.4765414007,-139503.385189718,78.5034408662519,0,6.6586127281189,229.999984741211,229.999984741211,4.72608005996136,4.72608005996136,0.1,3.6721859561746,3.6721859561746,0.376568294312028
167429.789633533,3,0,33.1604286014969,95148.086888064,116.075636778564,1812.71659662069,1816.42919298211,2018.73948663065,99716.2419697775,-139038.565211694,78.5342512938229,0,6.65729331970215,229.999984741211,229.999984741211,4.72730115882402,4.72730115882402,0.1,3.66387741687633,3.66387741687633,0.375273327335538
167430.029633533,3,0,33.0021176659465,95175.9077960864,115.772104159701,1813.45572920174,1817.1474518806,2019.46807196079,99734.6107434678,-138417.855925816,78.5762785035336,0,6.65553426742554,229.999984741211,229.999984741211,4.72892907613995,4.72892907613995,0.1,3.652837840475,3.652837840475,0.373343407217013
167430.209633533,3,0,32.8833844642838,95196.7257599807,115.545116207186,1814.01036198315,1817.68651512343,2020.01485665607,99748.3988849093,-137951.610864752,78.6085161163502,0,6.65421485900879,229.999984741211,229.999984741211,4.73015002429511,4.73015002429511,0.1,3.64458473818932,3.64458473818932,0.371731578304874
167430.389633533,3,0,32.764651262621,95217.5029366851,115.318697287488,1814.56523722355,1818.22589412983,2020.56193715347,99762.1972954122,-137484.75361848,78.6413747919088,0,6.6528959274292,229.999984741211,229.999984741211,4.73137057093745,4.73137057093745,0.1,3.63635157426879,3.63635157426879,0.369991650041438
167430.629633533,3,0,32.6063403270707,95245.1425698684,115.017693669917,1815.30544747373,1818.94555649282,2021.29183717694,99780.6117117504,-136861.323491396,78.6861623794088,0,6.65113687515259,229.999984741211,229.999984741211,4.73299821050442,4.73299821050442,0.1,3.62541179500009,3.62541179500009,0.367467893760783
167430.809633533,3,0,32.4876071254079,95265.824975966,114.792609424957,1815.86088729255,1819.48567050622,2021.83960626448,99794.4353472147,-136393.034306208,78.7204926012153,0,6.64981746673584,229.999984741211,229.999984741211,4.73421895556194,4.73421895556194,0.1,3.61723123857577,3.61723123857577,0.365426806121748
167430.989633533,3,0,32.3688739237452,95286.4669387905,114.568100257437,1816.4165684725,1820.02609866397,2022.38766969036,99808.2703473252,-135924.129995041,78.7554632699251,0,6.64849853515625,229.999984741211,229.999984741211,4.73543930298803,4.73543930298803,0.1,3.60907277165043,3.60907277165043,0.363251649075993
167431.229633532,3,0,32.2105629881949,95313.9268221683,114.269652114669,1817.15785168449,1820.74715744197,2023.11887810486,99826.7352482768,-135297.96577388,78.8030971961856,0,6.64673948287964,229.999984741211,229.999984741211,4.73706668430241,4.73706668430241,0.1,3.59823651451202,3.59823651451202,0.360159312661077
167431.409633532,3,0,32.0918297865321,95334.4748193326,114.046491607597,1817.71409472166,1821.28831665878,2023.66762657239,99840.5980481096,-134827.622739394,78.8395852882439,0,6.64542007446289,229.999984741211,229.999984741211,4.738287240971,4.738287240971,0.1,3.59012734579679,3.59012734579679,0.357677821432183
167431.589633532,3,0,31.9730965848694,95354.9827200081,113.82391203776,1818.27057824022,1821.82978860419,2024.21666813119,99854.4733232211,-134356.66144804,78.8767338194623,0,6.64410066604614,229.999984741211,229.999984741211,4.73950774408992,4.73950774408992,0.1,3.58204563659248,3.58204563659248,0.355064698200391
167431.829633532,3,0,31.8147856493191,95382.2643921266,113.528069033852,1819.01292814869,1822.55223662605,2024.94917836834,99872.9954632244,-133727.751823075,78.9273183527692,0,6.64234161376953,229.999984741211,229.999984741211,4.74113488710391,4.74113488710391,0.1,3.57130466697177,3.57130466697177,0.351413688144563
167432.009633532,3,0,31.6960524476564,95402.6790623985,113.306931706993,1819.56996682643,1823.09443665148,2025.49890189233,99886.9073819035,-133255.350787323,78.9660850913846,0,6.64102268218994,229.999984741211,229.999984741211,4.74235492887537,4.74235492887537,0.1,3.56328028324977,3.56328028324977,0.349183434832591
167432.189633532,3,0,31.5773192459937,95423.0539559379,113.086306242317,1820.12724892746,1823.63694713278,2026.04891687408,99900.8270972895,-132782.322822559,79.0054829522398,0,6.63970327377319,229.999984741211,229.999984741211,4.74357526154809,4.74357526154809,0.1,3.55527416357106,3.55527416357106,0.347046972024152
167432.429633532,3,0,31.4190083104434,95450.158774128,112.793086977024,1820.87066143734,1824.36077741029,2026.78272276076,99919.4109918915,-132150.653675714,79.0591053324323,0,6.63794422149658,229.999984741211,229.999984741211,4.74520218339202,4.74520218339202,0.1,3.54463430017624,3.54463430017624,0.344477593670344
167432.609633532,3,0,31.3002751087806,95470.4412410595,112.57381455084,1821.42850172548,1824.90401134428,2027.33341611523,99933.362029221,-131676.171166438,79.1001015324197,0,6.63662481307983,229.999984741211,229.999984741211,4.74642240558856,4.74642240558856,0.1,3.53667683394461,3.53667683394461,0.342760403713186
167432.789633532,3,0,31.1815419071179,95490.6842623989,112.355141429328,1821.98657975281,1825.44755460269,2027.8843994561,99947.3283531704,-131201.065080958,79.1418044928942,0,6.63530588150024,229.999984741211,229.999984741211,4.74764224141543,4.74764224141543,0.1,3.52874726941837,3.52874726941837,0.34129686506659
167433.029633531,3,0,31.0232309715676,95517.6137995389,112.064437915751,1822.73105745256,1826.1727590914,2028.61949451824,99965.9686937338,-130566.612737003,79.1984687926008,0,6.63354682922363,229.999984741211,229.999984741211,4.74926896242868,4.74926896242868,0.1,3.51820833487298,3.51820833487298,0.33950215396602
167433.209633531,3,0,30.9044977699049,95537.7652182927,111.84707653129,1823.28969421767,1826.71702175486,2029.17115290878,99979.9647670211,-130090.040807717,79.2417830467374,0,6.63222742080688,229.999984741211,229.999984741211,4.75048903947896,4.75048903947896,0.1,3.51032839229914,3.51032839229914,0.338289615773555
167433.389633531,3,0,30.7857645682422,95557.877551683,111.630285504758,1823.84856981372,1827.26159217925,2029.72310010011,99993.9745886764,-129612.839402066,79.2858023515896,0,6.63090801239014,229.999984741211,229.999984741211,4.75170907602032,4.75170907602032,0.1,3.50247000095364,3.50247000095364,0.337172413451795
