time,stage,stage_solid_fuel,stage_liquid_fuel,altitude,vertical_speed,ground_speed,air_speed,orbital_velocity,apoapsis,periapsis,apoapsis_eta,q_kpa,mass,max_thrust,available_thrust,max_twr,available_twr,throttle,target_pitch,trajectory_pitch,aoa
167143.189633683,4,1191.3658665816,0,90.2184786997968,1.92011742476188,0.00418054299756774,1.76739934066192,174.970436094608,79.8699993155897,-598435.296158093,0.161152675540222,0.000540654502212714,25.4687786102295,703.699584960938,452.126983642578,2.81676040267812,1.80976855933147,0.638898700447411,90,89.8512215672643,0.126684957667273
167143.429633683,4,1182.77659249306,0,90.9234476173297,3.80924807755717,0.00541184452821944,3.64963087996416,174.999500155752,81.1338805779815,-598435.292983183,0.354077183466529,0.00439484065975456,25.4042663574219,703.708312988281,452.132568359375,2.82394057558467,1.81438179715705,0.637271470165183,90,89.9163854703969,0.0678094189152159
167143.569633683,4,1177.72919289271,0,91.5464297246654,4.93149119794144,0.00885651075123782,4.7707559346542,175.026467087764,82.2620654208586,-598435.290037745,0.468990639827553,0.00861048235925061,25.3664016723633,703.716125488281,452.137603759766,2.82818977155713,1.81711189878984,0.636313516881502,90,89.897428248267,0.0525030833944395
167143.809633683,4,1169.06612801552,0,92.9814873907017,6.86825398461903,0.0182693494537111,6.70637949504684,175.089694919681,84.8726292636711,-598435.287002889,0.667390825720872,0.0192570780950968,25.3014259338379,703.734313964844,452.149261474609,2.83553549748024,1.82183144769321,0.634664608357666,90,89.8479954703237,0.0483755919317216
167144.049633683,4,1160.40044426918,0,94.8829824554268,8.81695594355841,0.0293101218923601,8.65419674981782,175.174491895787,88.3449307947885,-598435.288863863,0.867045016231828,0.0342555737398802,25.2364330291748,703.758453369141,452.164810180664,2.84294976913381,1.82659516872629,0.633009003566012,90,89.8083406074102,0.0730326990614589
167144.189633683,4,1155.34546208382,0,96.2086614718428,9.95874395262658,0.035432214099868,9.79546735269899,175.234045848091,90.7718374032993,-598435.291778175,0.984029852710023,0.0450352913552015,25.1985206604004,703.775390625,452.175689697266,2.84730585549769,1.82939399579786,0.632040312515074,90,89.7942742918215,0.0902146759362506
167144.429633683,4,1146.67977833748,0,98.8541301700752,11.9247631111444,0.0447226856736521,11.7605941909387,175.353791554159,95.6266720588319,-598435.297544356,1.18546964717302,0.0670389041006983,25.1335277557373,703.809204101563,452.197418212891,2.85482700897275,1.83422624371306,0.630374696925655,90,89.7825259997635,0.116662437385959
167144.569633683,4,1141.62479615211,0,100.615711377235,13.0766766163501,0.049289533129913,12.9119828098325,175.434147721032,98.8668518040795,-598435.299626611,1.30349968349429,0.0819519209665926,25.0956153869629,703.831756591797,452.211898803711,2.85924560987895,1.83706530651679,0.629400279695258,90,89.7812226059191,0.128710179338143
167144.809633682,4,1132.95911240578,0,104.011743990704,15.0600953970352,0.0557795960204921,14.8944941672603,175.589987222177,105.127601091634,-598435.303593246,1.506737402125,0.11112272456038,25.0306224822998,703.875213623047,452.239822387695,2.86687521565338,1.84196731083074,0.627724824030575,90,89.7849120391844,0.143522635545435
167145.049633682,4,1124.29342865944,0,107.885229857871,17.0545453120007,0.0609134534560628,16.888028660985,175.769336457021,112.288482898846,-598435.300327636,1.71111704987533,0.144902959509958,24.9656295776367,703.924774169922,452.271667480469,2.87457403779731,1.8469137865711,0.626043185433667,90,89.792562939693,0.152971971473526
167145.189633682,4,1119.23844647408,0,110.3663060033,18.2230833771112,0.0632914131134151,18.0560290739185,175.884950482045,116.885138119105,-598435.295609517,1.8308680161212,0.166761817228161,24.9277172088623,703.95654296875,452.292083740234,2.87909726943942,1.84981984833427,0.625059379765793,90,89.7982995122251,0.155973472364329
167145.429633682,4,1110.57276272774,0,115.001189564588,20.2351337916012,0.066609174327711,20.0671432406378,176.102022590011,125.49089332961,-598435.284714861,2.037071883728,0.207968754502915,24.8627243041992,704.015747070313,452.330108642578,2.88690676773562,1.85483755447038,0.623368066561389,90,89.8089351571811,0.158002611982977
167145.569633682,4,1105.51778054237,0,117.928377700155,21.414022989002,0.0681856231444034,21.2454857313781,176.239709091986,130.937585049309,-598435.278009869,2.15789703904142,0.234206100732702,24.8248119354248,704.053100585938,452.354095458984,2.89149481507152,1.85778537544307,0.622378688255369,90,89.8152205576263,0.158028965169364
167145.809633682,4,1096.85209679604,0,123.331400328083,23.4438725940196,0.0703412388248724,23.2743948407163,176.49491556522,141.012833536137,-598435.26590235,2.36595117436144,0.282997425804823,24.7598209381104,704.122009277344,452.398376464844,2.8994164410198,1.86287512053307,0.620677867889319,90,89.8259624663898,0.156304763883398
167146.049633682,4,1088.1864130497,0,129.223055192851,25.4849943340267,0.072010750746256,25.3145721072879,176.774575043375,152.028894267511,-598435.252435178,2.5751790944708,0.336656186848584,24.6948280334473,704.196960449219,452.446533203125,2.90740994933815,1.86801082567044,0.618970962366057,90,89.8361938069217,0.153050493315916
167146.189633682,4,1083.13143086433,0,132.886581514962,26.680862884319,0.072824189115254,26.5098886572142,176.949094050388,158.893342730822,-598435.24443023,2.69777244338945,0.370228312063532,24.6569156646729,704.243530273438,452.476440429688,2.91210576613139,1.87102792003608,0.617972604296977,90,89.8418223568497,0.150525577327672
167146.429633682,4,1074.465747118,0,139.557438707561,28.7398889919635,0.0740888504290141,28.5679662542665,177.267932423478,171.41937286465,-598435.231189993,2.908868532366,0.431713095039025,24.5919227600098,704.328063964844,452.530792236328,2.92021357509041,1.87623709483276,0.616256395916527,90,89.8507102086128,0.145125135397142
167146.569633682,4,1069.41076493263,0,143.677487943205,29.9462271025143,0.0748265503135035,29.7737501594338,177.465461632997,179.171986203641,-598435.224028446,3.03255557997954,0.469891984042312,24.5540103912354,704.380249023438,452.564300537109,2.92497661206142,1.87929747705128,0.615252624348459,90,89.8553736339386,0.141520192154774
167146.809633681,4,1060.74508118629,0,151.134368083905,32.0232413054512,0.0762275184519552,31.8498132256004,177.824081100692,193.23326246161,-598435.212059469,3.24553316139804,0.539344289885475,24.4890174865723,704.474365234375,452.624755859375,2.93319950253195,1.8845806962601,0.613527342039291,90,89.8623524232394,0.134728104824494
167147.049633681,4,1052.07939743996,0,159.091206146986,34.1116567681143,0.0781160985098018,33.9372759200923,178.208184757876,208.277333485661,-598435.200211615,3.45970563442398,0.613898863128505,24.4240245819092,704.574523925781,452.689117431641,2.94149677468519,1.88991164206098,0.611796280223685,90,89.8677292132626,0.128809181062395
167147.189633681,4,1047.02441525459,0,163.964679536293,35.3351784359931,0.0793700826640436,35.1602405763243,178.444103146949,217.510995770805,-598435.193528342,3.58519360144038,0.6597664514719,24.3861122131348,704.635681152344,452.728424072266,2.94637112904474,1.8930434874176,0.610783889443811,90,89.870320854978,0.126045130585507
167147.429633681,4,1038.35873150826,0,172.718746492988,37.4417139628648,0.0817653885181005,37.2658209210427,178.869026539469,234.1322471475,-598435.182332637,3.80126917244576,0.742506852026848,24.3211193084717,704.745300292969,452.798828125,2.95478623915892,1.8984501215533,0.609043955021756,90,89.8740277332656,0.122116301805532
167147.569633681,4,1033.30374932289,0,178.059268731158,38.6758267606183,0.0833075090696454,38.499376005311,179.128920832655,244.293518161285,-598435.17608931,3.92787101829612,0.793186656088284,24.2832069396973,704.811950683594,452.841674804688,2.9597294287482,1.90162614707757,0.608026499399461,90,89.8757799613021,0.120164826489212
167147.809633681,4,1024.63806557655,0,187.617446495453,40.8005523954754,0.0862543336913634,40.6231441925372,179.595190675833,262.51805281674,-598435.166291749,4.14586206027758,0.884238379001062,24.2182159423828,704.930847167969,452.918060302734,2.96826344495265,1.90710910018367,0.606277969278608,90,89.8781826464277,0.116960642775521
167148.049633681,4,1015.97238183022,0,197.687067133025,42.9367989350808,0.0896053940844795,42.758432065973,180.087785900584,281.768762632739,-598435.158531399,4.36506894110812,0.980600798490461,24.1532230377197,705.0556640625,452.998260498047,2.97687296454436,1.91264094028052,0.604524081624998,90,89.8798221531478,0.113919861962203
167148.189633681,4,1010.91739964485,0,203.798282602802,44.1882653525013,0.0918027064409322,44.0093404851644,180.387334512839,293.476412783377,-598435.155582854,4.49350235265598,1.03928246729356,24.1153106689453,705.131164550781,453.046752929688,2.98193040759037,1.91589020298922,0.603498527763071,90,89.8804157944564,0.112220553093024
167148.429633681,4,1002.25171589851,0,214.683335672715,46.3427874068698,0.0960814305310836,46.1629026882647,180.921759323668,314.373529168079,-598435.155654061,4.71464221888704,1.14414450579071,24.0503177642822,705.265075683594,453.132781982422,2.99066094553221,1.92149953521086,0.60173630296478,90,89.8807665467586,0.109769716021518
167148.56963368,4,997.19673371315,0,221.272251137183,47.6049397522763,0.098806564649813,47.4244940342124,181.245867528279,327.049431864289,-598435.156904008,4.84420718854818,1.20781600605135,24.0124053955078,705.345825195313,453.184692382813,2.99578892021347,1.92479430670662,0.600706030309104,90,89.8806507035604,0.109038520861592
167148.80963368,4,988.531049966812,0,232.97968607815,49.7778054113169,0.103904764770762,49.5963990592615,181.822762876264,349.61986009148,-598435.160997573,5.06729276187912,1.3212842462248,23.9474124908447,705.488830566406,453.276550292969,3.00464084124289,1.9304817710427,0.598935799657064,90,89.8800358723927,0.108361358236159
167149.04963368,4,979.865366220474,0,245.210096764611,51.9622769505509,0.109460131919441,51.7799096696065,182.426832486999,373.261047722306,-598435.165566119,5.29161235780947,1.44023874088349,23.8824195861816,705.637390136719,453.372039794922,3.01357097086064,1.93621925167915,0.597160515916476,90,89.8789874548803,0.108345397275226
167149.18963368,4,974.81038403511,0,252.587145997095,53.2419222471085,0.112915046664106,53.0589947863085,182.791788721455,387.550569291692,-598435.168614963,5.42303739871198,1.51217696875739,23.8445072174072,705.726684570313,453.429382324219,3.01881601227652,1.93958925198797,0.59612271370885,90,89.8781809685205,0.108884098916583
167149.42963368,4,966.144700288773,0,265.651348954649,55.4448124587761,0.119104822067372,55.2609210974386,183.439250638916,412.90944713552,-598435.171590384,5.64931988707843,1.63989194884648,23.7795143127441,705.884033203125,453.530456542969,3.02786918389965,1.94540585574813,0.594339881623688,90,89.8766596603787,0.110114423021991
167149.56963368,4,961.089718103409,0,273.516805592692,56.7352120593134,0.122890467455386,56.5507596240824,183.829675840505,428.20895835897,-598435.173039995,5.78189286840222,1.71696605502955,23.7416019439697,705.978332519531,453.591064453125,3.03318627298556,1.94882222956291,0.59329775397891,90,89.8756348758053,0.111127980971007
167149.80963368,4,952.424034357071,0,287.421789110405,58.9565684647179,0.129603497558241,58.7711521784607,184.520977877642,455.313121138141,-598435.173513787,6.01014962995333,1.85352580843108,23.6766090393066,706.144226074219,453.697662353516,3.04236417984866,1.95471891389339,0.591507493453691,90,89.873803268999,0.112902384054411
167150.04963368,4,943.758350610733,0,301.861432621372,61.189608719002,0.136652311736613,61.0032283183144,185.240088779249,483.53390723269,-598435.172025938,6.23965865933786,1.99571104284667,23.6116180419922,706.315490722656,453.807678222656,3.0516210459327,1.96066648772991,0.589712787975871,90,89.8718199801474,0.115109285874249
167150.18963368,4,938.703368425369,0,310.532572841388,62.4976219381149,0.140899561239038,62.3106784744569,185.672470941646,500.516167707043,-598435.170366382,6.37411930904693,2.08126135359776,23.5737056732178,706.417846679688,453.873443603516,3.05705735694931,1.96415938089513,0.588663843816847,90,89.8706200855034,0.116506416725771
167150.429633679,4,930.037684679031,0,325.824474768131,64.749203010998,0.148346788061493,64.5612933957032,186.435956197433,530.527909864206,-598435.164760776,6.60562054597148,2.23240838388356,23.5087127685547,706.597351074219,453.98876953125,3.06644019207438,1.97018778963538,0.586862162472814,90,89.8685228382034,0.118872477550329
167150.569633679,4,924.982702493668,0,334.994831501972,66.0680481853746,0.152848576897748,65.87957492834,186.894257573125,548.563171803835,-598435.16065586,6.74124697664263,2.32320499560714,23.4708003997803,706.704406738281,454.057586669922,3.07195013992643,1.97372796423944,0.585809278401754,90,89.8672589174275,0.120352058469333
167150.809633679,4,916.31701874733,0,351.146061631502,68.3382283822995,0.160676361848555,68.1487876318539,187.702315595447,580.39433757565,-598435.15057329,6.97475313110607,2.4833747859383,23.4058074951172,706.891967773438,454.178100585938,3.08145936782596,1.9798376684395,0.58400103825701,90,89.8650971963125,0.122618048465293
167151.049633679,4,907.651335000992,0,367.843641844345,70.6201809378104,0.168827780863421,70.4297707371639,188.538525800086,613.389397677383,-598435.139288109,7.20953151810733,2.6492690813476,23.3408145904541,707.08447265625,454.3017578125,3.09104888344709,1.98599877486991,0.582188751667851,90,89.8628573429835,0.124943138932272
167151.189633679,4,902.596352815628,0,377.83734965953,71.9567614651182,0.173689023238983,71.765785799732,189.039382670475,633.178579522995,-598435.131349339,7.34707484806717,2.7486916873493,23.3029022216797,707.199096679688,454.375396728516,3.09668004882039,1.98961695809377,0.581129798045455,90,89.8615376848834,0.126386626942162
167151.429633679,4,893.93066906929,0,395.405823870562,74.2573850895121,0.182244617291188,74.0654408873832,189.920391193597,668.040061651031,-598435.116001459,7.58387704554588,2.92368562963436,23.2379093170166,707.399291992188,454.504028320313,3.1063975016723,1.99586031374548,0.579311438779853,90,89.8592207113044,0.128935987169889
167151.569633679,4,888.875686883926,0,405.90960750042,75.6048729897722,0.18730102288647,75.41236023902,190.447451628841,688.926487324061,-598435.105173492,7.72260430690756,3.02842741476636,23.1999969482422,707.518188476563,454.580444335938,3.11210342696366,1.99952646122084,0.578249020774624,90,89.8578930639441,0.130154948704754
167151.809633679,4,880.210003137589,0,424.35604637512,77.9242153058706,0.196253396457969,77.730731485434,191.373374964729,725.683637211565,-598435.086477379,7.96144206004112,3.21255464941915,23.1350040435791,707.725769042969,454.713806152344,3.12194955875045,2.00585252351217,0.576424848450537,90,89.8555513588326,0.13230186973499
167152.049633679,4,871.544319391251,0,443.360673552379,80.2554009710721,0.20549195810402,80.060946617479,192.327641535522,763.653217192972,-598435.065899309,8.20157157021515,3.40246229091002,23.070011138916,707.937866210938,454.850067138672,3.13187707533362,2.01223099794991,0.574597211898623,90,89.8531462676595,0.134866195128826
167152.189633679,4,866.489337205887,0,454.705610536505,81.6207320059718,0.210925664981228,81.4257108858393,192.897474776142,786.366733731935,-598435.051580622,8.34224518188688,3.51591387033349,23.0320987701416,708.063720703125,454.930908203125,3.13770577344425,2.01597590331386,0.573529548837403,90,89.8517745679592,0.13663284515148
167152.429633678,4,857.823653459549,0,474.599844710319,83.9706890482705,0.220395188993476,83.7746958626248,193.896848417456,826.280155564891,-598435.024353991,8.58442807714846,3.71498598376444,22.9671077728271,708.282775878906,455.071655273438,3.14776305420099,2.02243764636023,0.571696667223045,90,89.8494582573646,0.139525817941307
167152.569633678,4,852.768671274185,0,486.465797825018,85.3469802132838,0.226007289274653,85.1504196519802,194.492951823198,850.136287893984,-598435.007430512,8.72630278598638,3.83378505003841,22.9291954040527,708.412536621094,455.155059814453,3.15366741966199,2.02623136808028,0.570626049509211,90,89.8481191721544,0.141198931939491
167152.809633678,4,844.102987527847,0,507.256777103874,87.7157460557976,0.235745369879979,87.5182121481065,195.53738433169,892.02351926954,-598434.974607464,8.97055068340836,4.04202508415683,22.8642024993896,708.638244628906,455.300079345703,3.16385468163426,2.03277661523681,0.568788225400474,90,89.8458392808072,0.143922531496992
167153.049633678,4,835.437303781509,0,528.617805944523,90.0964109127761,0.245680647581353,89.8979029643214,196.610227577354,935.172954837559,-598434.939307925,9.21610892053729,4.25605213894651,22.7992095947266,708.868103027344,455.44775390625,3.17412476616215,2.03937502355598,0.566947402113082,90,89.8436083063444,0.146591604206265
167153.189633678,4,830.382321596146,0,541.342793829157,91.490632775686,0.251543437227297,91.291556313076,197.249184151683,960.931182625121,-598434.916748456,9.35995823890931,4.38357139489776,22.7612972259521,709.003967285156,455.535034179688,3.1801532640033,2.04324843310939,0.565872384801264,90,89.8423211814755,0.148125563190845
167153.429633678,4,821.716637849808,0,563.612248688471,93.8901650291976,0.261751842865545,93.6901140560134,198.36698585407,1006.1039826856,-598434.87573304,9.60760074814363,4.60674944047432,22.6963043212891,709.239929199219,455.686676025391,3.19055392217806,2.0499309011774,0.564027216387889,90,89.8401149858773,0.150758042478451
167153.569633678,4,816.661655664444,0,576.869244195521,95.2954037890518,0.267791478633745,95.0947836008243,199.032124599382,1033.05146594509,-598434.850317669,9.75266937899528,4.73960019991878,22.6583919525146,709.379333496094,455.776214599609,3.19665931350658,2.05385346590249,0.562949687262474,90,89.8388322361765,0.152254576652189
167153.809633678,4,807.995971918106,0,600.054300620453,97.7138623494782,0.278280011094207,97.5122629012121,200.194783833958,1080.27865288442,-598434.804024701,10.0024101481519,4.97190282454914,22.5933990478516,709.621215820313,455.931610107422,3.20719131716767,2.06062045093532,0.561100556899093,90,89.8366664344548,0.154774617784125
167154.049633678,4,799.330288171768,0,623.821351307444,100.144342968504,0.288968776333435,99.9417601402369,201.385710333435,1128.81989943353,-598434.754792632,10.2534874837961,5.20995381882169,22.5284061431885,709.866638183594,456.089294433594,3.21780681009282,2.06744082775754,0.559249018075885,90,89.8345105577892,0.15727503704311
167154.189633678,4,794.275305986404,0,637.955379160238,101.567698111774,0.295281075172096,101.364539514387,202.09346998712,1157.74763935967,-598434.724476855,10.4005702377544,5.35146698670944,22.4904937744141,710.011291503906,456.182250976563,3.22403748824885,2.0714440550196,0.558167951194487,90,89.8332716688246,0.158661499134603
167154.429633677,4,785.609622240067,0,662.64983840182,104.017337249449,0.306244914896492,103.813187825529,203.329112287733,1208.39622772683,-598434.6698759,10.6537836609903,5.59859021937156,22.425500869751,710.262084960938,456.343353271484,3.23478495875872,2.07834939437911,0.55631297703812,90,89.831164016915,0.161077633924041
167154.569633677,4,780.554640054703,0,677.32698519493,105.4519167081,0.312742963061719,105.247187125308,204.062904505909,1238.56295863027,-598434.636861096,10.8021200500824,5.74538492518893,22.3875885009766,710.409790039063,456.438262939453,3.24109353274539,2.08240241656927,0.555229870647985,90,89.8299205194016,0.162489318192473
167154.809633677,4,771.888956308365,0,702.956165407319,107.920880498623,0.323969388662825,107.715152173173,205.343165397667,1291.35233680066,-598434.576590672,11.0574956795838,6.00154087218859,22.3225975036621,710.66552734375,456.602600097656,3.25197351919987,2.08939284573639,0.553371828937616,90,89.8278435144654,0.164861265253957
167155.049633677,4,763.223272562027,0,729.179495851276,110.402139327631,0.335356931595992,110.195406627712,206.65154695853,1345.51134914928,-598434.512728689,11.3142509072482,6.26337276866527,22.257604598999,710.924255371094,456.768798828125,3.26293742019582,2.09643733519752,0.551511944946131,90,89.8257959000805,0.167107293913616
167155.189633677,4,758.168290376663,0,744.751995777711,111.855248924857,0.342060124439786,111.647927521568,207.42774835288,1377.74211938342,-598434.473541437,11.4646665547078,6.41872143584261,22.2196922302246,711.076416015625,456.866577148438,3.26937221907511,2.10057148237492,0.550426174099579,90,89.8246268134002,0.168417081792882
167155.429633677,4,749.502606630325,0,771.922122318647,114.356131652452,0.353657324691796,114.147796557601,208.780590322638,1434.09813703853,-598434.40310404,11.7236300831844,6.68949524703146,22.1546993255615,711.339569091797,457.035659790039,3.28046901419036,2.10770142465485,0.548563772195788,90,89.8226538180915,0.170559576454629
167155.569633677,4,744.447624444962,0,788.049100541277,115.820745986357,0.360487650755609,115.611816483058,209.582683757338,1467.62078797724,-598434.360160597,11.8753426288388,6.85004096833097,22.1167869567871,711.494323730469,457.135101318359,3.28698134582133,2.11188547027824,0.547476647649602,90,89.8215112039751,0.171747966498259
167155.809633677,4,735.781940698624,0,816.173521368532,118.341456094523,0.37231864718465,118.131502621363,210.979831485523,1526.20937410742,-598434.283533725,12.1365451019653,7.12968896158641,22.051794052124,711.761535644531,457.306793212891,3.29821187283306,2.11910110142563,0.545611938314898,90,89.8195828250634,0.173683009171048
167156.049633677,4,727.116256952286,0,844.904553371714,120.874795596659,0.38431014764673,120.663811601155,212.404877201595,1586.22667185578,-598434.203192934,12.3991778214365,7.41490346173188,21.9868011474609,712.031188964844,457.480010986328,3.30952733759916,2.12637124844699,0.543745973415772,90,89.8176694642025,0.175539771596876
167156.189633676,4,722.061274766922,0,861.945666959393,122.358444066952,0.391383042548872,122.146855674108,213.249011032287,1621.90239751304,-598434.154664201,12.5530459226607,7.58383558377559,21.9488887786865,712.189453125,457.581726074219,3.31616687538858,2.13063719114802,0.542657015888545,90,89.8165748145218,0.17656914918001
167156.429633676,4,713.395591020584,0,891.643393640639,124.91196064169,0.403643511832645,124.699330961676,214.718096685434,1684.21203982458,-598434.068595381,12.8179701835804,7.87779448634227,21.8838958740234,712.462646484375,457.757232666016,3.32761649037014,2.13799345394874,0.540789361449408,90,89.8147022468915,0.178370785663711
167156.569633676,4,708.34060883522,0,909.250658405479,126.407442662929,0.410869720879583,126.194202745409,215.587878417647,1721.23589489923,-598434.016647072,12.9731846930507,8.05180175443638,21.845983505249,712.622924804688,457.860229492188,3.33433434373543,2.14230984012519,0.539699520177547,90,89.8136079979095,0.179402528635284
167156.809633676,4,699.674925088882,0,939.92279469443,128.981354706664,0.423388176211496,128.767062975001,217.100855044249,1785.87555981334,-598433.92461928,13.2404336640356,8.35441143507339,21.7809906005859,712.899169921875,458.037719726563,3.34591812046147,2.14975236804642,0.537830557110775,90,89.8117583983819,0.181188046239884
167157.049633676,4,691.009241342545,0,971.214359602774,131.568262158125,0.436063897819668,131.35291183848,218.641471393491,1852.00659666385,-598433.828701143,13.5091682460698,8.66243248324131,21.7159996032715,713.177307128906,458.216430664063,3.35758732606779,2.15724980742922,0.53596089749253,90,89.809948003004,0.182986992845607
167157.189633676,4,685.954259157181,0,989.755068959086,133.083328956185,0.44352906817102,132.867357813175,219.552902876458,1891.27794681885,-598433.770906723,13.6666216214928,8.8445893366405,21.6780872344971,713.340393066406,458.321166992188,3.36443342299341,2.16164847283387,0.534870013731573,90,89.8088877039292,0.184040686144647
167157.429633676,4,677.288575410843,0,1022.03380230058,135.690994879174,0.456448077218771,135.473954403622,221.13714579227,1959.8022267496,-598433.668707496,13.9377363763879,9.16108673660209,21.613094329834,713.621032714844,458.501495361328,3.37623751658843,2.16923250983424,0.532999494109657,90,89.8071072534448,0.185840400300116
167157.569633676,4,672.233593225479,0,1041.15266924677,137.218234668241,0.464053260346281,137.00056743025,222.073975225334,2000.48116336449,-598433.607195008,14.0965881391759,9.348152659665,21.5751819610596,713.785461425781,458.607147216797,3.3831624601297,2.17368182638944,0.531908217561177,90,89.8060715307292,0.186883517179328
167157.809633676,4,663.567909479141,0,1074.42650399136,139.846880022067,0.477212163151833,139.628132682712,223.701666418452,2071.43845446524,-598433.498609885,14.3701173662138,9.67299841024447,21.5101890563965,714.068359375,458.788909912109,3.39510174502638,2.18135271664438,0.530037156853754,90,89.8043245685319,0.188683169175304
167158.049633675,4,654.902225732803,0,1108.33294951508,142.488888410399,0.490519856453565,142.26905406824,225.356704085077,2143.95322479005,-598433.385899554,14.6451892489268,10.0030483894893,21.4451961517334,714.352478027344,458.971466064453,3.40712698983346,2.18907902473848,0.528165927785004,90,89.8025894715198,0.190485389077551
167158.189633675,4,649.84724354744,0,1128.40513076517,144.036266482685,0.498349670429584,143.815795134713,226.334743072605,2186.97927435022,-598433.318258041,14.8063658498597,10.1979558254801,21.407283782959,714.518737792969,459.078277587891,3.41418126678211,2.19361138953582,0.527074357668097,90,89.8016024701427,0.191523709617861
167158.429633675,4,641.181559801102,0,1163.31979865348,146.699612123112,0.511890916503071,146.478043283206,228.032924899784,2261.99363931955,-598433.199019293,15.0839087027604,10.5361270476006,21.3422908782959,714.804504394531,459.261901855469,3.426342475223,2.20142495328955,0.5252031012566,90,89.7999091700068,0.193306840740976
167158.569633675,4,636.126577615738,0,1183.98248318851,148.259499895429,0.519858186283875,148.037287840679,229.036073135822,2306.48992362246,-598433.127539205,15.2465367962384,10.7357309503444,21.3043785095215,714.9716796875,459.369293212891,3.43347616080974,2.20600833952308,0.524111603201016,90,89.7989421697594,0.19436496056926
167158.809633675,4,627.4608938694,0,1219.91352722142,150.944399559795,0.533630852525628,150.721079668637,230.777204547387,2384.04573307117,-598433.001667934,15.5265854748651,11.0818694858708,21.2393856048584,715.258666992188,459.5537109375,3.44577396153905,2.21390962399997,0.522240575018825,90,89.7972793351538,0.196168411946945
167159.049633675,4,618.795210123062,0,1256.4907288471,153.643021971639,0.54755205291785,153.418587536192,232.545356423607,2463.22857189318,-598432.871599521,15.8082346759791,11.4329539106678,21.1743946075439,715.54638671875,459.738555908203,3.45815797223251,2.22186646766077,0.520369925634857,90,89.7956440700742,0.197953134113944
167159.189633675,4,613.740227937698,0,1278.12714182551,155.223589895998,0.555739812696065,154.998502445428,233.589226105044,2510.17677578307,-598432.793758305,15.9732748118444,11.6400046807151,21.1364822387695,715.714477539063,459.846557617188,3.46542184396081,2.22653341579144,0.519278885539715,90,89.79471109684,0.198998566953741
167159.429633675,4,605.07454419136,0,1315.73419594055,157.944115986559,0.569890791056371,157.717903643896,235.400000348834,2591.9710675492,-598432.656916144,16.2574871038833,11.9987702339759,21.0714893341064,716.002960205078,460.031875610352,3.47794295005591,2.23457828166671,0.5174089031314,90,89.7931011409382,0.200786384893564
167159.569633675,4,600.019562005997,0,1337.97378842183,159.537525084993,0.57821385591598,159.310653248663,236.468673930062,2640.45541685494,-598432.575113858,16.4240328462138,12.2102521411348,21.033576965332,716.17138671875,460.140106201172,3.48528711959511,2.23929686369212,0.51631832955265,90,89.7921829316553,0.201800045857336
167159.809633675,4,591.353878259659,0,1376.61906030378,162.280178257409,0.592602634372218,162.052170360449,238.321870372162,2724.90534104954,-598432.431462488,16.7108447121529,12.5765113655277,20.9685840606689,716.460144042969,460.325653076172,3.49794627393347,2.24743038415238,0.514449256808859,90,89.7906097784927,0.203549774555295
167160.049633674,4,582.688194513321,0,1415.92439808103,165.036918264173,0.607147257502996,164.807768207496,240.201752530094,2811.05561313697,-598432.283593454,16.9993172002841,12.9474015682105,20.9035911560059,716.749145507813,460.511322021484,3.51069190157857,2.25561961328392,0.512580988053879,90,89.7890537968625,0.205286036395522
167160.189633674,4,577.633212327957,0,1439.15868359839,166.651552253311,0.615704159249993,166.421733513581,241.310638995753,2862.10230763175,-598432.195364588,17.1683651128322,13.1658569258713,20.8656787872314,716.917663574219,460.619598388672,3.51816745904513,2.2604226763052,0.511491537871285,90,89.7881576160673,0.206286023337944
167160.429633674,4,568.967528581619,0,1479.51606551523,169.430755530184,0.630497210610579,169.199785190508,243.232595005383,2950.98169586528,-598432.040755988,17.4594949772152,13.5439006508883,20.8006858825684,717.206481933594,460.805145263672,3.53105229557352,2.26870109089077,0.509624594292294,90,89.786625201019,0.208007385356972
167160.569633674,4,563.912546396255,0,1503.36654058215,171.058552385315,0.639203671748727,170.826907421006,244.365958978388,3003.63375845773,-598431.948685111,17.6301033240184,13.766462273765,20.7627735137939,717.374816894531,460.913299560547,3.53860908510253,2.27355628072598,0.508535981456282,90,89.7857360968123,0.209003608928332
167160.809633674,4,555.246862649918,0,1544.78454793396,173.860421815799,0.654262234685247,173.627615923057,246.3297667689,3095.28838124173,-598431.787551257,17.9239261185012,14.1514300250108,20.6977806091309,717.663146972656,461.098571777344,3.55163320056881,2.28192418033239,0.506670631445558,90,89.7842313686601,0.210701822599691
167161.049633674,4,546.58117890358,0,1586.87687851407,176.676698671422,0.669487287474546,176.442727319897,248.319891338108,3188.71971482318,-598431.622260975,18.2194670699849,14.5406519936542,20.6327877044678,717.951049804688,461.283569335938,3.56474564013588,2.29034897832348,0.504806401193352,90,89.7827229477834,0.212434746259297
167161.189633674,4,541.526196718216,0,1611.7435189964,178.326206428602,0.678445255984946,178.091552587612,249.492912690076,3244.04923789145,-598431.523891204,18.3926644813308,14.7696213319983,20.5948753356934,718.118774414063,461.391296386719,3.57243508989387,2.29528961737192,0.50371953766555,90,89.7818565474177,0.21343585355476
167161.429633674,4,532.860512971878,0,1654.91061862011,181.165431662933,0.693936042877191,180.929604303901,251.524512135165,3340.3320069717,-598431.351970695,18.6909523968326,15.1653617220202,20.5298843383789,718.40576171875,461.57568359375,3.58568800280854,2.30380456008332,0.501857295299115,90,89.7803707052944,0.21516324448023
167161.569633674,4,527.805530786514,0,1680.40675699688,182.828376262804,0.703052590111587,182.591861906106,252.721657459083,3397.33873775834,-598431.249803048,18.8657619746357,15.3980552705566,20.4919719696045,718.572814941406,461.683013916016,3.59345997160212,2.30879799970453,0.50077157424305,90,89.7795076352308,0.216176272204917
167161.809633674,4,519.139847040176,0,1724.65737988823,185.6907232855,0.718822439397532,185.453027592926,254.79449407895,3496.52074525203,-598431.071441837,19.1668305389966,15.800047711618,20.4269790649414,718.858520507813,461.866577148438,3.60685377528452,2.31740361493332,0.498911479565317,90,89.7780421724867,0.217925887553022
167162.049633673,4,510.474163293839,0,1769.59687411448,188.567749807978,0.734769099098693,188.328868868435,256.893248323869,3597.55860990984,-598430.888983986,19.4696716066534,16.2058428586716,20.3619861602783,719.143371582031,462.049591064453,3.62033781121967,2.32606700606738,0.497052756610685,90,89.7765851970124,0.219672033828472
167162.189633673,4,505.419181108475,0,1796.13110716897,190.252818416719,0.74415575871084,190.013243948605,258.129450702725,3657.36213055917,-598430.780705754,19.6471525095434,16.4442666326121,20.3240737915039,719.309020996094,462.156036376953,3.62824471096662,2.33114706977945,0.495969246640822,90,89.7757350170391,0.220709320128779
167162.429633673,4,496.753497362137,0,1842.16854081291,193.153206705832,0.760395195128756,192.912440823902,260.269033847399,3761.37817842537,-598430.591953118,19.9528258503657,16.8558398915845,20.2590808868408,719.592193603516,462.337966918945,3.64187055358064,2.3399017658044,0.49411304362875,90,89.7742813358171,0.222464673700186
167162.569633673,4,491.698515176773,0,1869.34583040862,194.851944444104,0.769955169570947,194.610481419259,261.528979156765,3822.93330011261,-598430.480026959,20.1319680987715,17.0975463973461,20.2211685180664,719.7568359375,462.443756103516,3.64986101624413,2.34503564877134,0.493031003575269,90,89.773441014116,0.22349356424298
167162.809633673,4,483.032831430435,0,1916.49010634865,197.775835390641,0.786496281965978,197.533174969453,263.709139127494,3929.97685131081,-598430.285045537,20.4405052454364,17.5145866547047,20.1561756134033,720.037963867188,462.624389648438,3.66363103798886,2.3538829551068,0.491177391861981,90,89.7719957188857,0.225283943917181
167163.049633673,4,474.367147684097,0,1964.33805260656,200.714640155911,0.803225106626725,200.470778012548,265.914800355648,4038.95823612763,-598430.086082198,20.7508672558923,17.9349102458521,20.0911827087402,720.317810058594,462.80419921875,3.67749235774831,2.36278880713346,0.489325510269773,90,89.7705596072894,0.226963269733317
167163.189633673,4,469.312165498734,0,1992.5757407255,202.435851908274,0.813081913068148,202.191287033972,267.213166536424,4103.43362323474,-598429.968357956,20.9327595574626,18.181562076802,20.0532703399658,720.480407714844,462.908660888672,3.68562044993349,2.36801102433567,0.488246070703448,90,89.7697138476416,0.227913899493645
167163.429633673,4,460.646481752396,0,2041.54517199798,205.398308854106,0.833755028003137,205.152590266237,269.456615937899,4215.52238231304,-598429.850464388,21.2460289137654,18.6068096826622,19.9882774353027,720.757934570313,463.086944580078,3.69962757570841,2.37701064141703,0.486397004466051,85,89.7676208952485,0.245214977107999
167163.569633673,4,455.591499567032,0,2070.43959849328,207.13216337312,0.850046047828262,206.886049149422,270.773594326842,4281.79916379368,-598429.824773956,21.4295235912483,18.8562020596546,19.9503650665283,720.919128417969,463.190521240234,3.70784065736361,2.38228759567234,0.485319301497577,85,89.7648312566699,0.324400033056085
167163.809633672,4,446.925815820694,0,2120.53793844907,210.107788200873,0.852407161738963,209.861587173738,273.061634155784,4396.81653709663,-598429.27498292,21.7447648223792,19.2851672480019,19.8853740692139,721.194030761719,463.367156982422,3.72199407832902,2.39138124808972,0.483473327111384,85,89.7665551726628,0.605974496899977
167164.049633672,4,438.260132074356,0,2171.34949446353,213.079325312309,0.796553120489297,212.833535212063,275.397291689951,4513.4278316003,-598427.626657609,22.0600220356057,19.7141646497402,19.8203811645508,721.467346191406,463.542755126953,3.7362411373529,2.40053485725811,0.48162921912915,85,89.7833026715963,1.01544191593352
167164.189633672,4,433.205149888992,0,2201.31810647366,214.807970847482,0.727530904163512,214.562518243314,276.784968284421,4582.12314493593,-598425.990598972,22.2436322695199,19.9636795696925,19.7824687957764,721.625854492188,463.644592285156,3.74459490412239,2.40590203902914,0.480554452624138,85,89.802374937655,1.28081755630937
167164.429633672,4,424.539466142654,0,2253.25413699728,217.760900948286,0.537694653328084,217.515997704066,279.209627074003,4700.98041095492,-598421.877828244,22.5576415123006,20.3892566557383,19.7174758911133,721.896057128906,463.818206787109,3.75898940679036,2.41515057785617,0.478713667999564,85,89.8531033249412,1.72210579242216
167164.569633672,4,419.484483957291,0,2283.87664523558,219.477546269231,0.384939250510643,219.232880766633,280.650385231072,4770.95225136355,-598418.716339891,22.740384498782,20.6360375785462,19.6795635223389,722.052795410156,463.918914794922,3.76742978233103,2.42057365186741,0.477640873213863,85,89.8931047526333,1.94497980174407
167164.809633672,4,410.818800210953,0,2336.93076186022,222.413433697508,0.0598112569534043,222.168974260248,283.161305598516,4892.06241744221,-598412.156490287,23.0532197807345,21.0566813712016,19.6145706176758,722.31982421875,464.090484619141,3.78197407719819,2.42991824473045,0.475803489073758,85,89.9769016909658,2.22500611474153
167165.049633672,4,402.153116464615,0,2390.68983815867,225.347897792306,0.32349535691059,225.103391604721,285.71462331342,5014.79857161012,-598404.573602234,23.366219238923,21.4751465951884,19.5495777130127,722.584655761719,464.260650634766,3.79661326495745,2.4393239618019,0.473968333222894,85,89.9260561249026,2.34500484138701
167165.189633672,4,397.098134279251,0,2422.37533710862,227.063264452633,0.559996175186101,226.818620900441,287.218263982797,5087.24471088755,-598399.92501954,23.5493021383579,21.7188973262089,19.5116653442383,722.738159179688,464.359283447266,3.8051965640811,2.44483872172332,0.472898905046695,85,89.8669805913678,2.33715897970133
167165.429633672,4,388.432450532913,0,2477.25445738283,230.017829932138,0.963039185544608,229.772755921372,289.81097090697,5213.08623059583,-598392.019212068,23.8648041643848,22.1374846115136,19.4466724395752,722.99951171875,464.527160644531,3.81998684510169,2.45434148670463,0.47106739927867,85,89.7677920412947,2.20292999017442
167165.569633672,4,383.377468347549,0,2509.59625733853,231.752929055019,1.18585673355145,231.507476927486,291.328345636147,5287.54526338889,-598387.639420479,24.0501652151074,22.3827449130298,19.4087600708008,723.150939941406,464.624450683594,3.82865915549562,2.45991354780031,0.470000073249473,85,89.7138726648755,2.06723029919786
167165.809633671,4,374.711784601212,0,2565.60774883849,234.752796126723,1.53020454578902,234.506464676886,293.932886134867,5417.14657675021,-598380.821333392,24.3707702832677,22.8062141371857,19.3437690734863,723.408569335938,464.789978027344,3.84360310951164,2.46951501813002,0.468172224546609,85,89.6322245107901,1.77247616930937
167166.049633671,4,366.046100854874,0,2622.34393697337,237.788663346654,1.81661003437179,237.541202005864,296.539348201269,5549.35047017119,-598375.052537417,24.6954021998945,23.2344601461724,19.2787761688232,723.663940429688,464.954071044922,3.85864560112874,2.47917956195682,0.466346575052472,85,89.5665647053943,1.45130836432672
167166.189633671,4,360.99111866951,0,2655.77805766673,239.576637912655,1.9564425433185,239.32845723045,298.061187459547,5627.69998789928,-598372.175289077,24.8866936417907,23.4866790113781,19.2408638000488,723.811828613281,465.049072265625,3.86746600528828,2.48484681381942,0.465282681340068,85,89.535620157391,1.27544636228562
167166.429633671,4,352.325434923172,0,2713.67885843467,242.669174783936,2.15578732599366,242.419818793276,300.675547217724,5764.11051066045,-598367.955993367,25.2177683993731,23.9230077453995,19.1758708953857,724.0634765625,465.210754394531,3.88266567785152,2.49461261783111,0.463460678813939,85,89.4934705169175,1.02857886813083
167166.569633671,4,347.270452737808,0,2747.79825626384,244.48736559599,2.253866019403,244.237454062352,302.205821935971,5844.87647560157,-598365.810221503,25.4125621423541,24.1795614067558,19.1379585266113,724.209167480469,465.304382324219,3.89157831642746,2.50033905682516,0.462398929861367,85,89.4738351764404,0.929286367787861
167166.809633671,4,338.60476899147,0,2806.88272722822,247.623615610576,2.40450053312456,247.37317436326,304.842565302834,5985.27763739577,-598362.417828738,25.7488631487335,24.621936768474,19.0729656219482,724.45703125,465.463623046875,3.90693791711192,2.51020751381723,0.460580485645976,85,89.4452973776569,0.851303075209057
167167.049633671,4,329.939085245132,0,2866.72177487996,250.776949742999,2.5520609163957,250.52673196644,307.501596352674,6127.97395188536,-598359.035640744,26.0874232623744,25.0660784514377,19.0079727172852,724.702514648438,465.621337890625,3.92240011600645,2.52014195560538,0.458764325360618,85,89.4186194771893,0.892523394649663
167167.189633671,4,324.884103059769,0,2901.97761557938,252.620841940349,2.64543430149959,252.371179129136,309.065188250931,6212.19327601092,-598356.907323524,26.2856124494758,25.3252223137613,18.9700603485107,724.844543457031,465.712585449219,3.93146719037917,2.52596758953744,0.45770596906273,85,89.4019191261898,0.966186885924144
167167.429633671,4,316.218419313431,0,2963.01668315113,255.784148287486,2.83147189638556,255.536237938726,311.770115354183,6358.11988648761,-598352.746575495,26.6260182858538,25.7683274511151,18.9050674438477,725.086059570313,465.867797851563,3.94709357328349,2.53600751201903,0.455893387509731,85,89.3682976239456,1.15722200606772
167167.569633671,4,311.163437128067,0,2998.97313297924,257.62876009166,2.96052591319515,257.382348592193,313.363415703847,6444.09688453993,-598349.923119944,26.8247594918237,26.0255817761197,18.8671550750732,725.225891113281,465.957641601563,3.9562571319939,2.54189506163235,0.454837121531722,85,89.3446091287404,1.29306479705095
167167.80963367,4,302.497753381729,0,3061.21287285467,260.78733054895,3.22434401850419,260.544271631138,316.122653836936,6592.88211964245,-598344.271855909,27.165484447481,26.4636452425485,18.8021621704102,725.463500976563,466.110290527344,3.97204941854506,2.5520417121481,0.453028212229928,80,89.2955178138968,1.53717565685311
167168.04963367,4,293.832069635391,0,3124.20983247482,263.940895604532,3.54474796123764,263.702071695334,318.917317423436,6743.41705540661,-598337.551462869,27.5061799913873,26.8973846134383,18.7371711730957,725.698547363281,466.261322021484,3.98794845134477,2.56225684728587,0.451221594588984,80,89.2352849308392,1.75765792374256
167168.18963367,4,288.777087450027,0,3161.30748770875,265.779108682227,3.75612869072752,265.543088145575,320.563299245864,6832.06186935888,-598333.171345195,27.7049936243554,27.1483576946287,18.6992588043213,725.834533691406,466.348663330078,3.99727196416717,2.56824715966565,0.450168816112823,80,89.1954514532016,1.86043359751146
167168.42963367,4,280.11140370369,0,3225.50262211158,268.931567964008,4.15226986621215,268.70075782574,323.409737601748,6985.55103618326,-598325.030494939,28.046299384924,27.5754348638966,18.6342658996582,726.065551757813,466.497100830078,4.01334071734208,2.57857140414465,0.448365868874582,80,89.1210287163584,1.97481512808025
167168.56963367,4,275.056421518326,0,3263.29972968507,270.773596073073,4.39696732039991,270.545960371132,325.082946373298,7076.04476430966,-598320.028777662,28.2459145766097,27.8230571502886,18.5963535308838,726.199096679688,466.582885742188,4.022764624666,2.58462619104635,0.447315187935611,80,89.075360394068,2.00137136681112
167168.80963367,4,266.390737771988,0,3328.69646269269,273.942087266433,4.82532297553559,273.719911500143,327.969461880399,7232.98084352317,-598311.287492689,28.589558432448,28.2458117022444,18.5313606262207,726.426025390625,466.728698730469,4.03900632003465,2.59506139772429,0.445515891666324,80,88.9964022984062,1.97897733045532
167169.04963367,4,257.72505402565,0,3394.85680157586,277.130786531416,5.24849018978851,276.913863916088,330.875394936508,7392.40352529043,-598302.637821913,28.9357230486137,28.6675693082984,18.4663677215576,726.650329589844,466.872833251953,4.05535814490136,2.60556757573837,0.443718908385507,80,88.9201057898401,1.88343508308799
167169.18963367,4,252.670071840286,0,3433.80510876526,279.002812666755,5.48675156773991,278.788783302184,332.578374449198,7486.63534769276,-598297.747702055,29.1390951057113,28.9136364721329,18.4284553527832,726.780029296875,466.956146240234,4.06494892652439,2.61172961957549,0.442671682917938,80,88.8781124996328,1.80338311069462
167169.42963367,4,244.004388093948,0,3501.18623721413,282.235552231209,5.87385525201916,282.026143951529,335.510486900595,7650.40739410941,-598289.750299035,29.4905445676917,29.3361788668871,18.3634624481201,727.000305175781,467.097686767578,4.08147948128762,2.62235060013746,0.440878249450831,80,88.8117755445678,1.64490733036263
167169.569633669,4,238.949405908585,0,3540.85161687492,284.135801579301,6.08591662201586,283.928908594388,337.228411421971,7747.27878408122,-598285.332010226,29.6972868257486,29.58325223943,18.3255500793457,727.127624511719,467.179504394531,4.09117539589086,2.62858016266899,0.439833063253496,80,88.7765965404634,1.5506122010866
167169.809633669,4,230.283722162247,0,3609.47111557575,287.418961389774,6.42700020193351,287.216023450666,340.18782214555,7915.69039130094,-598278.155371602,30.0547598857557,30.0079135511683,18.2605571746826,727.343933105469,467.318450927734,4.10788787384026,2.63931794773889,0.438043097047234,80,88.722044790087,1.40592047690788
167170.049633669,4,221.618038415909,0,3678.88251775864,290.73466939143,6.74558796202552,290.535487173151,343.169210212069,8087.1135607321,-598271.366041294,30.4161630291044,30.4339682995837,18.1955642700195,727.557739257813,467.455810546875,4.12471699662321,2.65013062275089,0.43625529479054,80,88.6734401262818,1.30307059485997
167170.189633669,4,216.563056230545,0,3719.74117439345,292.682785100822,6.92503030617383,292.485897850999,344.919933575936,8188.48734868225,-598267.50770561,30.6287084077609,30.6830199101264,18.1576519012451,727.681335449219,467.535247802734,4.13458896916071,2.65647336846849,0.435213341579479,80,88.647003295595,1.26887766022954
167170.429633669,4,207.897372484207,0,3790.4210573982,296.042181883039,7.22991805776012,295.849793956056,347.942153143068,8364.53369024233,-598260.911117194,30.995637350742,31.1101264787815,18.0926609039307,727.891296386719,467.670135498047,4.15160623146508,2.66740691494345,0.43342890601118,80,88.6032854634525,1.25894508291814
167170.569633669,4,202.842390298843,0,3832.02397849399,298.010345585596,7.41037278090798,297.821116239198,349.717087513335,8468.46580646886,-598256.993702304,31.2108770266766,31.3588244570205,18.0547485351563,728.012634277344,467.748107910156,4.1615885182903,2.67382050786197,0.432388924714847,80,88.5778796529348,1.28075461968635
167170.809633669,4,194.176706552505,0,3903.98486675683,301.39138337798,7.73225552616215,301.208722932458,352.778065410389,8648.53887802933,-598250.00623295,31.5811310185395,31.7828471074672,17.9897556304932,728.218811035156,467.880584716797,4.178797688756,2.68487747211995,0.4306076940934,80,88.5328890113368,1.35816653082686
167171.049633669,4,185.511022806168,0,3976.75723591249,304.774788356313,8.078436009267,304.600018116468,355.860305345997,8830.82186055498,-598242.515463089,31.9522759643171,32.2019833629825,17.9247627258301,728.422607421875,468.011505126953,4.1961298651726,2.69601331267443,0.428828499748383,80,88.484482228833,1.47061189323308
167171.189633669,4,180.456040620804,0,4019.58260221372,306.747667317544,8.29440464587233,306.578114733026,357.667709796587,8938.11709876568,-598237.860860283,32.1689877741307,32.4435883025278,17.8868503570557,728.540405273438,468.087188720703,4.20629778474312,2.70254626767038,0.427791559848186,80,88.454148327872,1.54351775409363
167171.429633668,4,171.790356874466,0,4093.63973398344,310.127075478335,8.69075804103442,309.967440723676,360.781710753857,9123.66102564544,-598229.355598631,32.5407001436645,32.8521733775376,17.8218574523926,728.740478515625,468.215728759766,4.22382729621539,2.71380896352631,0.426015551221762,78.3982253219846,88.3982253219846,1.66460992671683
167171.569633668,4,166.735374689102,0,4137.21417925984,312.097125180598,8.93688629805923,311.943760716327,362.607141707307,9232.84281658602,-598224.094534873,32.7576745014422,33.0870985723967,17.7839450836182,728.856140136719,468.290069580078,4.23411179370665,2.72041681593277,0.424980445449363,78.363402458516,88.363402458516,1.7254595557649
167171.809633668,4,158.069690942764,0,4212.55510690832,315.474756875932,9.3811073918015,315.33272758061,365.751824722177,9421.72198093904,-598214.626986501,33.1301285450957,33.4840775377097,17.7189521789551,729.052612304688,468.416290283203,4.25184334069494,2.73180933749735,0.423207574767977,78.3005716425463,88.3005716425463,1.8003136297687
167172.049633668,4,149.404007196426,0,4288.70776956656,318.858757018611,9.84619990984872,318.728428091096,368.916793418271,9612.9615857224,-598204.734296052,33.5038114066808,33.8744800366685,17.653959274292,729.246704101563,468.541015625,4.26970471456015,2.74328514062565,0.421436611115404,78.2352292767351,88.2352292767351,1.8277261649089
167172.189633668,4,144.349025011063,0,4333.50602922647,320.839195224743,10.1229536327322,320.715681029191,370.773141711929,9725.73086124426,-598198.848128819,33.7227251963072,34.0997029030992,17.6160469055176,729.359008789063,468.613128662109,4.28018388896153,2.75001811731636,0.420404475820524,78.1967222566682,88.1967222566682,1.81994164068078
167172.429633668,4,135.683341264725,0,4410.95044046792,324.252043494697,10.5990731582879,324.139926416008,373.974707853952,9921.37539305852,-598188.706731033,34.1003231141299,34.4826611380011,17.5510540008545,729.549621582031,468.735626220703,4.29825386619113,2.76162799125691,0.418636513843635,78.1314860024001,88.1314860024001,1.76823768812786
167172.569633668,4,130.628359079361,0,4456.50609059469,326.256521529844,10.8743395407775,326.150790525634,375.85464202458,10036.98161334,-598182.827249489,34.3222920283967,34.704813742291,17.5131416320801,729.659912109375,468.806457519531,4.30885593900002,2.76844000388421,0.417606112121378,78.0945053024292,88.0945053024292,1.71908807949832
167172.809633668,4,121.962675333023,0,4535.25787307438,329.721924036438,11.3363714487301,329.62659947743,379.100950740371,10237.9319749943,-598172.917355453,34.7063651214592,35.0846832802671,17.4481506347656,729.847229003906,468.926818847656,4.32713880231269,2.78018664972655,0.415841130851981,78.0339732846316,88.0339732846316,1.61271137633316
167173.049633668,4,113.296991586685,0,4614.84686439205,333.229151576466,11.7814680658404,333.143590436976,382.379541793294,10442.6030065115,-598163.305052803,35.0955030349455,35.4644151387447,17.3831577301025,730.032470703125,469.045837402344,4.34555873464049,2.79202148700652,0.414077890357788,77.9778109480539,87.9778109480539,1.49487511533322
167173.189633668,4,108.242009401321,0,4661.66444364691,335.295410620238,12.0326694672395,335.215339907646,384.307804711013,10563.7756367547,-598157.84535636,35.3249763753694,35.6861515136045,17.3452453613281,730.139587402344,469.114685058594,4.35636782139734,2.79896637167985,0.413050137042611,77.947162031355,87.947162031355,1.42891786605399
167173.429633667,4,99.5763256549835,0,4742.59991045715,338.871692560001,12.4505023601572,338.800942937525,387.640904132946,10774.5712548939,-598148.703125178,35.7225624201008,36.0666205331809,17.280252456665,730.321716308594,469.231719970703,4.37500892521245,2.81094327923991,0.411289627990366,77.8979190839913,87.8979190839913,1.33311584271309
167173.569633667,4,94.5213434696198,0,4790.2103133708,340.976292253675,12.6885715549838,340.911081873088,389.601018839515,10899.296439684,-598143.460459132,35.9568034113234,36.2885269828881,17.2423400878906,730.427124023438,469.299438476563,4.3859491468631,2.81797223156916,0.41026337662211,77.8707842930692,87.8707842930692,1.29212503500817
167173.809633667,4,85.8556597232819,0,4872.51646584703,344.611034859798,13.0920639626373,344.555823504985,392.986880023425,11116.000473175,-598134.526167116,36.3618591233683,36.6679093155443,17.1773471832275,730.606262207031,469.414520263672,4.40481675434271,2.83009479226427,0.40850542554671,77.826070023796,87.826070023796,1.25333639754453
167174.049633667,4,77.189975976944,0,4955.69815748348,348.272203548199,13.4971717970105,348.227990156665,396.402316298301,11336.1256098282,-598125.510975567,36.7705666551945,37.0443895033148,17.1123542785645,730.78369140625,469.528503417969,4.42383095993906,2.84231122272081,0.406749031502509,77.7823276783548,87.7823276783548,1.25556256061068
167174.189633667,4,72.1349937915802,0,5004.62729413516,350.416493911645,13.7376685815152,350.379284381272,398.40678412369,11465.9962608123,-598120.14683136,37.010290007871,37.2618161501371,17.07444190979,730.886352539063,469.594451904297,4.43499051847288,2.84948130256439,0.405725206177641,77.7566692185327,87.7566692185327,1.27377063417025
167174.429633667,4,63.4693100452423,0,5089.20511113771,354.101709772636,14.1622022303696,354.077624747943,401.86123438281,11690.9595326481,-598110.670829321,37.4229083258311,37.6294073996669,17.009449005127,731.060974121094,469.706665039063,4.45423999871112,2.86184904855847,0.403971234169386,77.7115486031395,87.7115486031395,1.32613260246527
167174.569633667,4,58.4143278598785,0,5138.95087257656,356.254830189729,14.4188221700931,356.239055173078,403.885912518992,11823.4779709503,-598104.944017534,37.6643547561804,37.8402261186131,16.9715366363525,731.162078857422,469.771606445313,4.46553817597755,2.86910826781422,0.402948810734749,77.6842705095936,87.6842705095936,1.36384962477617
167174.809633667,4,49.7486441135406,0,5224.93099332973,359.949600543039,14.8760315493926,359.949043376573,407.37182219332,12052.7931929568,-598094.749062968,38.0793053756395,38.1945547196567,16.9065437316895,731.334106445313,469.882141113281,4.48502809048655,2.88163054065129,0.401197187737869,77.6355625563064,87.6355625563064,1.42904981065696
167175.049633667,4,41.0829603672028,0,5311.79868986923,363.65062113978,15.3545838385551,363.66614959556,410.877302409614,12284.8841644649,-598084.08918687,38.4957125407048,38.5395337113154,16.841552734375,731.504516601563,469.991638183594,4.50467222636008,2.89425184341823,0.399447087831419,77.5844963567352,87.5844963567352,1.48085146518391
167175.189633667,4,36.027978181839,0,5362.88225134427,365.814391585299,15.6422078354969,365.839552288702,412.932088741816,12421.6343859006,-598077.684768095,38.7394929647506,38.7365991662309,16.8036403656006,731.603210449219,470.055053710938,4.51620344863962,2.9016608174812,0.39842683446727,77.5538677781971,87.5538677781971,1.49958553692687
167175.429633666,4,27.3622944355011,0,5451.16054062743,369.537032122421,16.14562100732,369.578849744515,416.473858180105,12658.6129824225,-598066.470899957,39.1594399197157,39.0679075561464,16.7386474609375,731.771179199219,470.162963867188,4.53609657355622,2.91444198229837,0.3966789347594,77.5005865335284,87.5005865335284,1.50680654483719
167175.569633666,4,22.3073122501373,0,5503.06995356642,371.719193147405,16.4428258757759,371.770683456676,418.552452978004,12798.460716782,-598059.842206825,39.4059066400424,39.2578203512938,16.7007350921631,731.868469238281,470.225463867188,4.54777493239805,2.92194516460438,0.395659945091341,77.4695000749993,87.4695000749993,1.49587693433219
167175.809633666,4,13.6416285037994,0,5592.77121067559,375.484107368135,16.9532567481391,375.551901515515,422.140124910801,13041.2217939275,-598048.431387936,39.83163437264,39.5786660482264,16.6357421875,732.034240722656,470.331970214844,4.56792301345068,2.93489062088541,0.393914182675955,77.416967217067,87.416967217067,1.45401501903165
167176.049633666,4,4.97594475746155,0,5683.38095663465,379.28568935298,17.4594468549151,379.369327130148,425.76183466847,13288.0985919109,-598037.067320829,40.2621318509862,39.8946922965952,16.5707492828369,732.198486328125,470.437530517578,4.5882343347367,2.94794049409111,0.392169749936331,77.3662924023578,87.3662924023578,1.39135472105947
167176.189633666,4,0,0,5736.64609722001,380.892845991651,17.7469239290901,381.552714127206,427.834190405917,13408.3523837243,-598031.347519815,40.5088620879012,40.077221735656,16.5388450622559,0,0,4.59999527333959,2.95549686439336,0.391294907621611,77.3378751945665,87.3378751945665,1.35116152169533
167176.909633666,3,0,715.910300987521,6010.92750917142,382.05477407913,18.4004681490191,382.445677396761,428.936347433488,13737.9470227461,-598013.745709992,40.6430342700943,39.0633994853837,14.9419384002686,221.174514770508,221.174514770508,1.53900900559813,1.53900900559813,1,77.2484539291179,87.2484539291179,3.31279506573033
167177.049633666,3,0,714.986820565349,6064.42924215423,382.383720202148,18.7614697044908,382.800422445955,429.408345351491,13806.5476550477,-598005.422724382,40.6885097329005,38.858101996142,14.9316778182983,221.255584716797,221.255584716797,1.54090342774682,1.54090342774682,1,77.1989740584867,87.1989740584867,3.96675763642953
167177.189633665,3,0,714.063340143176,6117.97240433155,382.655678581497,19.2103644765998,383.101959436834,429.868860977766,13872.9124899753,-597995.312328591,40.7278716888642,38.6417159984644,14.9214162826538,221.336029052734,221.336029052734,1.54279705774279,1.54279705774279,1,77.1357727743149,87.1357727743149,4.54039638691328
167177.329633665,3,0,713.139859721004,6171.55041214079,382.879205440289,19.734006552647,383.358138178944,430.319421819448,13937.3726909078,-597983.676516848,40.7619860825783,38.4154194646715,14.9111557006836,221.415924072266,221.415924072266,1.54468934153114,1.54468934153114,1,77.060836796712,87.060836796712,5.01940426953375
167177.469633665,3,0,712.216379298831,6225.15751172777,383.063576763573,20.3188132323362,383.577845456812,430.762325499251,14000.2922795528,-597970.778808001,40.791837797802,38.1810739071007,14.9008951187134,221.495193481445,221.495193481445,1.54658044949897,1.54658044949897,1,76.9762706573938,86.9762706573938,5.4105952081133
167177.609633665,3,0,711.292898876658,6278.78882348316,383.217019782695,20.9531871037079,383.769164086657,431.199985263976,14061.9961031644,-597956.839240139,40.8183228186799,37.9405837089412,14.8906335830688,221.573867797852,221.573867797852,1.54847045083958,1.54847045083958,1,76.8839280530311,86.8839280530311,5.73105579671047
167177.749633665,3,0,710.369418454486,6332.44027936773,383.345804248668,21.6286263072518,383.938429384922,431.634537369163,14122.732219062,-597942.014281637,40.8421404319304,37.6956310574388,14.8803730010986,221.651931762695,221.651931762695,1.55035901484152,1.55035901484152,1,76.7851800939966,86.7851800939966,6.00058886801169
167177.889633665,3,0,709.445938032313,6386.10850151302,383.453961832165,22.3408864527169,384.089969750877,432.068080286175,14182.6604606516,-597926.36247267,40.8637585429091,37.4474935726411,14.8701124191284,221.729415893555,221.729415893555,1.55224632461332,1.55224632461332,1,76.6808378926188,86.6808378926188,6.23489500706591
167178.029633665,3,0,708.522457610141,6439.79093540006,383.544291912591,23.0907250048702,384.226805342068,432.503594783266,14241.892670217,-597909.868816925,40.8834842602168,37.1970301146351,14.8598508834839,221.806289672852,221.806289672852,1.55413236177256,1.55413236177256,1,76.5707881647947,86.5707881647947,6.43279528244836
167178.169633665,3,0,707.598977187968,6493.48566495511,383.620660951059,23.8725506401543,384.35253232359,432.94197362826,14300.5820330603,-597892.653698876,40.901712475079,36.9449552358055,14.8495903015137,221.882583618164,221.882583618164,1.55601721131198,1.55601721131198,1,76.45577136466,86.45577136466,6.58841717560687
167178.409633665,3,0,706.015867892815,6585.55867214187,383.732041930579,25.2654905194286,384.554128803385,433.701790441145,14400.4459910586,-597861.907606316,40.9308257342639,36.5112814332959,14.8320007324219,222.011962890625,222.011962890625,1.55924515300481,1.55924515300481,1,76.2503434521226,86.2503434521226,6.74880867132468
167178.649633665,3,0,704.432758597662,6677.66089042998,383.839025578256,26.6900093912522,384.756563175861,434.474148173777,14500.1822071327,-597830.323297354,40.9593807460617,36.0792663177924,14.8144102096558,222.139633178711,222.139633178711,1.56246950712461,1.56246950712461,1,76.0398532661599,86.0398532661599,6.77801488469439
167178.789633665,3,0,703.50927817549,6731.4011415909,383.908207874438,27.5202794475479,384.882966261582,434.931258962388,14558.6589218574,-597811.830507772,40.9767199881808,35.8295839970429,14.8041496276855,222.213302612305,222.213302612305,1.56434863063836,1.56434863063836,1,75.9171240202787,85.9171240202787,6.74208287815653
167179.029633665,3,0,701.926168880336,6823.55458107556,384.050698360994,28.9211408663957,385.124862380157,435.727148866205,14659.915589497,-597780.459109792,41.008945928832,35.4077448493154,14.7865591049194,222.338317871094,222.338317871094,1.56756754069924,1.56756754069924,1,75.7102300506164,85.7102300506164,6.61170640434067
167179.169633664,3,0,701.002688458164,6877.32917632803,384.152027417194,29.7178925881972,385.284452604148,436.198936203971,14719.7484160676,-597762.507809909,41.0296774334753,35.1660744188427,14.7762985229492,222.410461425781,222.410461425781,1.56944371779156,1.56944371779156,1,75.5927971316473,85.5927971316473,6.50879297199996
167179.409633664,3,0,699.419579163011,6969.55196935171,384.361606535872,31.0408911181298,385.593823341772,437.021022856634,14823.8315462858,-597732.501500199,41.0690736884228,34.7602291299219,14.7587080001831,222.532867431641,222.532867431641,1.572657757602,1.572657757602,1,75.398388718916,85.398388718916,6.3156700427997
167179.649633664,3,0,697.836469867858,7061.83082925482,384.616523506614,32.3096743656552,385.948435913072,437.859917134437,14929.8407145353,-597703.467913119,41.1134066242498,34.3652123062978,14.7411184310913,222.653732299805,222.653732299805,1.57586912773708,1.57586912773708,1,75.2129390738012,85.2129390738012,6.13731460007427
167179.789633664,3,0,696.912989445685,7115.68972326722,384.784005383808,33.0282200248237,386.174317631126,438.356786104307,14992.4878913022,-597686.90636516,41.1413446306132,34.1394900560227,14.7308568954468,222.723480224609,222.723480224609,1.57774145208137,1.57774145208137,1,75.1084215748667,85.1084215748667,6.05478902717784
167180.029633664,3,0,695.329880150532,7208.07516405347,385.096207126183,34.2341873201229,386.58801190572,439.220539458105,15100.9901567458,-597658.913415687,41.1920797831128,33.7595791521352,14.713267326355,222.841903686523,222.841903686523,1.58094925406921,1.58094925406921,1,74.9338920548779,84.9338920548779,5.9692974942784
167180.169633664,3,0,694.40639972836,7262.00115442055,385.288447097132,34.929585431214,386.840883431404,439.7307718712,15164.7490281696,-597642.662296552,41.2228651687825,33.5413778485052,14.7030057907104,222.910278320313,222.910278320313,1.58281938159432,1.58281938159432,1,74.8337097227638,84.8337097227638,5.95819321535182
167180.409633664,3,0,692.823290433207,7354.50693477015,385.625024688235,36.1236974336966,387.285319809758,440.614966788887,15274.43252534,-597614.583284511,41.2765947503638,33.1715673656545,14.6854162216187,223.026336669922,223.026336669922,1.58602407543386,1.58602407543386,1,74.662361115672,84.662361115672,6.01076555173149
167180.649633664,3,0,691.240181138054,7447.09012786218,385.957179005133,37.3406004979194,387.732261638066,441.509340169943,15384.0582983596,-597585.768632311,41.3301168045848,32.8051041015331,14.6678256988525,223.140899658203,223.140899658203,1.58922711362298,1.58922711362298,1,74.4882882884266,84.4882882884266,6.15004501966159
167180.789633664,3,0,690.316700715881,7501.13175189076,386.143187930722,38.0696946754462,387.98932340788,442.035005162121,15447.7458207451,-597568.42105105,41.3606295163202,32.5919970325109,14.6575651168823,223.207077026367,223.207077026367,1.59109454006437,1.59109454006437,1,74.3841341972688,84.3841341972688,6.26590553258288
167181.029633663,3,0,688.733591420728,7593.83071053808,386.440713230225,39.3649909231364,388.417046048404,442.941976662773,15556.1423763643,-597537.467903472,41.4108448763817,32.2266010757487,14.6399745941162,223.319351196289,223.319351196289,1.59429483000706,1.59429483000706,1,74.1990875907503,84.1990875907503,6.50923257019159
167181.169633663,3,0,687.810110998556,7647.93561771978,386.598888061134,40.1516666961084,388.656627994759,443.474177964933,15618.7940892619,-597518.593531185,41.4385928332571,32.0129506254911,14.629714012146,223.384185791016,223.384185791016,1.59616073828516,1.59616073828516,1,74.0866139440067,84.0866139440067,6.66855915009204
167181.409633663,3,0,686.227001703402,7740.73383479903,386.840112533664,41.5592792849964,389.047613383685,444.391744273145,15725.0488617789,-597484.689735559,41.4831056206952,31.6453095904834,14.6121244430542,223.494216918945,223.494216918945,1.59935827187154,1.59935827187154,1,73.8850911025069,83.8850911025069,6.95284738196983
167181.649633663,3,0,684.643892408249,7833.58413199673,387.042607940449,43.0431528906079,389.413332755208,445.316198168385,15829.8040061943,-597448.771696382,41.5236246349886,31.2757573984889,14.5945339202881,223.602813720703,223.602813720703,1.60255417159156,1.60255417159156,1,73.6721816334404,83.6721816334404,7.22867182703709
167181.789633663,3,0,683.720411986077,7887.76759023336,387.143795446764,43.9425691849815,389.616000424426,445.858925793556,15890.252364145,-597426.911500837,41.5455017065194,31.059427054479,14.5842733383179,223.665481567383,223.665481567383,1.60441764067463,1.60441764067463,1,73.5429084194662,83.5429084194662,7.37666078801353
167182.029633663,3,0,682.137302690924,7980.68411345559,387.29212171998,45.536370670011,389.948717645314,446.79591750417,15992.9004063816,-597388.002950868,41.5803815021105,30.687831968475,14.5666828155518,223.771820068359,223.771820068359,1.6076109818,1.6076109818,1,73.3134894090186,83.3134894090186,7.59661936551723
167182.169633663,3,0,681.213822268751,8034.90118642861,387.366614317101,46.4922525715585,390.136549808159,447.346711623972,16052.3128687163,-597364.558065645,41.5994695665297,30.4709944771065,14.5564222335815,223.833221435547,223.833221435547,1.60947271920791,1.60947271920791,1,73.1757299751743,83.1757299751743,7.70159749260169
167182.409633663,3,0,679.630712973598,8127.86850083503,387.479951712724,48.1658927271712,390.453249566034,448.298922898411,16153.6166635687,-597323.300149689,41.6306912372877,30.1000082236224,14.5388317108154,223.937316894531,223.937316894531,1.61266327118618,1.61266327118618,1,72.9343519338709,82.9343519338709,7.83846387757334
167182.649633663,3,0,678.047603678445,8220.86323188094,387.583457202664,49.8707510622711,390.770337409827,449.262206891249,16254.5682086102,-597280.984315115,41.6609000875962,29.7310797723196,14.5212421417236,224.040054321289,224.040054321289,1.61585211278885,1.61585211278885,1,72.6884445486303,82.6884445486303,7.92260746317051
167182.789633663,3,0,677.124123256273,8275.12223783263,387.64292065158,50.8740391594229,390.958541608817,449.829647801766,16313.4421714254,-597255.938732369,41.6784435929432,29.5173029742738,14.5109806060791,224.099349975586,224.099349975586,1.61771166567187,1.61771166567187,1,72.5437998736814,82.5437998736814,7.95021670561672
167183.029633662,3,0,675.54101396112,8368.15844679542,387.748516792659,52.6009796222591,391.291095221017,450.812462489031,16414.5595651163,-597212.567707844,41.7089529572342,29.1540096565726,14.4933910369873,224.199890136719,224.199890136719,1.62089804409213,1.62089804409213,1,72.2951056146113,82.2951056146113,7.96873895244767
167183.169633662,3,0,674.617533538947,8422.44208545529,387.814205726539,53.6094971758378,391.492500710708,451.391872460111,16473.7372437069,-597187.08155826,41.7272199820936,28.9442007858503,14.4831295013428,224.257904052734,224.257904052734,1.62275620155497,1.62275620155497,1,72.1500972738696,82.1500972738696,7.96756258755474
167183.409633662,3,0,673.034424243794,8515.52255570376,387.936377336211,55.3365936911056,391.852633074197,452.395971586573,16575.6223145716,-597143.156372481,41.759631218075,28.5884746453734,14.465539932251,224.356353759766,224.356353759766,1.62594053285841,1.62594053285841,1,71.9022689842809,81.9022689842809,7.95575703084028
167183.649633662,3,0,671.451314948641,8608.63389677892,388.071615284187,57.0600712315132,392.232465889451,453.413971811673,16678.1049172631,-597098.96175244,41.7935578119728,28.2378959225255,14.4479494094849,224.453460693359,224.453460693359,1.62912377013581,1.62912377013581,1,71.6556941916377,81.6556941916377,7.94512521996909
167183.789633662,3,0,670.527834526469,8662.96405233291,388.156137349388,58.0644245275299,392.462882949274,454.0142503063,16738.1477754626,-597073.038045214,41.814016243402,28.0357378881921,14.4376888275146,224.509506225586,224.509506225586,1.63098012381132,1.63098012381132,1,71.512373207531,81.512373207531,7.94528204466669
167184.029633662,3,0,668.944725231315,8756.12888149952,388.308529150545,59.7877319917103,392.871491378663,455.054252866174,16841.4402072456,-597028.264730109,41.8500188540095,27.692981308943,14.4200983047485,224.604568481445,224.604568481445,1.63416198006249,1.63416198006249,1,71.2670804283661,81.2670804283661,7.96459195178557
167184.169633662,3,0,668.021244809143,8810.49146016117,388.400236620701,60.7962362887254,393.116643610369,455.667219316168,16901.841850428,-597001.891697854,41.8714033425188,27.4950708073997,14.4098377227783,224.659423828125,224.659423828125,1.63601747988068,1.63601747988068,1,71.123875707296,81.123875707296,7.99002804177859
167184.409633662,3,0,666.43813551399,8903.71290669648,388.558680909889,62.5357129614265,393.545847262475,456.728410547437,17005.4935136194,-596956.113510479,41.9083366033607,27.0960284393976,14.3922481536865,224.752380371094,224.752380371094,1.63919739071093,1.63919739071093,1,70.8773837619563,80.8773837619563,8.0622686116177
167184.649633662,3,0,664.855026218837,8996.96972029505,388.713627727113,64.2949692904482,393.982646707688,457.801966977635,17109.0698290218,-596909.441388786,41.9450892941129,26.6753655381785,14.3746576309204,224.843826293945,224.843826293945,1.64237461880273,1.64237461880273,1,70.6286331570152,80.6286331570152,8.17431672816081
167184.789633661,3,0,663.931545796664,9051.38514070527,388.799607231244,65.3343144005732,394.238973166313,458.433731276835,17169.3384827895,-596881.694528033,41.966149760769,26.4332297295452,14.3643970489502,224.896438598633,224.896438598633,1.6442267092816,1.6442267092816,1,70.481875020344,80.481875020344,8.2584551583826
167185.029633661,3,0,662.348436501511,9144.6933272226,388.934724196496,67.1453116055592,394.677731905971,459.525984932259,17272.1995642862,-596833.046753203,42.0010985015799,26.0231919592564,14.3468065261841,224.985473632813,224.985473632813,1.64739966732101,1.64739966732101,1,70.2263547477275,80.2263547477275,8.43286942911307
167185.169633661,3,0,661.424956079339,9199.13603365573,389.004246689186,68.2218411013299,394.93185544239,460.168433503756,17331.8452990836,-596803.951422697,42.0205811968032,25.7867419770765,14.3365459442139,225.036712646484,225.036712646484,1.64924948043621,1.64924948043621,1,70.074519009166,80.074519009166,8.55028852634499
167185.409633661,3,0,659.841846784186,9292.48496358714,389.103738862038,70.1071030642608,395.361961594979,461.278772650399,17433.3236130594,-596752.687636535,42.0520211513254,25.3856721018712,14.3189554214478,225.123352050781,225.123352050781,1.65241839893778,1.65241839893778,1,69.8085841081054,79.8085841081054,8.77303774844392
167185.649633661,3,0,658.258737489033,9385.85205063666,389.174791328613,72.047652529599,395.782993884737,462.400549818886,17533.6723780582,-596699.514958437,42.0805923798393,24.9897058741098,14.301365852356,225.208557128906,225.208557128906,1.65558469071129,1.65558469071129,1,69.5346954062443,79.5346954062443,9.01473236702808
167185.789633661,3,0,657.33525706686,9440.32188643073,389.201992428397,73.2067264760111,396.023869107591,463.060300225629,17591.6378517987,-596667.561835783,42.0958085672748,24.7609786268253,14.2911043167114,225.257553100586,225.257553100586,1.65743072840706,1.65743072840706,1,69.3709961830861,79.3709961830861,9.16045582655858
167186.029633661,3,0,655.752147771707,9533.70368895587,389.223367656911,75.2412718422028,396.428610844032,464.200813880022,17689.9870088737,-596611.126703385,42.1193069158564,24.3726811202293,14.2735147476196,225.340438842773,225.340438842773,1.66059332330888,1.66059332330888,1,69.0833820748938,79.0833820748938,9.41168646758056
167186.169633661,3,0,654.828667349535,9588.17688930279,389.22114183099,76.4557419620188,396.660223920506,464.871839210382,17746.7607315171,-596577.228867574,42.1315039467615,24.1484173946648,14.2632532119751,225.388122558594,225.388122558594,1.66243699582817,1.66243699582817,1,68.9115585961237,78.9115585961237,9.55608553190354
167186.409633661,3,0,653.245558054381,9681.55553712067,389.193049259004,78.5837453776656,397.050798049185,466.032430413088,17843.0963696307,-596517.453240844,42.1499124675915,23.7679097470582,14.2456636428833,225.468765258789,225.468765258789,1.66559608678023,1.66559608678023,1,68.6102091834793,78.6102091834793,9.79467869093209
167186.649633661,3,0,651.662448759228,9774.9233959202,389.136401995512,80.7668734745642,397.435393371864,467.206604159133,17938.2613765083,-596455.624249254,42.1653785600872,23.3925888549638,14.2280731201172,225.547988891602,225.547988891602,1.66875287682926,1.66875287682926,1,68.3007977536999,78.3007977536999,10.0171471334129
167186.78963366,3,0,650.738968337056,9829.38052724197,389.091437214622,82.064017480367,397.658192162034,467.898113148299,17993.2834696828,-596418.643416463,42.1731739894818,23.1761757428452,14.217812538147,225.593551635742,225.593551635742,1.67059343721455,1.67059343721455,1,68.1168678257574,78.1168678257574,10.1379266102048
167187.02963366,3,0,649.155859041903,9922.71902295435,388.996413808769,84.3247068121558,398.039751186857,469.095342585084,18086.8651344862,-596353.753537789,42.1846997375987,22.8097296044936,14.2002220153809,225.67057800293,225.67057800293,1.6737468468222,1.6737468468222,1,67.7962135967356,77.7962135967356,10.3285571874464
167187.16963366,3,0,648.23237861973,9977.15514578111,388.931791926342,85.6632546702466,398.263235945563,469.800850941879,18141.0728844708,-596315.067199451,42.1904872424826,22.5987192193477,14.1899614334106,225.714904785156,225.714904785156,1.67558540098533,1.67558540098533,1,67.606348729386,77.606348729386,10.4302574892139
167187.40963366,3,0,646.649269324577,10070.4518194048,388.807726861453,87.9884790120293,398.650110615599,471.023014820346,18233.4462685068,-596247.389753174,42.1990724010074,22.2419084537126,14.1723718643188,225.789810180664,225.789810180664,1.67873588454843,1.67873588454843,1,67.2766062380926,77.2766062380926,10.5893918200797
167187.64963366,3,0,645.066160029424,10163.7171156975,388.669642530911,90.3487750798004,399.044224055679,472.261925393175,18325.2316860409,-596178.070133878,42.2062693631101,21.89150211669,14.1547813415527,225.863403320313,225.863403320313,1.68188467382171,1.68188467382171,1,66.9420890116814,76.9420890116814,10.7300021814814
167187.78963366,3,0,644.142679607252,10218.1062337491,388.58390527344,91.7401852624217,399.278582579932,472.99264474891,18378.5541141604,-596136.91098077,42.2099644590642,21.6901330226694,14.1445207595825,225.905715942383,225.905715942383,1.68372063107489,1.68372063107489,1,66.74502292493,76.74502292493,10.8032537751719
167188.02963366,3,0,642.559570312099,10311.3164296092,388.430369147473,94.1474527643114,399.689914743084,474.259490776899,18469.684326673,-596065.18260225,42.2156870769199,21.3502357638896,14.1269302368164,225.977264404297,225.977264404297,1.68686680909181,1.68686680909181,1,66.404398610655,76.404398610655,10.913505020242
167188.16963366,3,0,641.636089889926,10365.6720257237,388.338147887457,95.5630403085223,399.936381514384,475.006957268179,18522.7286285944,-596022.693957617,42.2187943276641,21.1551046792222,14.1166696548462,226.018417358398,226.018417358398,1.68870142321535,1.68870142321535,1,66.2043326249734,76.2043326249734,10.9688915520804
167188.40963366,3,0,640.052980594773,10458.823228747,388.1778370708,98.0062985913306,400.371919073562,476.303238011934,18613.5616247174,-595948.818258432,42.2239788360013,20.8260621465809,14.0990791320801,226.087997436523,226.087997436523,1.69184561459903,1.69184561459903,1,65.8594992845643,75.8594992845643,11.0491015823311
167188.649633659,3,0,638.46987129962,10551.9365288633,388.017491330526,100.467075439429,400.826047554574,477.618801961131,18704.3835058078,-595873.714905665,42.2292857700815,20.5039995364757,14.0814895629883,226.156341552734,226.156341552734,1.69498858377868,1.69498858377868,1,65.5129592672268,75.5129592672268,11.1120018593918
167188.789633659,3,0,637.546390877447,10606.2352303959,387.925088475751,101.90928871037,401.100427120464,478.395326076109,18757.4059643009,-595829.370862593,42.2325639821416,20.3193715162037,14.0712280273438,226.195648193359,226.195648193359,1.69682159386225,1.69682159386225,1,65.3102413333628,75.3102413333628,11.1413139244431
167189.029633659,3,0,635.963281582294,10699.2894666975,387.770520684602,104.39091119851,401.588417232435,479.74235829512,18848.4552383272,-595752.497518821,42.2387059252061,20.0084304382283,14.053638458252,226.262115478516,226.262115478516,1.69996320781823,1.69996320781823,1,64.9622177812757,74.9622177812757,11.180677243686
167189.169633659,3,0,635.039801160122,10753.55448067,387.683256091624,105.843249259295,401.88387500882,480.537519986394,18901.6851744723,-595707.172722348,42.2426673375743,19.8302770240097,14.0433769226074,226.300369262695,226.300369262695,1.70179562406988,1.70179562406988,1,64.7590414965309,74.7590414965309,11.1977785987792
167189.409633659,3,0,633.456691864969,10846.5528612465,387.539897488921,108.339449946609,402.409755502732,481.916819553101,18993.1926801025,-595628.689143264,42.2502482092412,19.5303691105865,14.0257873535156,226.365005493164,226.365005493164,1.70493610119016,1.70493610119016,1,64.4107486286511,74.4107486286511,11.2180710701074
167189.649633659,3,0,631.873582569816,10939.5184238986,387.405704322241,110.842222772604,402.9609738204,483.316578045944,19085.0794874217,-595549.257297776,42.2589701682664,19.2373632499205,14.0081968307495,226.428527832031,226.428527832031,1.70807648463569,1.70807648463569,1,64.0628150823856,74.0628150823856,11.2284665555015
167189.789633659,3,0,630.950102147643,10993.7340901518,387.332158635818,112.304597574338,403.29454238989,484.142560766119,19138.8772710725,-595502.500156473,42.2646410795891,19.0696005401862,13.9979362487793,226.465087890625,226.465087890625,1.70990829847043,1.70990829847043,1,63.8601397976845,73.8601397976845,11.2304586143293
167190.029633659,3,0,629.36699285249,11086.652539075,387.214918084509,114.814808438869,403.887429279394,485.574731431726,19231.4722355657,-595421.644792897,42.2754436502552,18.7873175659644,13.9803457260132,226.52685546875,226.52685546875,1.71304824460414,1.71304824460414,1,63.5133806698149,73.5133806698149,11.22781125429
167190.169633659,3,0,628.443512430318,11140.8426360188,387.151979642782,116.280671896323,404.24573574258,486.419606368388,19285.7153863906,-595374.079736327,42.2824093354939,18.6257155322024,13.970085144043,226.562408447266,226.562408447266,1.7148798171163,1.7148798171163,1,63.311567080227,73.311567080227,11.2230907888845
167190.409633659,3,0,626.860403135165,11233.7207777884,387.053941971424,118.795703650217,404.881612117697,487.884121366017,19379.1206717269,-595291.869800874,42.2955479061555,18.3538286108239,13.9524955749512,226.622512817383,226.622512817383,1.71801957138454,1.71801957138454,1,62.9665610276947,72.9665610276947,11.2102359189904
167190.649633658,3,0,625.277293840012,11326.5773083145,386.96888422844,121.312864361836,405.545090974567,489.369005335308,19473.0780758178,-595208.828192478,42.3102602674414,18.0883123853815,13.9349050521851,226.681564331055,226.681564331055,1.72115972442015,1.72115972442015,1,62.6228961750225,72.6228961750225,11.1920792063631
167190.789633658,3,0,624.353813417839,11380.7348828367,386.925450569534,122.781994642564,405.944952971603,490.244564807753,19528.151001605,-595160.008100008,42.3195918789239,17.9363051167334,13.9246444702148,226.715515136719,226.715515136719,1.72299166051477,1.72299166051477,1,62.4230981385754,72.4230981385754,11.1793921356999
167191.029633658,3,0,622.770704122686,11473.5636628367,386.861844836892,125.301610294786,406.652521013413,491.761540033369,19623.0283962418,-595075.672212174,42.3369041208124,17.680550150831,13.9070539474487,226.772964477539,226.772964477539,1.72613247684911,1.72613247684911,1,62.08182473505,72.08182473505,11.15450247493
167191.169633658,3,0,621.847223700514,11527.7074279083,386.831160758201,126.771962465959,407.078177482912,492.655756503821,19678.6509081537,-595026.101796056,42.3477812603917,17.5341120277891,13.8967933654785,226.805999755859,226.805999755859,1.72796490587708,1.72796490587708,1,61.88349897346,71.88349897346,11.1384099197132
167191.409633658,3,0,620.26411440536,11620.5166776845,386.789689125798,129.293468934709,407.830016348637,494.204603496173,19774.4874946652,-594940.482888467,42.3677797744847,17.2876831412807,13.8792028427124,226.861862182617,226.861862182617,1.73110688394005,1.73110688394005,1,61.5448632554318,71.5448632554318,11.1085497219771
167191.649633658,3,0,618.681005110207,11713.3179113166,386.76231314756,131.816094168575,408.609736553559,495.773408697,19870.9404583728,-594854.05269923,42.3894937465974,17.0469205161692,13.8616132736206,226.916763305664,226.916763305664,1.73424954482404,1.73424954482404,1,61.2079693039509,71.2079693039509,11.076304118028
167191.789633658,3,0,617.757524688035,11767.4495946582,386.752861943238,133.288169245594,409.077411913877,496.697718181244,19927.4915163271,-594803.258438486,42.402955278136,16.9090209485817,13.8513517379761,226.948348999023,226.948348999023,1.73608335339856,1.73608335339856,1,61.0122725421642,71.0122725421642,11.0565984427481
167192.029633658,3,0,616.174415392882,11860.2449965365,386.74781242404,135.812758035163,409.901069257598,498.297906028498,20024.930178904,-594715.531809877,42.4273962457192,16.6768586512777,13.8337621688843,227.001770019531,227.001770019531,1.73922782167893,1.73922782167893,1,60.6782054979365,70.6782054979365,11.0216134649359
167192.169633658,3,0,615.250934970709,11914.3757300283,386.751338248526,137.286107496891,410.394272109014,499.240444786149,20082.0576964323,-594663.975019695,42.4424470284609,16.5438500983832,13.8235006332397,227.032501220703,227.032501220703,1.74106264863704,1.74106264863704,1,60.4841652378547,70.4841652378547,11.0006354092769
167192.409633657,3,0,613.667825675556,12007.173683611,386.76838043233,139.813169968099,411.261469278905,500.871739850168,20180.4840282362,-594574.927739754,42.4696017730658,16.3198541761752,13.8059110641479,227.08447265625,227.08447265625,1.74420931831581,1.74420931831581,1,60.1529754641208,70.1529754641208,10.9639483345273
167192.649633657,3,0,612.084716380403,12099.9775128327,386.799149247862,142.342161293358,412.155903081692,502.522534023419,20279.5308306016,-594485.029908706,42.4984524686763,16.1007850450616,13.7883205413818,227.135559082031,227.135559082031,1.74735744815262,1.74735744815262,1,59.8235890038004,69.8235890038004,10.9266665027718
167192.789633657,3,0,611.161235958231,12154.1170823778,386.823333516659,143.818426510504,412.690128779905,503.494443372187,20337.5922239244,-594432.190923842,42.5160558502131,15.9752016826413,13.7780599594116,227.164962768555,227.164962768555,1.74919469143266,1.74919469143266,1,59.6322892531555,69.6322892531555,10.9047485765791
167193.029633657,3,0,609.578126663078,12246.9368140387,386.875294991779,146.351168969876,413.627151603054,505.175826635451,20437.608458003,-594340.915088454,42.5475426448957,15.7636001133509,13.7604694366455,227.21467590332,227.21467590332,1.75234556710351,1.75234556710351,1,59.3057550033655,69.3057550033655,10.8671082740812
167193.169633657,3,0,608.654646240905,12301.0879784465,386.911630339812,147.82990027436,414.186026751788,506.165487341131,20496.22996226,-594287.259869777,42.5666642054809,15.6422593500075,13.7502088546753,227.243286132813,227.243286132813,1.75418460249905,1.75418460249905,1,59.1160839298038,69.1160839298038,10.8451978914715
167193.409633657,3,0,607.071536945752,12393.9314755797,386.984025245858,150.367361976514,415.16495269202,507.87713407124,20597.1956355288,-594194.562504465,42.6007160323698,15.4377463188016,13.7326192855835,227.29167175293,227.29167175293,1.75733850312922,1.75733850312922,1,58.7923234434463,68.7923234434463,10.8078004866642
167193.649633657,3,0,605.488427650599,12486.7938969566,387.068886379412,152.908340450584,416.169972583827,509.607728514848,20698.7485671891,-594100.942674423,42.6363458718845,15.237527968261,13.7150287628174,227.339248657227,227.339248657227,1.76049464987691,1.76049464987691,1,58.4702921329742,68.4702921329742,10.7708181982841
167193.789633657,3,0,604.564947228426,12540.9735517206,387.124006397026,154.392372845727,416.768174804623,510.625947384417,20758.2549740896,-594045.896936045,42.6578456051199,15.1226661393623,13.7047681808472,227.366622924805,227.366622924805,1.76233681294664,1.76233681294664,1,58.2832157064794,68.2832157064794,10.74947221997
167194.029633657,3,0,602.981837933273,12633.8718987587,387.227880905206,156.939818897279,417.813941694493,512.386316918998,20860.7167496305,-593950.774033545,42.6959046787134,14.9289702301907,13.6871776580811,227.412902832031,227.412902832031,1.76549665926479,1.76549665926479,1,57.9638140516773,67.9638140516773,10.7134632436726
167194.169633657,3,0,602.058357511101,12688.0745816575,387.293821837998,158.427952899227,418.435706288651,513.421824526102,20920.7452966191,-593894.835824018,42.7187951522414,14.8178108918467,13.6769170761108,227.439529418945,227.439529418945,1.7673410442397,1.7673410442397,1,57.7782672761254,67.7782672761254,10.6928165022122
167194.409633656,3,0,600.475248215948,12781.0158579634,387.415765340118,160.982997702003,419.521513382436,515.211698599535,21024.0875824213,-593798.154974558,42.7591920129443,14.6303096442926,13.6593265533447,227.484588623047,227.484588623047,1.77050463973862,1.77050463973862,1,57.4614120194447,67.4614120194447,10.6581125483084
167194.649633656,3,0,598.892138920795,12873.9876984346,387.548620243024,163.543440971258,420.632254185558,517.020082709555,21127.9706512293,-593700.460360436,42.8010165070138,14.4465551717275,13.6417369842529,227.528869628906,227.528869628906,1.77367102985869,1.77367102985869,1,57.1461177991107,67.1461177991107,10.6243437441332
167194.789633656,3,0,597.968658498622,12928.2364077751,387.631001300531,165.039703320214,421.291592041453,518.08348140906,21188.8139753938,-593642.994433626,42.8260581855541,14.3410484522998,13.6314754486084,227.55436706543,227.55436706543,1.77551950143309,1.77551950143309,1,56.9628833777288,66.9628833777288,10.605139998659
167195.029633656,3,0,596.385549203469,13021.2618364204,387.780322493005,167.609612571147,422.441253851778,519.920971309072,21293.5279778099,-593543.646798227,42.8700640138145,14.1629778504548,13.6138858795166,227.597457885742,227.597457885742,1.77869031644814,1.77869031644814,1,56.6499580479993,66.6499580479993,10.5730080149907
167195.169633656,3,0,595.462068781297,13075.5435972083,387.872014266583,169.111720833344,423.123096750661,521.001275569473,21354.8466764038,-593485.199263695,42.8963492266963,14.060697424878,13.6036243438721,227.622268676758,227.622268676758,1.78054144413578,1.78054144413578,1,56.4680864913916,66.4680864913916,10.5547668083392
167195.409633656,3,0,593.878959486144,13168.6286532752,388.036786900036,171.692191970426,424.310997719361,522.867617011256,21460.35926801,-593384.139044712,42.9424366041291,13.888013344498,13.5860347747803,227.664215087891,227.664215087891,1.78371685336617,1.78371685336617,1,56.1574083819306,66.1574083819306,10.5243754208671
167195.649633656,3,0,592.295850190991,13261.7543073067,388.210802655668,174.279882776559,425.522712759694,524.752056751228,21566.3596630174,-593281.966274655,42.9897875261121,13.7185867303117,13.5684442520142,227.705459594727,227.705459594727,1.78689574963961,1.78689574963961,1,55.8481111162145,65.8481111162145,10.4951357631775
167195.789633656,3,0,591.372369768818,13316.0972160135,388.316420021346,175.792867322356,426.240444115224,525.859634738046,21628.4132785288,-593221.841926066,43.0179768575335,13.6212084721802,13.5581836700439,227.729202270508,227.729202270508,1.78875155731576,1.78875155731576,1,55.6682944395421,65.6682944395421,10.4785986657366
167196.029633656,3,0,589.789260473665,13409.2915321424,388.504259224247,178.392830089397,427.489357262935,527.772546905037,21735.1596749049,-593117.857684349,43.0672486370193,13.4567061423659,13.5405931472778,227.769332885742,227.769332885742,1.79193572981806,1.79193572981806,1,55.3610777379607,65.3610777379607,10.4512054387641
167196.169633656,3,0,588.865780051492,13463.6759976562,388.617658553628,179.913267019499,428.228614351286,528.896672942994,21797.6393078436,-593056.658904229,43.0965305045891,13.3621193392464,13.5303325653076,227.792465209961,227.792465209961,1.79379474995674,1.79379474995674,1,55.1824523377579,65.1824523377579,10.4357494686537
167196.409633655,3,0,587.282670756339,13556.9440303877,388.818350646174,182.526490666726,429.514137934111,530.837847930341,21905.099999073,-592950.801887326,43.1476276630994,13.2021992236857,13.5127429962158,227.83154296875,227.83154296875,1.79698448372607,1.79698448372607,1,54.8772236554202,64.8772236554202,10.410189671818
167196.649633655,3,0,585.699561461186,13650.2610606577,389.026684044743,185.148568872749,430.822499713435,532.796770515847,22012.9962668736,-592843.73100817,43.1998303227599,13.0450168777939,13.4951524734497,227.869995117188,227.869995117188,1.80017803303139,1.80017803303139,0.999767162872207,54.5731998963339,64.5731998963339,10.3857788457909
167196.789633655,3,0,584.776341347392,13704.7192954649,389.150810106841,186.681967541215,431.595513772563,533.9469807846,22076.0972213557,-592780.724222567,43.2307125480161,12.9545581790162,13.4848957061768,227.892150878906,227.892150878906,1.80204232552673,1.80204232552673,0.998732841835287,54.396405671701,64.396405671701,10.3720694408945
167197.029633655,3,0,583.195843437455,13798.1166913017,389.364574558354,189.314871412901,432.933007921232,535.927208684303,22184.3941113504,-592671.85359892,43.2839434239922,12.8013650288282,13.4673376083374,227.929595947266,227.929595947266,1.80523816260039,1.80523816260039,0.99696483242739,54.0943589871423,64.0943589871423,10.3494701796869
167197.169633655,3,0,582.2751783959,13852.6221657241,389.489728585074,190.853225285669,433.720257860623,537.087156811759,22247.6350006299,-592607.839381979,43.3151461312272,12.7130064240846,13.4571094512939,227.951156616211,227.951156616211,1.80710237882874,1.80710237882874,0.99593641144269,53.9187739788596,63.9187739788596,10.3368463192673
167197.409633655,3,0,580.699103622856,13946.1008174898,389.704842621261,193.494869354513,435.081763621483,539.083842594261,22356.155053582,-592497.220241036,43.3688726629245,12.5632255295977,13.4395999908447,227.98762512207,227.98762512207,1.81029814875716,1.81029814875716,0.994178318109262,53.6187411243433,63.6187411243433,10.31622272274
167197.649633655,3,0,579.125809469001,14039.6309856729,389.920389544321,196.142386303378,436.458166767166,541.090823937654,22464.7989233889,-592385.473316302,43.4228682030279,12.4155432503641,13.4221210479736,228.023498535156,228.023498535156,1.81349347363833,1.81349347363833,0.992426594509257,53.3199273466794,63.3199273466794,10.2968292404705
167197.789633655,3,0,578.209334748602,14094.2140703672,390.046203607433,197.689581986773,437.267870839624,542.266287793352,22528.2266828769,-592319.759830144,43.4544770150898,12.3303452338782,13.4119396209717,228.044128417969,228.044128417969,1.81535726153489,1.81535726153489,0.991407674698378,53.146179550303,63.146179550303,10.2860925984319
167198.029633655,3,0,576.640423069351,14187.8259160351,390.261820620065,200.34689937086,438.66747199761,544.289422251364,22637.0411756975,-592206.19151948,43.5088334744785,12.1859037909422,13.394510269165,228.079040527344,228.079040527344,1.81855266280933,1.81855266280933,0.989665792238938,52.849218097054,62.849218097054,10.2685252866977
167198.169633654,3,0,575.726497587387,14242.4566378091,390.387462961757,201.899975497278,439.490574140547,545.474254573174,22700.5595964772,-592139.403147796,43.5406304738173,12.1025739249913,13.3843564987183,228.09912109375,228.09912109375,1.82041651785458,1.82041651785458,0.988652494570929,52.6765320008974,62.6765320008974,10.2587810548038
167198.409633654,3,0,574.161943907585,14336.1500600707,390.602440423159,204.56762615015,440.912921864426,547.513353792055,22809.514985421,-592023.971883107,43.5952729230342,11.9612801024797,13.3669748306274,228.133102416992,228.133102416992,1.82361179306293,1.82361179306293,0.986920200664545,52.3813699266244,62.3813699266244,10.2428092399955
167198.649633654,3,0,572.600130224918,14429.8948345678,390.816676051805,207.242037235037,442.349420648485,549.56243959074,22918.5450158594,-591907.343531127,43.6500604742796,11.8219327163225,13.3496246337891,228.16650390625,228.16650390625,1.8268071273733,1.8268071273733,0.985194005485607,52.0872839132701,62.0872839132701,10.2277569997617
167198.789633654,3,0,571.690333789046,14484.6029208036,390.941208343115,208.805304482832,443.193852719487,550.762326354098,22982.1762240842,-591838.75132948,43.6820763913415,11.7415314686422,13.3395166397095,228.185729980469,228.185729980469,1.82867113268576,1.82867113268576,0.984189759163417,51.9162392994782,61.9162392994782,10.2193863434735
167199.029633654,3,0,570.13283898581,14578.4285550968,391.153764243602,211.490770286615,444.652443286539,552.827086365614,23091.3026913806,-591720.195711003,43.7370401006228,11.6051885778482,13.3222141265869,228.218200683594,228.218200683594,1.83186661344228,1.83186661344228,0.982473016383248,51.6238376092061,61.6238376092061,10.2057095250536
167199.169633654,3,0,569.225554988467,14633.1836084186,391.277136327632,213.060596279527,445.5096486629,554.036061126438,23154.9823019233,-591650.468194469,43.7691398483373,11.5265146641085,13.3121347427368,228.236892700195,228.236892700195,1.83373082912387,1.83373082912387,0.981474264849095,51.4537494102783,61.4537494102783,10.1981113620665
167199.409633654,3,0,567.67235556851,14727.0893483021,391.487409573065,215.757491129985,446.989951295806,556.116312475126,23264.1788437397,-591529.947392696,43.8242156296491,11.393097352668,13.2948789596558,228.268508911133,228.268508911133,1.83692675705859,1.83692675705859,0.979766666606092,51.1629550828504,61.1629550828504,10.1857070652321
167199.649633654,3,0,566.121857079315,14821.0451934107,391.695948568355,218.461781606336,448.483788468077,558.206262505823,23373.4066604166,-591408.166148567,43.8793312953384,11.2614846143073,13.2776536941528,228.299560546875,228.299560546875,1.84012288644155,1.84012288644155,0.978064963415038,50.8731713214951,60.8731713214951,10.1740502952731
167199.789633654,3,0,565.218643253579,14875.8757342417,391.816704530545,220.042752589426,449.36138867124,559.429851931003,23437.1332504213,-591336.53903747,43.9114908335349,11.185532880435,13.2676200866699,228.317413330078,228.317413330078,1.84198732919957,1.84198732919957,0.977075030189974,50.7045865863579,60.7045865863579,10.1675729913455
167200.029633654,3,0,563.672402502862,14969.909984284,392.02204252712,222.759005989375,450.876376171419,561.53501678554,23546.390073625,-591212.73212473,43.9666211757485,11.0567145703925,13.2504415512085,228.347625732422,228.347625732422,1.84518391854861,1.84518391854861,0.975382343949517,50.4163405171706,60.4163405171706,10.157029076595
167200.169633653,3,0,562.771665777551,15024.7858945973,392.140775278008,224.347033227033,451.766217587712,562.767429691767,23610.1264732665,-591139.912944808,43.998772784514,10.9823678229227,13.2404346466064,228.364990234375,228.364990234375,1.84704871368176,1.84704871368176,0.97439757553314,50.2486279977732,60.2486279977732,10.1512066190515
167200.409633653,3,0,561.229660301811,15118.897237871,392.342388246623,227.07552001413,453.30203503181,564.887641200319,23719.3882949657,-591014.044500117,44.0538619363672,10.8562635883933,13.2233037948608,228.39436340332,228.39436340332,1.85024595113175,1.85024595113175,0.972713875436822,49.9618786452665,59.9618786452665,10.1416874585596
167200.649633653,3,0,559.690318192498,15213.0565046916,392.541389063376,229.811862515164,454.850851395285,567.017272790968,23828.6411890873,-590886.855897812,44.1088971539605,10.7318342956943,13.206202507019,228.423202514648,228.423202514648,1.85344389490653,1.85344389490653,0.971035614740178,49.6760494892641,59.6760494892641,10.1327676361639
167200.789633653,3,0,558.793595057595,15268.0046190973,392.65618821883,231.411722647564,455.76028322537,568.263881033454,23892.3642279832,-590812.047384901,44.1409679099927,10.6600111278953,13.1962404251099,228.439819335938,228.439819335938,1.85530924805414,1.85530924805414,0.970059308468225,49.5097333803431,59.5097333803431,10.1278397570056
167201.029633653,3,0,557.258451973205,15362.2384212428,392.85066172545,234.160670312565,457.329443657055,570.40829317041,24001.5844438854,-590682.740480584,44.1958760761773,10.538168389457,13.1791858673096,228.467864990234,228.467864990234,1.85850797754499,1.85850797754499,0.968389779227275,49.2253457876192,59.2253457876192,10.1198046150401
167201.169633653,3,0,556.364171955141,15417.2295008478,392.962684188813,235.767942144638,458.25066160423,571.663478005851,24065.2819150357,-590606.686302757,44.2278581077739,10.4678297395444,13.1692504882813,228.483993530273,228.483993530273,1.86037408462817,1.86037408462817,0.967418391818019,49.0598641800639,59.0598641800639,10.1153943813557
167201.409633653,3,0,554.833206290482,15511.5360313642,393.152169163117,238.52968737195,459.839888681431,573.822513362816,24174.4472416267,-590475.227084193,44.2825894260356,10.34849776323,13.1522426605225,228.511245727539,228.511245727539,1.86357365594008,1.86357365594008,0.96575749771643,48.7768744850522,58.7768744850522,10.1081888792327
167201.649633653,3,0,553.30486794336,15605.8874891145,393.338278422377,241.299600788609,461.441657229128,575.990707957231,24283.5668628557,-590342.391171461,44.3371850554013,10.2307093027938,13.1352634429932,228.538055419922,228.538055419922,1.86677382105017,1.86677382105017,0.964101920993299,48.4947712986202,58.4947712986202,10.1014709996744
167201.789633653,3,0,552.414547214385,15660.946260114,393.445221812229,242.919177765905,462.38177567608,577.259695059653,24347.1957813873,-590264.26276403,44.3689629223199,10.1626975769655,13.1253728866577,228.553451538086,228.553451538086,1.86864082266158,1.86864082266158,0.963138722138955,48.3306010762287,58.3306010762287,10.0977625843894
167202.029633652,3,0,550.890351619443,15755.367142683,393.625657324476,245.702133663015,464.003203155701,579.442271806118,24456.2265458538,-590129.220675463,44.4233079513451,10.0472880767895,13.1084394454956,228.579498291016,228.579498291016,1.8718424879878,1.8718424879878,0.961491404459839,48.0498639579303,58.0498639579303,10.0917334266809
167202.169633652,3,0,550.002441405057,15810.4657729118,393.729170182664,247.329357216281,464.954716728619,580.71960418568,24519.7975365336,-590049.79586139,44.4549264505765,9.98064189919189,13.0985746383667,228.594467163086,228.594467163086,1.87371039094826,1.87371039094826,0.960532881030866,47.8864928651749,57.8864928651749,10.0884125363002
167202.409633652,3,0,548.482367801998,15904.9538520473,393.903526310226,250.125473824701,466.595556504957,582.916408919556,24628.7188489711,-589912.515586453,44.5089765672714,9.86753076024123,13.0816879272461,228.619781494141,228.619781494141,1.87691296769192,1.87691296769192,0.958893993225435,47.6070929558267,57.6070929558267,10.0830538770866
167202.649633652,3,0,546.964886942804,15999.4831518293,394.073842278256,252.929949492069,468.248534946947,585.122120657522,24737.560663537,-589773.805475946,44.5628187464909,9.75582663903214,13.0648288726807,228.644638061523,228.644638061523,1.88011666219261,1.88011666219261,0.957260050463713,47.3285271366028,57.3285271366028,10.0780374646661
167202.789633652,3,0,546.080883902186,16054.6438906763,394.171269962928,254.569764567103,469.218342108914,586.412874925428,24801.0119739159,-589692.226080122,44.5941243406623,9.69130023665468,13.0550079345703,228.658935546875,228.658935546875,1.88198578975707,1.88198578975707,0.956309319378931,47.1664031650986,57.1664031650986,10.0752944026273
167203.029633652,3,0,544.567491695018,16149.2364345536,394.334975054097,257.38747745394,470.890382889519,588.632571086951,24909.7158725578,-589551.230301838,44.6476122273655,9.57760614484088,13.0381956100464,228.68310546875,228.68310546875,1.88519104801973,1.88519104801973,0.954683444472804,46.8891604957902,56.8891604957902,10.0708803787069
167203.169633652,3,0,543.685867894432,16204.4333265006,394.428520935643,259.034965648463,471.871276057275,589.931443840123,24973.0846437996,-589468.311868602,44.6787087162787,9.51142237665195,13.0284004211426,228.697021484375,228.697021484375,1.88706136323782,1.88706136323782,0.953737222304981,46.7278386738389,56.7278386738389,10.0685408347228
167203.409633652,3,0,542.176544531176,16299.0865613793,394.585418899951,261.86582775182,473.56222541463,592.164984277335,25081.6386412835,-589325.006478608,44.7318231521022,9.39919306794381,13.0116329193115,228.720504760742,228.720504760742,1.890268131001,1.890268131001,0.952119315158853,46.4519322227069,56.4519322227069,10.064891791408
167203.649633652,3,0,540.669780786504,16393.7767681844,394.737796767668,264.705057264493,475.26498963432,594.407191189074,25190.0864275782,-589180.22502782,44.7846772956949,9.28847241958229,12.9948930740356,228.743606567383,228.743606567383,1.89347641154746,1.89347641154746,0.950506059697709,46.1768409353937,56.1768409353937,10.0616674391466
167203.789633652,3,0,539.792014216957,16449.0293603184,394.824538190724,266.36514632873,476.263687560511,595.719121692436,25253.2954282138,-589095.082739128,44.8153821034125,9.22456895150123,12.9851417541504,228.756881713867,228.756881713867,1.89534830002911,1.89534830002911,0.949567378413857,46.016768922728,56.016768922728,10.0599404864992
167204.029633651,3,0,538.289287411322,16543.7758532958,394.969465843288,269.217667365537,477.984974324551,597.974925500799,25361.5590498149,-588947.939367283,44.8677910497076,9.11615351026706,12.9684476852417,228.779342651367,228.779342651367,1.89855823482991,1.89855823482991,0.947961996752996,45.742991419195,55.742991419195,10.0571684419916
167204.169633651,3,0,537.413870148355,16599.060452864,395.051766665865,270.885516726117,478.994418249773,599.294746074174,25424.6553192621,-588861.410626925,44.8982258048062,9.05356081436817,12.958722114563,228.792236328125,228.792236328125,1.90043145157588,1.90043145157588,0.947027600509451,45.5836627537079,55.5836627537079,10.0556469982372
167204.409633651,3,0,535.915161211252,16693.860362326,395.188941769807,273.751340960221,480.734034189557,601.564007926019,25532.7175247482,-588711.876319779,44.9501559218209,8.94734414408289,12.9420719146729,228.814086914063,228.814086914063,1.90364348090458,1.90364348090458,0.945429679357094,45.311162300094,55.311162300094,10.0531806506643
167204.649633651,3,0,534.418980135379,16788.6924751687,395.321083329423,276.625560399005,482.485136323017,603.841702261802,25640.6443675382,-588560.817553711,45.0017683314535,8.84246137146305,12.9254503250122,228.835556030273,228.835556030273,1.90685692899377,1.90685692899377,0.943836509430998,45.0394855890361,55.0394855890361,10.05084629939
167204.789633651,3,0,533.547372333309,16844.0256247256,395.395438001834,278.306260503989,483.511846037416,605.174254971738,25703.5207708498,-588471.972327638,45.0317029240474,8.78188494379278,12.9157667160034,228.847900390625,228.847900390625,1.90873207383982,1.90873207383982,0.942909272751022,45,54.8813776810704,10.0490791012744
167205.029633651,3,0,532.055178669485,16938.9080098439,395.515107934758,281.19813872512,485.28022104745,607.465874855119,25811.0315281792,-588318.236234769,45.0823406082306,8.67905755819232,12.8991889953613,228.868759155273,228.868759155273,1.91194790146621,1.91194790146621,0.941323338194269,45,54.6103373207729,10.0249764719521
167205.169633651,3,0,531.185891447538,16994.271761273,395.583116393919,282.88921875458,486.317391128948,608.806880818892,25873.7050914927,-588227.841589123,45.1117504950522,8.61967451191059,12.8895320892334,228.880783081055,228.880783081055,1.91382443421631,1.91382443421631,0.940400417697767,45,54.452528405834,9.98743485385704
167205.409633651,3,0,529.697666862865,17089.2089248132,395.70346131208,285.789606211021,488.107274675449,611.113108199442,25981.3787810265,-588071.939838847,45.1627191887868,8.51895921952842,12.8729982376099,228.901077270508,228.901077270508,1.91704251029979,1.91704251029979,0.938821803272135,45,54.1835643810287,9.87677081709178
167205.649633651,3,0,528.211939669528,17184.1825645528,395.835699082151,288.686080427217,489.91462968279,613.428962946635,26089.6678227253,-587915.136952633,45.2152125769284,8.41969443550895,12.8564929962158,228.921035766602,228.921035766602,1.92026233911569,1.92026233911569,0.937247693768337,45,53.9176300379494,9.71453932476871
167205.78963365,3,0,527.346415935417,17239.6015158873,395.920729286195,290.372058449867,490.977822081738,614.78447382845,26153.2297989004,-587823.345229914,45.2468215276714,8.36248812760581,12.8468770980835,228.932510375977,228.932510375977,1.92214110788616,1.92214110788616,0.936331585651501,45,53.7642515146029,9.6016640069448
167206.02963365,3,0,525.864628357166,17334.6377051176,396.082471065148,293.254353325682,492.816516301004,617.116274461576,26262.9820712956,-587665.524131679,45.3029985050904,8.26563438976025,12.8304147720337,228.951889038086,228.951889038086,1.92536341666305,1.92536341666305,0.934764534986349,45,53.5046705834915,9.38693538330132
167206.16963365,3,0,525.001397576425,17390.0955352661,396.18677398997,294.930648437583,493.898649468383,618.481247536065,26327.4957391996,-587573.213445487,45.3370099005774,8.20984998591412,12.8208246231079,228.963043212891,228.963043212891,1.92724395622768,1.92724395622768,0.933852483116131,45,53.3552950875066,9.25340338872671
167206.40963365,3,0,523.523531977736,17485.2033783272,396.383186429137,297.795406159029,495.770191239733,620.829382631847,26438.9640343079,-587414.558051109,45.3975179796012,8.11542107336218,12.8044061660767,228.981872558594,228.981872558594,1.93046875772786,1.93046875772786,0.932292507715008,45,53.1027687138691,9.01648216748099
167206.64963365,3,0,522.048134467251,17580.3623723731,396.601886198335,300.649076773414,497.662332484746,623.187804459163,26551.5461873605,-587255.385696723,45.4608263550184,8.02248341870432,12.7880153656006,229.000396728516,229.000396728516,1.93369560435469,1.93369560435469,0.930736819485463,45,52.8547319127089,8.77418869056295
167206.78963365,3,0,521.188622971542,17635.8973767938,396.739655339869,302.308737608103,498.775449032746,624.568253134096,26617.7330466515,-587162.292385496,45.4990424142571,7.96894729099059,12.7784662246704,229.011047363281,229.011047363281,1.93557892249555,1.93557892249555,0.929831201624037,45,52.7120863262507,8.6316480920985
167207.02963365,3,0,519.71711934448,17731.1475802825,396.993053337499,305.145602119077,500.69941377875,626.942688742545,26732.0726543341,-587002.279083161,45.566738081745,7.87829673453543,12.7621183395386,229.029037475586,229.029037475586,1.93880857375444,1.93880857375444,0.928282296637916,45,52.4709672791156,8.38623637483023
167207.16963365,3,0,518.859874342151,17786.7395152929,397.15079243122,306.795737966057,501.830772904148,628.332353097315,26799.2797896808,-586908.686634998,45.6074886256355,7.82606367722532,12.7525949478149,229.039398193359,229.039398193359,1.94069371439225,1.94069371439225,0.927380644154438,45,52.3322975345066,8.24264513313507
167207.40963365,3,0,517.392247767651,17882.0936939294,397.437971412415,309.616689550933,503.785446157436,630.72234125584,26915.3604580831,-586747.805550302,45.6794872504323,7.73759970115777,12.7362909317017,229.056869506836,229.056869506836,1.94392661389614,1.94392661389614,0.925838406703073,45,52.097902651786,7.99596491326815
167207.64963365,3,0,515.927061319327,17977.5200401751,397.7460435004,312.42796808014,505.758935243234,633.121884938557,27032.5335930306,-586586.366352631,45.7541624044876,7.65046298169328,12.7200126647949,229.07405090332,229.07405090332,1.94716175701012,1.94716175701012,0.924300155316339,45,51.8676522769497,7.74873214339174
167207.789633649,3,0,515.07349350476,18033.2206995174,397.935262698729,314.063515329098,506.918647101103,634.525943885586,27101.3867947337,-586491.933038994,45.7989464428139,7.6002317234793,12.7105302810669,229.083923339844,229.083923339844,1.94904990465752,1.94904990465752,0.923404723565049,45,51.735226534973,7.60442449460482
167208.029633649,3,0,513.61215730032,18128.771343959,398.275689003645,316.860018138993,508.921004725603,636.940169658192,27220.2770912718,-586329.595491044,45.8777924013403,7.51512105840249,12.6942949295044,229.100616455078,229.100616455078,1.95228849385082,1.95228849385082,0.921872913038012,45,51.5113747108661,7.35708090983959
167208.169633649,3,0,512.760830793191,18184.5480234678,398.483493631099,318.487153092416,510.097221808894,638.352632557793,27290.1261860658,-586234.631907991,45.924982117791,7.46604626259911,12.6848373413086,229.110214233398,229.110214233398,1.95417880326247,1.95417880326247,0.920981225182622,45,51.3826460872525,7.21301164383532
167208.409633649,3,0,511.303328953957,18280.2348877055,398.855222144003,321.269616775054,512.127285474661,640.780984322426,27410.7108007985,-586071.372247135,46.0078983999781,7.38287533453793,12.6686449050903,229.126434326172,229.126434326172,1.95742113902044,1.95742113902044,0.919455676862793,45,51.1650043906543,6.96681559821497
167208.649633649,3,0,509.848240660208,18376.0137222786,399.24607041768,324.043645437203,514.17422119612,643.217961449865,27532.3486797337,-585907.514259637,46.0933209294159,7.30088101624273,12.6524801254272,229.142349243164,229.142349243164,1.96066578581532,1.96066578581532,0.917934160464086,45,50.9511843663262,6.72204130945541
167208.789633649,3,0,509.000551282051,18431.9289541134,399.482672294015,325.658077266138,515.375862797494,644.643423413855,27603.784256308,-585811.648247109,46.1442858631773,7.2535818651457,12.6430625915527,229.151519775391,229.151519775391,1.96255960756577,1.96255960756577,0.917048361187217,45,50.8281661570911,6.58014328642449
167209.029633649,3,0,507.549271859113,18527.8624458276,399.902625547254,328.419504732093,517.448496823761,647.093584150026,27727.056437178,-585646.812253614,46.2335579436145,7.1733832675331,12.6269388198853,229.1669921875,229.1669921875,1.96580834157856,1.96580834157856,0.915532821532248,45,50.62014840451,6.33867372931313
167209.169633649,3,0,506.70379986309,18583.8710332348,400.155757715591,330.026866361244,518.664760059849,648.52656438062,27799.4319206526,-585550.363699091,46.2867224388262,7.12710487952458,12.617546081543,229.175872802734,229.175872802734,1.96770449768947,1.96770449768947,0.914650562601697,45,50.5004581956123,6.19902277285067
167209.409633649,3,0,505.256314035782,18679.9697918157,400.603256979369,332.776661711837,520.761830841254,650.989321316747,27924.2909902892,-585384.507377596,46.379683575307,7.04861845695295,12.6014652252197,229.19091796875,229.19091796875,1.9709572242718,1.9709572242718,0.913141149477126,45,50.2980095484799,5.96189295981161
167209.649633648,3,0,503.811216433908,18776.1781356378,401.06731362898,335.519618338027,522.873686139009,653.45973043204,28050.1257510452,-585217.983548105,46.4748868692502,6.97117089478204,12.5854110717773,229.205673217773,229.205673217773,1.97421256442473,1.97421256442473,0.911635433717055,45,50.0989439752576,5.72782575308153
167209.789633648,3,0,502.969343399023,18832.3518187646,401.345404250386,337.116670893272,524.112233997133,654.90424458088,28123.9717961627,-585120.529403445,46.5314305351819,6.92645891171015,12.5760583877563,229.214172363281,229.214172363281,1.97611301213086,1.97611301213086,0.910758756714684,45,49.9843279428778,5.59280874820872
167210.029633648,3,0,501.528015159021,18928.7414999263,401.83434867734,339.849580127061,526.246493531317,657.386295584441,28251.3086667999,-584952.912191398,46.6300438514517,6.85059815550992,12.5600452423096,229.228485107422,229.228485107422,1.9793726784214,1.9793726784214,0.909258892882213,45,49.7903850278099,5.36401785472049
167210.169633648,3,0,500.688336640439,18985.0236520644,402.126477774019,341.441042654007,527.497755536001,658.83743096868,28326.0152505863,-584854.807020499,46.6885263772199,6.80679113749365,12.5507173538208,229.236740112305,229.236740112305,1.9812756422751,1.9812756422751,0.908385624686419,45,49.6787094976941,5.23219760431826
167210.409633648,3,0,499.250763224738,19081.6037317594,402.638676283924,344.16482534875,529.653214954953,661.330547178861,28454.8005597576,-584686.051455851,46.7903774772275,6.73243675538984,12.5347461700439,229.250671386719,229.250671386719,1.98453975831107,1.98453975831107,0.906891457280596,45,49.4896437987005,5.00904735218019
167210.649633648,3,0,497.815553934822,19178.3084627134,403.164736297887,346.883303256522,531.821464640627,663.830364044494,28584.4732324182,-584516.554004035,46.8941855044635,6.65900159178389,12.5188016891479,229.264358520508,229.264358520508,1.98780698740782,1.98780698740782,0.905400916213741,45,49.3035214402782,4.78955564074473
167210.789633648,3,0,496.979438020037,19234.7784107216,403.477759344362,348.466763520579,533.092004939097,665.291597317748,28660.5171744581,-584417.331086552,46.9556177668524,6.61657744976949,12.5095129013062,229.272201538086,229.272201538086,1.98971416646859,1.98971416646859,0.904533053739052,45,49.1962840826621,4.66325031846807
167211.029633648,3,0,495.547960339902,19331.687055722,404.024505295664,351.177517747532,535.279598693922,667.801581003929,28791.5526031738,-584246.623941863,47.0623903648981,6.54453618315629,12.4936094284058,229.285491943359,229.285491943359,1.99298617092196,1.99298617092196,0.903048015576456,45,49.0146571045733,4.44964637852334
167211.169633648,3,0,494.714017135061,19388.2781942156,404.349151532845,352.756706619538,536.561108375096,669.268591046988,28868.3765133006,-584146.682903273,47.1255049252185,6.50290530044622,12.4843444824219,229.293151855469,229.293151855469,1.99489632082934,1.99489632082934,0.90218331167858,45,48.9099642006811,4.32676421819868
167211.409633648,3,0,493.286257251333,19485.3982822892,404.915083130164,355.460519391756,538.766978384295,671.788215196651,29000.723965405,-583974.724345172,47.2350824407766,6.43219529415169,12.4684829711914,229.306045532227,229.306045532227,1.99817340870119,1.99817340870119,0.900703749342001,45,48.7325742524231,4.11905207092532
167211.649633647,3,0,491.860838412982,19582.6555464136,405.492393717655,358.160324489145,540.983867541062,674.313667439184,29133.8749861903,-583801.954839521,47.3463526406353,6.36228920313754,12.4526472091675,229.318725585938,229.318725585938,2.00145334408004,2.00145334408004,0.899227683698355,45,48.5577705660462,3.91507710422769
167211.789633647,3,0,491.030423050509,19639.4533592509,405.834193922578,359.7334681248,542.281985047375,675.789460009824,29211.910025007,-583700.792201489,47.412018416733,6.32187246787329,12.4434213638306,229.326034545898,229.326034545898,2.00336831584259,2.00336831584259,0.898368114166488,45,48.4569562238611,3.79777613836485
167212.029633647,3,0,489.608699853519,19736.9331968125,406.428409336081,362.427474413913,544.515529506417,678.323739162802,29346.2954329815,-583526.70807123,47.5258497228572,6.25318738193701,12.4276266098022,229.338333129883,229.338333129883,2.00665378698946,2.00665378698946,0.896897281463552,45,48.2860537316568,3.59955927657298
167212.169633647,3,0,488.780436373637,19793.8626788725,406.779686595522,363.997422121915,545.823090448081,679.804542608481,29425.037392846,-583424.767885282,47.5929683972988,6.21346358203494,12.4184255599976,229.345428466797,229.345428466797,2.00857162755918,2.00857162755918,0.896040947990398,45,48.1874539627223,3.48560285902232
167212.409633647,3,0,487.36239551425,19891.5712451153,407.389510394319,366.686247857583,548.072368850981,682.347176781191,29560.6127745613,-583249.333391636,47.7092223310162,6.14593906846241,12.4026708602905,229.357391357422,229.357391357422,2.01186234471443,2.01186234471443,0.89457524930976,45,48.0202655210794,3.29306466487525
167212.649633647,3,0,485.946673585428,19989.4272311236,408.00856712327,369.372094022191,550.331139097458,684.894858323912,29696.9183475827,-583073.028513784,47.8269396383938,6.07910784335669,12.3869428634644,229.369155883789,229.369155883789,2.01515635657145,2.01515635657145,0.89311294566764,45,47.8553095446788,3.10397657519501
167212.789633647,3,0,485.121904648291,20046.5788241926,408.373762723041,370.937547411739,551.653007190185,686.383269042199,29776.7608025182,-582969.776890449,47.8962640853614,6.04043502183648,12.3777799606323,229.375915527344,229.375915527344,2.01707961714654,2.01707961714654,0.892261422269462,40,47.7601223501624,2.99535731808179
167213.029633647,3,0,483.709843881033,20144.6427463942,409.093616391728,373.531345190235,553.92770643501,688.916825645262,29918.2408196394,-582798.026026702,48.0253841621676,5.97467319962392,12.3620929718018,229.387359619141,229.387359619141,2.02037889086068,2.02037889086068,0.890804361639693,40,47.6101364691926,3.19150246748172
167213.169633647,3,0,482.88720683062,20201.8888080402,409.472425690556,375.072922330779,555.252540289709,690.399823347482,29999.0046614732,-582694.956506816,48.0973407139767,5.93656488985035,12.3529539108276,229.393936157227,229.393936157227,2.02230516082746,2.02230516082746,0.889955915082858,40,47.5203484844118,3.60901660338982
167213.409633646,3,0,481.478794162568,20300.117423701,410.017589930596,377.804167630024,557.509578796605,692.952575213023,30132.788210622,-582511.860852638,48.2090106696356,5.87138390753951,12.3373069763184,229.405059814453,229.405059814453,2.02560976738992,2.02560976738992,0.888504022064049,40,47.3532158865411,4.46680635592985
167213.649633646,3,0,480.072678833299,20398.4715541224,410.455095477906,380.619415732118,559.747468523003,695.509972212356,30261.7295391656,-582322.406225499,48.3083440128817,5.80626875326809,12.3216857910156,229.415985107422,229.415985107422,2.02891775647683,2.02891775647683,0.887055379246846,40,47.1730307083991,5.21656007040045
167213.789633646,3,0,479.253503817258,20455.9015707484,410.675534184248,382.28717077331,561.046319907796,697.002215741214,30335.3921900593,-582209.770496203,48.3622578724195,5.76834846634982,12.3125848770142,229.422286987305,229.422286987305,2.03084911949307,2.03084911949307,0.88621176350551,40,47.0639610749191,5.54366817259049
167214.029633646,3,0,477.851015505033,20554.443168796,411.018240421495,385.171083907559,563.267437784048,699.560780488519,30460.1440316445,-582014.201112747,48.4506145632298,5.70355255362733,12.2970037460327,229.432891845703,229.432891845703,2.03416273842566,2.03416273842566,0.884768203642065,40,46.873441737251,5.90439674675295
167214.169633646,3,0,477.033952473725,20611.9742352107,411.206988297664,386.861177913695,564.562493638643,701.053868658899,30532.4645782107,-581899.083241131,48.5008992650959,5.66594140169617,12.2879266738892,229.439010620117,229.439010620117,2.0360971103814,2.0360971103814,0.883927627231153,40,46.7614608887962,6.01388546082864
167214.409633646,3,0,475.635078344175,20710.6744130261,411.524332728019,389.763077082079,566.785516461029,703.615365325197,30656.2795593463,-581700.49735778,48.5865194545344,5.60186560457919,12.272385597229,229.449325561523,229.449325561523,2.03941583377747,2.03941583377747,0.882489220727536,40,46.5697456583073,6.07608486326303
167214.649633646,3,0,474.238480256668,20809.4627988756,411.842420267379,392.665341933698,569.015190537839,706.180277586622,30780.2994979927,-581500.668464794,48.6724833616092,5.53835623540981,12.2568702697754,229.459457397461,229.459457397461,2.04273809309732,2.04273809309732,0.881054033412313,40,46.3794193731086,6.03789345477941
167214.789633646,3,0,473.424847059815,20867.1278731643,412.030080324147,394.357535402859,570.319621993267,707.678395323762,30852.8248423376,-581383.582445177,48.7230190468955,5.50157980211802,12.2478303909302,229.465301513672,229.465301513672,2.04467747696736,2.04467747696736,0.880218272962862,40,46.2692861782915,5.9906743009804
167215.029633646,3,0,472.031842180108,20966.046309841,412.355820610853,397.257151169031,572.562688192794,710.250253604925,30977.48638827,-581181.960723647,48.8103970718988,5.43899248146042,12.2323551177979,229.475158691406,229.475158691406,2.0480049027963,2.0480049027963,0.878788241554781,40,46.0820113725813,5.89069426582116
167215.169633646,3,0,471.220301307396,21023.7856637923,412.547915012737,398.948173802669,573.875177734788,711.752740719508,31050.3876219866,-581063.798109762,48.8617761732613,5.40273874620224,12.2233390808105,229.480850219727,229.480850219727,2.04994750930319,2.04994750930319,0.877955460622245,40,45.9736407315496,5.82791880468977
167215.409633645,3,0,469.830876935231,21122.8306107697,412.879992876402,401.84707356101,576.131941811283,714.332363154635,31175.6373987825,-580860.240934158,48.9504678419472,5.3410067500599,12.2079029083252,229.490447998047,229.490447998047,2.05328046194035,2.05328046194035,0.876530339454294,40,45.7892085065037,5.71901970066595
167215.649633645,3,0,468.443707469303,21221.9558272208,413.21482752501,404.74660442947,578.397071345832,716.916969872508,31301.2023399035,-580655.386650348,49.0398470070128,5.27977544812174,12.1924924850464,229.499908447266,229.499908447266,2.0566167217893,2.0566167217893,0.875108498680877,40,45.6063782031099,5.60990621818254
167215.789633645,3,0,467.635564633458,21279.8162536516,413.411259972069,406.438421234158,579.722189818444,718.42694580125,31374.5871467224,-580535.279759464,49.0922824997105,5.2442971120206,12.1835136413574,229.505340576172,229.505340576172,2.05856446554737,2.05856446554737,0.874280424018184,40,45.5004322384864,5.54549745479331
167216.029633645,3,0,466.251955343927,21379.0702746629,413.749965829327,409.339368906063,582.00026857224,721.019362774219,31500.6312665913,-580328.339660372,49.1826880064575,5.18389418376198,12.1681423187256,229.514541625977,229.514541625977,2.06190623093589,2.06190623093589,0.872863468566601,40,45.320026794041,5.43192667221035
167216.169633645,3,0,465.445885681252,21437.0065370313,413.948783718935,411.031929963528,583.33289995908,722.53385922721,31574.3030770487,-580207.019503,49.2357365236344,5.148902064101,12.1591873168945,229.519821166992,229.519821166992,2.0638574728313,2.0638574728313,0.87203829343984,40,45.2154868220239,5.36279849442298
167216.409633645,3,0,464.065824189725,21536.3917656938,414.292490442778,413.933485359584,585.623900716455,725.133924249336,31700.8855835031,-579998.042766679,49.3272970637335,5.08933784327384,12.143856048584,229.528778076172,229.528778076172,2.06720503849636,2.06720503849636,0.870626216245352,40,45.0375965782934,5.23854974266562
167216.649633645,3,0,462.687997112358,21635.8611267443,414.640141654211,416.834857336513,587.923106776935,727.738747333047,31827.8491238656,-579787.814172511,49.4196829405748,5.03031228993495,12.1285486221313,229.537567138672,229.537567138672,2.07055603873081,2.07055603873081,0.86921719499664,40,44.8613590001401,5.10630976156768
167216.789633645,3,0,461.885294574091,21693.9241884457,414.845086739316,418.52700441183,589.268124126024,729.260396930935,31902.1040417977,-579664.618084483,49.4739949244401,4.99613114397689,12.1196308135986,229.542633056641,229.542633056641,2.07251240307787,2.07251240307787,0.868396682373951,40,44.7593538175927,5.02553861013085
167217.029633645,3,0,460.510995392737,21793.528929237,415.200519387822,421.426971896788,591.580423160162,731.872615050902,32029.7509989593,-579452.479019994,49.5678744851883,4.93796666960984,12.104362487793,229.551193237305,229.551193237305,2.0758690352769,2.0758690352769,0.86699244210052,40,44.5859037157695,4.88133393945039
167217.169633645,3,0,459.710347252178,21851.6717826775,415.410423462853,423.117995254631,592.933086758386,733.398531079383,32104.427257435,-579328.187899861,49.623110329487,4.9042917931522,12.0954675674438,229.556121826172,229.556121826172,2.07782889530578,2.07782889530578,0.866174733188244,40,44.485571322042,4.79430933447413
167217.409633644,3,0,458.339563883486,21951.4148125142,415.774924245381,426.015621309456,595.258470568364,736.017978907891,32232.8283408667,-579114.198094391,49.7186461930815,4.84699921188595,12.0802392959595,229.564437866211,229.564437866211,2.08119118410674,2.08119118410674,0.864775381410659,40,44.3150359276265,4.64091849005469
167217.649633644,3,0,456.970994758743,22051.2468388114,416.145556813424,428.911456299095,597.592048698157,738.641898403022,32361.7300880646,-578899.058635484,49.8152825459206,4.7902615192755,12.065034866333,229.572616577148,229.572616577148,2.08455734628749,2.08455734628749,0.863378939473909,40,44.1463551861078,4.48332041860581
167217.789633644,3,0,456.173683487275,22109.5238279222,416.364667146805,430.599802471197,598.957053610119,740.174552750814,32437.1592135599,-578773.033547356,49.8721731138241,4.75742232149192,12.0561771392822,229.57731628418,229.57731628418,2.0865227665198,2.0865227665198,0.862565731224434,40,44.0488265960096,4.38989871019063
167218.029633644,3,0,454.808610769412,22209.4995835999,416.745346292974,433.492512055957,601.303415283349,742.805389255118,32566.8779747494,-578556.091615148,49.9706012762547,4.70156545915633,12.0410118103027,229.58528137207,229.58528137207,2.08989472927856,2.08989472927856,0.86117402058234,40,43.8831136384706,4.22777481604978
167218.169633644,3,0,454.01333564322,22267.861457826,416.970378963043,435.178967761459,602.675791817058,744.342015178011,32642.7895685228,-578429.018952294,50.0285474920196,4.66923973425017,12.0321760177612,229.58984375,229.58984375,2.09186334746131,2.09186334746131,0.860363575479787,40,43.7873178878157,4.13233668369216
167218.409633644,3,0,452.651747584162,22367.9845576499,417.361259274832,438.068361845537,605.034640192143,746.979558174913,32773.3427756188,-578210.28457778,50.1287976752485,4.61426969271388,12.0170497894287,229.597564697266,229.597564697266,2.09524111518157,2.09524111518157,0.85897657623822,40,43.6245627108015,3.96765507413386
167218.649633644,3,0,451.292354242571,22468.2026221888,417.758586226971,440.955628860884,607.401213669124,749.621237128933,32904.4283804313,-577990.419163003,50.2302047753944,4.55985816803029,12.0019474029541,229.60514831543,229.60514831543,2.09862262761834,2.09862262761834,0.857592511445786,40,43.4636540094056,3.80211030190665
167218.789633644,3,0,450.500386521406,22526.7076091461,417.99332351607,442.638880958599,608.785228110546,751.164093278452,32981.1417668966,-577861.64192289,50.2898934846586,4.52837745096195,11.9931488037109,229.609512329102,229.609512329102,2.10059740307686,2.10059740307686,0.856786346735398,40,43.3706254843343,3.70531151776206
167219.029633644,3,0,449.144458861992,22627.0790770844,418.40076761849,445.52277431533,611.163751501074,753.812152006533,33113.0741548482,-577639.98392508,50.393131011601,4.4748528084563,11.978084564209,229.616882324219,229.616882324219,2.10398487085747,2.10398487085747,0.85540683619882,40,43.2125921540317,3.53928710405705
167219.169633643,3,0,448.35450940918,22685.6746304361,418.641357440606,447.204069460525,612.554634567314,755.358670966174,33190.2820318682,-577510.159389145,50.4538848719235,4.44388975237571,11.9693088531494,229.621124267578,229.621124267578,2.10596271318219,2.10596271318219,0.854603529175066,40,43.1212413174325,3.44247476243023
167219.409633643,3,0,447.002035898443,22786.2031960844,419.058723202761,450.084632321004,614.944748456382,758.012901480804,33323.0616566293,-577286.702691452,50.5589411243076,4.39125397790298,11.9542837142944,229.628265380859,229.628265380859,2.10935645011326,2.10935645011326,0.853228564913121,40,42.9660314580487,3.27682060870081
167219.649633643,3,0,445.651738088314,22886.832857467,419.482217097195,452.963135353158,617.341988984115,760.670920150946,33456.3746995592,-577062.105392145,50.6651350234734,4.33917853648385,11.9392824172974,229.635284423828,229.635284423828,2.11275422497009,2.11275422497009,0.851856389728761,40,42.8125844359118,3.11177307959309
167219.789633643,3,0,444.865067314071,22945.580745525,419.732036365543,454.64132345517,618.743609176582,762.223144874331,33534.3861243303,-576930.562001184,50.7276030332197,4.30906085831698,11.9305429458618,229.63932800293,229.63932800293,2.11473796501015,2.11473796501015,0.851057361092486,40,42.7238723046485,3.01587968014708
167220.029633643,3,0,443.518205185611,23046.3733687293,420.16496967916,457.516643234482,621.151815264858,764.886978727502,33668.5387091637,-576704.150315534,50.8355760240128,4.25787245477389,11.9155797958374,229.646148681641,229.646148681641,2.11814174188512,2.11814174188512,0.849689747332898,40,42.5731431002826,2.85223276376269
167220.169633643,3,0,442.733535285595,23105.2173336379,420.420193389554,459.193009202476,622.559717897312,766.442531253064,33747.0376457999,-576571.545040738,50.8990726126611,4.22827120328968,11.9068622589111,229.65007019043,229.65007019043,2.12012925905232,2.12012925905232,0.848893196156541,40,42.4859892400276,2.75732325985317
167220.409633643,3,0,441.390097600349,23206.1763689369,420.862204814852,462.065267379243,624.978499114288,769.111960186747,33882.0214917714,-576343.306418008,51.0087923057179,4.17796868263442,11.8919372558594,229.656677246094,229.656677246094,2.1235393257701,2.1235393257701,0.847530012982739,40,42.3379029637407,2.59567159279194
167220.649633643,3,0,440.048817081646,23307.2422284677,421.309747293982,464.935660073399,627.403755741799,771.784807662528,34017.525123006,-576113.906985596,51.1195963022603,4.12822659916089,11.8770360946655,229.663162231445,229.663162231445,2.12695358429025,2.12695358429025,0.846169533217436,40,42.1914574935297,2.43536089339583
167220.789633643,3,0,439.267397871349,23366.2471567235,421.573305879454,466.6092179144,628.821418667634,773.345514061525,34096.8073201939,-575979.552352317,51.1847267188711,4.09946520340971,11.8683547973633,229.666915893555,229.666915893555,2.12894687547983,2.12894687547983,0.845377272487874,40,42.1067627824586,2.34254078819694
167221.029633642,3,0,437.929523871998,23467.4847737836,422.029277847172,469.476770621989,631.256613345941,776.02359770887,34233.1250919905,-575748.303305011,51.2972166773055,4.05060374389627,11.8534908294678,229.673217773438,229.673217773438,2.13236760609973,2.13236760609973,0.844021127887249,40,41.9628276375409,2.18467756118475
167221.169633642,3,0,437.150088591074,23526.5908073168,422.297631619443,471.148711456534,632.679959622493,777.587293672481,34312.8787384779,-575612.86542369,51.363318998123,4.02235643930946,11.8448324203491,229.676834106445,229.676834106445,2.13436471381276,2.13436471381276,0.843231443232273,40,41.8795968234739,2.09335323737598
167221.409633642,3,0,435.815610107314,23628.0032671244,422.76161753516,474.013560889331,635.124706606041,780.270394329659,34449.9988169328,-575379.752051564,51.4774553759044,3.97437151950996,11.8300065994263,229.682922363281,229.682922363281,2.13779175121052,2.13779175121052,0.841879685517589,40,41.7381310335235,1.93814909418751
167221.649633642,3,0,434.483270651659,23729.5276784369,423.230455357107,476.876775745852,637.57529351525,782.956554733046,34587.6195898461,-575145.453749052,51.5926109424593,3.92694078447548,11.8152046203613,229.688919067383,229.688919067383,2.14122281878896,2.14122281878896,0.840530604915841,40,41.5981687106342,1.7846698579055
167221.789633642,3,0,433.707058735449,23788.8024029838,423.506120275943,478.546249067484,639.007441700677,784.524861566649,34668.1277136927,-575008.230084171,51.6602497814496,3.89952540759766,11.8065814971924,229.692367553711,229.692367553711,2.14322631170496,2.14322631170496,0.839744933934082,40,41.5172112505789,1.69600331553781
167222.029633642,3,0,432.378097253738,23890.5063732757,423.982304641271,481.406980537204,641.466976499324,787.215695779853,34806.5312849439,-574772.043168774,51.776987451828,3.85296368056856,11.7918167114258,229.698165893555,229.698165893555,2.14666400799144,2.14666400799144,0.838400091698307,40,41.3795834264518,1.54537653382704
167222.169633642,3,0,431.603852744495,23949.886640163,424.262134592208,483.075042819478,642.904238661028,788.786668509285,34887.4923877639,-574633.713382785,51.8455376909083,3.82605401281767,11.7832155227661,229.701522827148,229.701522827148,2.14867132630937,2.14867132630937,0.837616905731301,40,41.2999717091153,1.45836639129511
167222.409633642,3,0,430.278258655413,24051.7728682552,424.745265422382,485.933417002761,645.372364521451,791.481972179846,35026.6667887267,-574395.623205201,51.963818858335,3.78035384733484,11.7684888839722,229.707138061523,229.707138061523,2.15211551326678,2.15211551326678,0.836276410762561,40,41.1646049846473,1.31067143521187
167222.649633642,3,0,428.954785865035,24153.7755313184,425.232590637432,488.79036483267,647.845744218148,794.180001353706,35166.3224066609,-574156.323263645,52.0830566203031,3.73519425122935,11.7537851333618,229.712677001953,229.712677001953,2.15556437107244,2.15556437107244,0.834938390328607,40,41.0306378140809,1.16479717974799
167222.789633642,3,0,428.183738072761,24213.3312488282,425.518741004656,490.456278588448,649.290921960134,795.7550799491,35248.0086254424,-574016.170700102,52.153047790213,3.7090991500808,11.7452192306519,229.715850830078,229.715850830078,2.15757776940211,2.15757776940211,0.834159237658975,40,40.9531288453918,1.0805660866917
167223.029633641,3,0,426.863615515581,24315.5202664465,426.012406063503,493.311063283704,651.772352976574,798.457272302668,35388.4172285036,-573774.943544959,52.273771325421,3.66478961688025,11.7305536270142,229.721206665039,229.721206665039,2.16103326778177,2.16103326778177,0.832825486685746,40,40.8213347836508,0.937613153625063
167223.169633641,3,0,426.094518963258,24375.1853818848,426.302149228657,494.975745356533,653.222134006763,800.034725558651,35470.5395516759,-573633.662581037,52.3446195013724,3.63918813639642,11.7220087051392,229.724273681641,229.724273681641,2.1630509263634,2.1630509263634,0.832048564294437,40,40.7450610367395,0.855067823662647
167223.409633641,3,0,424.777736285949,24477.5630903231,426.801803632831,497.828468323419,655.711296357175,802.740895386571,35611.6908512566,-573390.494606079,52.4667953118609,3.5957165654373,11.7073802947998,229.729476928711,229.729476928711,2.16651306798846,2.16651306798846,0.83071900210016,40,40.6153544284686,0.71498657385793
167223.649633641,3,0,423.463057667447,24580.06111615,427.305065712907,500.679935752295,658.205183748695,805.449485115221,35753.3060661515,-573146.093930469,52.5898723879144,3.55276732127099,11.6927738189697,229.734558105469,229.734558105469,2.16997956845584,2.16997956845584,0.829391881416118,40,40.4869427622761,0.576684636174894
167223.789633641,3,0,422.697131848193,24639.9075328696,427.600252336025,502.34272690945,659.662086050115,807.030585858755,35836.1278152444,-573002.955646333,52.6620786077922,3.52795444291381,11.6842651367188,229.73747253418,229.73747253418,2.17200366505753,2.17200366505753,0.828619027661812,40,40.412619081314,0.496823458256107
167224.029633641,3,0,421.385776305523,24742.5977895549,428.108977170683,505.192270743791,662.163213600249,809.742864868183,35978.470627172,-572756.593179538,52.7865592192812,3.4858222416606,11.6696968078613,229.742416381836,229.742416381836,2.17547724429978,2.17547724429978,0.827295978279979,40,40.2862040140385,0.361332367900831
167224.169633641,3,0,420.62178598836,24802.5569378787,428.407258007591,506.853962636092,663.624255817357,811.326068691636,36061.7141152062,-572612.306674452,52.8595760453501,3.46148207506661,11.6612091064453,229.745239257813,229.745239257813,2.17750531799065,2.17750531799065,0.826525447068076,40,40.2130436099684,0.283091020279351
167224.409633641,3,0,419.313743396184,24905.4414395869,428.921142264012,509.701664155473,666.132340645324,814.041871983373,36204.7759126481,-572363.969818778,52.9854321822932,3.4201531130343,11.6466770172119,229.750030517578,229.750030517578,2.18098586724407,2.18098586724407,0.825206432442023,40,40.0885664134316,0.150320800510156
167224.649633641,3,0,418.007788038657,25008.4496114729,429.438141920646,512.548228145039,668.644676661318,816.759814122771,36348.2879170958,-572114.380291675,53.1121447032868,3.37932211234,11.6321678161621,229.75471496582,229.75471496582,2.18447081227189,2.18447081227189,0.823889963221118,40,39.9653106569246,0.019274414329202
167224.789633641,3,0,417.246943067457,25068.5951108777,429.7409900004,514.208113369237,670.111999722668,818.346117613336,36432.2024680958,-571968.219202338,53.1864395869664,3.35572918054965,11.6237154006958,229.757415771484,229.757415771484,2.18650572951592,2.18650572951592,0.823123184402457,40,39.8939563807722,0.0565395324429582
167225.02963364,3,0,415.944284339183,25171.8003962458,430.261243523961,517.05128749565,672.628740074642,821.065224690882,36576.3367501727,-571716.789640134,53.314291682707,3.31565831179357,11.6092433929443,229.761962890625,229.761962890625,2.18999790268864,2.18999790268864,0.821810636221663,40,39.7725605060946,0.185001789251541
167225.16963364,3,0,415.18535949431,25232.0611700749,430.565341583358,518.70837380745,674.097513128883,822.651121983985,36660.5784176381,-571569.618543188,53.3891507122183,3.2924923856367,11.600811958313,229.764572143555,229.764572143555,2.19203697594055,2.19203697594055,0.821046164546971,40,39.7022792793267,0.259223048976209
167225.40963364,3,0,413.885987511348,25335.4644746074,431.087729477289,521.54665901472,676.616562073415,825.369391108784,36805.2749067396,-571316.459491017,53.5179633715734,3.25313631014023,11.5863761901855,229.768981933594,229.768981933594,2.19553626199497,2.19553626199497,0.819737571331851,40,39.5827131837678,0.385192241892303
167225.64963364,3,0,412.588686321095,25438.993270717,431.611505290438,524.38189902437,679.137058683732,828.087155911496,36950.3308100709,-571062.204600143,53.6473914479466,3.21421916878378,11.571964263916,229.77326965332,229.77326965332,2.19904008399596,2.19904008399596,0.818431522247439,40,39.4642922090764,0.509581514565235
167225.78963364,3,0,411.832882025163,25499.4431543011,431.917693038139,526.034394417581,680.608014146795,829.672293380843,37035.1140087048,-570913.382067665,53.7231782989487,3.19171675290578,11.5635671615601,229.775756835938,229.775756835938,2.20108617465782,2.20108617465782,0.817670714881258,40,39.3957329333735,0.581434343672369
167226.02963364,3,0,410.538851567435,25603.1713387324,432.443726180317,528.86487409102,683.13078713325,832.389297389999,37180.7457570996,-570657.386585,53.8535953437539,3.15347968718506,11.5491914749146,229.779937744141,229.779937744141,2.20459735893362,2.20459735893362,0.816368445408462,40,39.2790957966989,0.703407920438198
167226.16963364,3,0,409.784952384166,25663.7377870653,432.751250495074,530.51461731643,684.60306464558,833.974004771524,37265.8672297058,-570507.546568936,53.9299637796651,3.13136764626392,11.5408153533936,229.782363891602,229.782363891602,2.20664759909411,2.20664759909411,0.8156099334601,40,39.2115618460633,0.773867326942746
167226.40963364,3,0,408.494183036538,25767.6662372092,433.279600551989,533.340419813812,687.128091516025,836.69029227045,37412.0825189012,-570249.802911306,54.0613854459763,3.09331920747327,11.5264759063721,229.786422729492,229.786422729492,2.21016603053988,2.21016603053988,0.814311544883752,40,39.0966803735458,0.893500431688489
167226.64963364,3,0,407.205468348134,25871.7216327904,433.809451933433,536.163314821336,689.654539016775,839.406157429733,37558.6707956116,-569990.950764018,54.1934507462686,3.05303694850032,11.5121583938599,229.790405273438,229.790405273438,2.21368932086378,2.21368932086378,0.813015499281791,40,38.9828816783224,1.01169598261814
167226.789633639,3,0,406.454665486753,25932.4793839772,434.119234379745,537.808674678894,691.128953678132,840.990224838973,37644.3541105725,-569839.440469703,54.2707885947779,3.02974514609239,11.5038175582886,229.792694091797,229.792694091797,2.21574638602455,2.21574638602455,0.812260700553128,40,38.9169921324283,1.07998822769257
167227.029633639,3,0,405.169196244348,26036.7365272422,434.651513182191,540.627038859643,693.657641741775,843.705464537747,37791.5395253603,-569578.826333008,54.4038864210308,2.99016369373943,11.4895362854004,229.79655456543,229.79655456543,2.21927721280246,2.21927721280246,0.810968416042684,40,38.8048939530976,1.19597272132392
167227.169633639,3,0,404.420283777008,26097.6122354446,434.962727254752,542.269782452048,695.133360213654,845.289182454805,37877.5734183361,-569426.285578311,54.4818311893363,2.96727145963995,11.4812164306641,229.798782348633,229.798782348633,2.22133889992821,2.22133889992821,0.810215793345909,40,38.7399980197044,1.26299530631938
167227.409633639,3,0,403.138050545933,26202.0720658688,435.497485958096,545.083703797384,697.66427395723,848.003844984885,38025.3636295827,-569163.900880595,54.615976946227,2.92835610066103,11.4669704437256,229.802536010742,229.802536010742,2.22487711392701,2.22487711392701,0.808927249586983,40,38.6295853584621,1.3768545386562
167227.649633639,3,0,401.857856242926,26306.6604000614,436.033836365482,547.894857390259,700.19658104519,850.718161952981,38173.5397189091,-568900.393687643,54.7507923688277,2.88984348286692,11.452748298645,229.806228637695,229.806228637695,2.22841985170238,2.22841985170238,0.807641225370125,40,38.52020092625,1.48937008853997
167227.789633639,3,0,401.11201635322,26367.7297592491,436.347451991699,549.533433802097,701.674403363158,852.301363242485,38260.1552774368,-568746.161471966,54.8297465829729,2.86755763316011,11.4444627761841,229.808349609375,229.808349609375,2.23048898490728,2.23048898490728,0.806892069800592,40,38.456870979706,1.55442450908466
167228.029633639,3,0,399.835042846712,26472.5223522115,436.886360624152,552.340277298263,704.208903861684,855.015170393364,38408.9484782389,-568480.870058791,54.9656340948075,2.82964816304556,11.4302759170532,229.811920166016,229.811920166016,2.23403943924893,2.23403943924893,0.805609721140936,40,38.3491045107233,1.66492444297438
167228.169633639,3,0,399.091079034757,26533.7111485349,437.20147883201,553.976361136201,705.687998100569,856.598084053289,38495.9260468835,-568325.594533499,55.0452178179567,2.80770259138768,11.4220104217529,229.813980102539,229.813980102539,2.23611297104871,2.23611297104871,0.804862610774452,40,38.2867255894288,1.72883365374445
167228.409633639,3,0,397.817316990662,26638.7089837533,437.742989743468,556.778969910095,708.224671569847,859.311419343423,38645.3438251702,-568058.510407504,55.1821924427053,2.77035261384684,11.4078598022461,229.817474365234,229.817474365234,2.23967129025634,2.23967129025634,0.803583944886546,40,38.1805582474846,1.83737301068256
167228.649633639,3,0,396.545578512283,26743.8369593567,438.286161429335,559.578944138031,710.762705532014,862.024474795462,38795.1596705925,-567790.289496779,55.3198607555768,2.73333288544181,11.3937311172485,229.820892333984,229.820892333984,2.24323457633969,2.24323457633969,0.80230749230914,40,38.0754067829224,1.94473042039018
167228.789633638,3,0,395.804664137204,26805.2218722595,438.603785504002,561.211060138796,712.243849755609,863.606966984227,38882.737283293,-567633.301016367,55.4004894035608,2.71188179508188,11.3854999542236,229.822875976563,229.822875976563,2.24531529336091,2.24531529336091,0.80156399319359,40,38.0145143667142,2.00681417183125
167229.029633638,3,0,394.536122281916,26910.5567295603,439.149616838159,564.006929620246,714.784021885331,866.319610457532,39033.1893248016,-567363.272824372,55.5392671143936,2.67534107182879,11.3714065551758,229.826202392578,229.826202392578,2.24888610729424,2.24888610729424,0.800291198938899,40,37.9109110942997,2.11229070358195
167229.169633638,3,0,393.79706994993,26972.0626209456,439.468802193734,565.636674346753,716.266409118238,867.90187430944,39121.1401441559,-567205.227223657,55.6205472056858,2.65415427661549,11.3631963729858,229.828140258789,229.828140258789,2.25097174629404,2.25097174629404,0.799549749206746,40,37.8509242462577,2.17330547978562
167229.409633638,3,0,392.531715631751,27077.6053855778,440.017325280118,568.428520337318,718.808701110635,870.614143935057,39272.2354727644,-566933.382361288,55.7604478503032,2.61806427684944,11.3491382598877,229.83137512207,229.83137512207,2.25455072493045,2.25455072493045,0.79828044769294,40,37.748830135248,2.27703319279391
167229.649633638,3,0,391.268369865623,27183.2799922937,440.567574966387,571.21785934997,721.352320837272,873.32619361207,39423.7413139303,-566660.386152381,55.9010653397602,2.58231426443498,11.3351030349731,229.834564208984,229.834564208984,2.25813475049596,2.25813475049596,0.797013522468271,40,37.647700015044,2.37970195913902
167229.789633638,3,0,390.532344339375,27244.984563574,440.889349809476,572.843828662475,722.83670824939,874.908125922182,39512.31008491,-566500.604926565,55.9834251256816,2.56162149928639,11.3269262313843,229.836410522461,229.836410522461,2.26022753554296,2.26022753554296,0.796275547074052,40,37.589137989067,2.43910150753553
167230.029633638,3,0,389.272171485612,27350.8687732155,441.44234643902,575.629252856307,725.382409456515,877.619849744699,39664.4710935678,-566225.778046319,56.1251886851457,2.52642450243693,11.3129262924194,229.83952331543,229.83952331543,2.26381938872305,2.26381938872305,0.795012157479056,40,37.4894827220497,2.54008963484496
167230.169633638,3,0,388.537994182375,27412.6959195022,441.765735208205,577.252958553356,726.868004050716,879.201600256571,39753.4242878451,-566064.926543287,56.2082209108311,2.50605788563821,11.3047695159912,229.841293334961,229.841293334961,2.26591709984999,2.26591709984999,0.79427615531063,40,37.4317834036777,2.59853807476575
167230.409633638,3,0,387.28098529581,27518.7907841603,442.32151617897,580.034535294894,729.415763016552,881.913026375411,39906.2480613313,-565788.260710709,56.351144097075,2.4714283074136,11.2908048629761,229.844329833984,229.844329833984,2.26951697224534,2.26951697224534,0.793016295489532,40,37.3335854586764,2.69791739394086
167230.649633637,3,0,386.025970108563,27625.0192350452,442.879064069278,582.813720555258,731.964811410611,884.6242810019,40059.4937994247,-565510.428225475,56.4948063528166,2.43716102698271,11.2768621444702,229.847290039063,229.847290039063,2.27312170287531,2.27312170287531,0.791758734073679,30,37.2363011102584,2.79619648953314
167230.789633637,3,0,385.294797207914,27687.0410403297,443.258780241451,584.398232344354,733.44866211918,886.195372246707,40151.9824030342,-565352.287157935,56.5838077446191,2.41733739662538,11.2687387466431,229.848999023438,229.848999023438,2.27522687181616,2.27522687181616,0.79102615436138,30,37.1828401328692,2.76132343325509
167231.029633637,3,0,384.042931369827,27793.396763641,443.951675801496,587.056556770421,735.989043530099,888.873434003462,40313.1256985111,-565083.349078062,56.7450510506454,2.38357398601737,11.2548313140869,229.85188293457,229.85188293457,2.27883921842266,2.27883921842266,0.789772274243132,30,37.1013929395877,1.8650319922815
167231.169633637,3,0,383.313592865402,27855.454429643,444.291505649993,588.662015107514,737.481477021088,890.455361144263,40403.841406977,-564919.919534077,56.8327888496387,2.36406468467096,11.2467279434204,229.853530883789,229.853530883789,2.28094834304239,2.28094834304239,0.789041933108575,30,37.0490099764245,0.900869773866542
167231.409633637,3,0,382.064866881454,27961.8959417952,444.707505265416,591.561106012939,740.05758788616,893.211430311414,40550.5542917353,-564624.874498853,56.9635787850064,2.3310490842815,11.232855796814,229.856338500977,229.856338500977,2.28456779191712,2.28456779191712,0.787791938124143,30,36.9421582668418,0.982822388740661
167231.649633637,3,0,380.81811907354,28068.4291997891,444.943616809593,594.583845411549,742.62513505222,895.984824491219,40687.5738077208,-564316.833861242,57.0723238386893,2.29846620793056,11.2190046310425,229.859100341797,229.859100341797,2.2881919232025,2.2881919232025,0.786544219096974,30,36.8185153192584,2.67591550796269
167231.789633637,3,0,380.091761602958,28130.6160305766,445.021852326085,596.382005528175,744.115478976414,897.603166674784,40764.270474734,-564133.144332567,57.1282683230816,2.27960500902611,11.2109346389771,229.860687255859,229.860687255859,2.29030827684323,2.29030827684323,0.785817348357119,30,36.7411120921578,3.46751280047878
167232.029633637,3,0,378.848138441059,28237.2837588725,445.091363375796,599.499491343304,746.661103045239,900.376047178027,40892.2436948904,-563813.667667288,57.2159952826904,2.24753761406631,11.1971187591553,229.863342285156,229.863342285156,2.29393974050867,2.29393974050867,0.784573435523897,30,36.6030869331775,4.46253773546751
167232.169633637,3,0,378.123600909595,28299.5353751935,445.108543984614,601.32994876716,748.142875019328,901.9928312563,40965.6361920954,-563625.40706566,57.2642336570948,2.22900307197688,11.1890697479248,229.864868164063,229.864868164063,2.29606028459708,2.29606028459708,0.783848841296444,30,36.5208007792718,4.85518354555708
167232.409633637,3,0,376.883092979157,28406.2869594168,445.117968195776,604.477307741676,750.681461521012,904.764145611498,41090.4029229514,-563300.419235522,57.3445233971821,2.19755442349931,11.1752872467041,229.867462158203,229.867462158203,2.29969912002201,2.29969912002201,0.782608513638277,30,36.3786103668726,5.28309808849865
167232.649633636,3,0,375.64454764112,28513.0664302935,445.116033983997,607.62943873686,753.221183927007,907.536221938077,41214.6209660991,-562973.224833849,57.4236472964437,2.16654157435912,11.161527633667,229.869979858398,229.869979858398,2.3033420162505,2.3033420162505,0.781370797630055,30,36.2363133328183,5.50067512156357
167232.789633636,3,0,374.922967633937,28575.3617206306,445.112729909165,609.468927472339,754.704044832153,909.1540157591,41287.0000391603,-562781.467296825,57.4696941234936,2.1486589846698,11.1535110473633,229.871429443359,229.871429443359,2.30546920812114,2.30546920812114,0.780649858615762,30,36.1535698890329,5.56879858598224
167233.029633636,3,0,373.687521755973,28682.1595622053,445.10464932436,612.623225493584,757.249017042339,911.929087718434,41411.0133632363,-562451.228848321,57.5486508362351,2.11836575164424,11.1397857666016,229.873886108398,229.873886108398,2.30911885350433,2.30911885350433,0.779416050957145,30,36.0122694009142,5.63053489323875
167233.169633636,3,0,372.96774688882,28744.4596322249,445.098343806863,614.46396882722,758.735383131802,913.549002271129,41483.3065498843,-562257.681749253,57.5947069600107,2.10090663957103,11.1317892074585,229.875289916992,229.875289916992,2.31124976679395,2.31124976679395,0.778697460612106,30,35.9301643163707,5.64869995996026
167233.409633636,3,0,371.735390620516,28851.2592512154,445.083936063092,617.621431268052,761.286534100324,916.328067277453,41607.1066490548,-561924.259486538,57.6735541388118,2.07133927196829,11.1180982589722,229.877639770508,229.877639770508,2.31490632562577,2.31490632562577,0.777467491880019,30,35.7898553075877,5.66520393932292
167233.649633636,3,0,370.504980522789,28958.056158751,445.064123099195,620.781902437944,763.841546766865,919.109834181065,41730.6918224876,-561588.715824605,57.7521546069223,2.04222879224162,11.1044292449951,229.879959106445,229.879959106445,2.31856672899725,2.31856672899725,0.776240182845619,30,35.6500426076183,5.67106031151704
167233.789633636,3,0,369.788138490183,29020.3524812333,445.049909681568,622.627021016473,765.333746346001,920.733799900461,41802.6742514215,-561391.987203257,57.7978684833222,2.02545717723722,11.0964651107788,229.881301879883,229.881301879883,2.32070369135886,2.32070369135886,0.775525347039324,30,35.5686815825388,5.67016264849838
167234.029633636,3,0,368.560801814985,29127.1422636163,445.021189899447,625.792610939142,767.894886090442,923.519941321561,41925.8959257563,-561053.034038779,57.8760206265199,1.99706490260162,11.0828304290771,229.883544921875,229.883544921875,2.32437091380014,2.32437091380014,0.77430188685722,30,35.429581381152,5.65966181117327
167234.169633636,3,0,367.845749714285,29189.4337617551,445.002194694538,627.640538351422,769.390728648698,925.146486190105,41997.6883422036,-560854.329274863,57.9215197686084,1.98071183928535,11.0748863220215,229.884841918945,229.884841918945,2.32651185071334,2.32651185071334,0.773589360048097,30,35.3486551909963,5.647178944168
167234.409633635,3,0,366.621476638026,29296.2143912094,444.966658182398,630.81026361474,771.958323896009,927.937098920725,42120.6603299212,-560512.047924786,57.9994732173008,1.95303282359206,11.0612850189209,229.887008666992,229.887008666992,2.33018539812925,2.33018539812925,0.772369833980668,30,35.2104011281063,5.612945050955
167234.649633635,3,0,365.399133350753,29402.9885045455,444.928643232549,633.981677960577,774.530268175748,930.730590793684,42243.5766592427,-560167.748330536,58.0775320896047,1.92580360203585,11.0477046966553,229.889114379883,229.889114379883,2.33386299448876,2.33386299448876,0.771152742962303,30,35.0728201850581,5.56148986327187
167234.789633635,3,0,364.686989394867,29465.2702259626,444.90591297724,635.832151486809,776.032663515466,932.361474318607,42315.2854462127,-559966.002348186,58.1231911780816,1.91012527874255,11.0397930145264,229.890335083008,229.890335083008,2.33601040145006,2.33601040145006,0.770443864114772,30,34.9929263466109,5.52351032561686
167235.029633635,3,0,363.467693713862,29572.0332535823,444.866938468819,639.004741831417,778.611920265781,935.159606732085,42438.2815087555,-559618.645482987,58.2018007645614,1.88360001390921,11.0262470245361,229.892379760742,229.892379760742,2.33969479103542,2.33969479103542,0.769230663857743,30,34.8566344954849,5.44569037624805
167235.169633635,3,0,362.757324729861,29634.3083571433,444.84460009992,640.855422135504,780.11871084822,936.793219857418,42510.0911998862,-559415.160374951,58.2479058879063,1.86833097466933,11.0183553695679,229.893569946289,229.893569946289,2.34184562297153,2.34184562297153,0.768524189037671,30,34.7775898831256,5.39345025140981
167235.409633635,3,0,361.541066885178,29741.0599990233,444.807689122382,644.02766973827,782.705680477508,939.596059724661,42633.3406002744,-559064.885978467,58.3274654202349,1.84250183596778,11.0048427581787,229.895568847656,229.895568847656,2.34553678783677,2.34553678783677,0.767314806330168,30,34.6428521610188,5.29373704481808
167235.649633635,3,0,360.326722729521,29847.8046659568,444.773247384627,647.199121636678,785.297649493111,942.401884246155,42756.8182177468,-558712.821864678,58.4077814302424,1.81710843849756,10.9913520812988,229.897491455078,229.897491455078,2.3492319699472,2.3492319699472,0.766107914166266,30,34.5091890221722,5.18315747944807
167235.789633635,3,0,359.619237515761,29910.0693208954,444.754568712775,649.048631924092,786.811962489164,944.039991540464,42828.9684606221,-558506.63676917,58.455019253414,1.8024943517633,10.983491897583,229.89860534668,229.89860534668,2.35138942899257,2.35138942899257,0.765405004221747,30,34.4317128518614,5.11447224486482
167236.029633635,3,0,358.407915431743,30016.8038413511,444.725329677773,652.218176181742,789.411938999141,946.8505225735,42952.8851049789,-558151.796254313,58.5367120144077,1.77777924125238,10.9700345993042,229.900482177734,229.900482177734,2.35509105705443,2.35509105705443,0.764202016381826,30,34.2998174919074,4.99089343095722
167236.169633635,3,0,357.702190283492,30079.0630187815,444.710044029821,654.066394996585,790.930932405583,948.49135963047,43025.3134859842,-557944.007273343,58.5848027855959,1.76355820220908,10.962194442749,229.901550292969,229.901550292969,2.35725238967075,2.35725238967075,0.763501343368466,30,34.2234120707855,4.91591389096324
167236.409633634,3,0,356.493880722449,30185.7890583536,444.68710964826,657.233474905372,793.538921920116,951.306532429545,43149.7377831953,-557586.438538107,58.6680278073171,1.73950874931904,10.9487705230713,229.903366088867,229.903366088867,2.36096092852851,2.36096092852851,0.762302096337912,30,34.0933491034765,4.78351881563844
167236.649633634,3,0,355.287468931523,30292.5108762414,444.668328913403,660.398906582235,796.151919980765,954.124595735171,43274.4958219621,-557227.149867827,58.7522529164246,1.71587284649867,10.9353675842285,229.905151367188,229.905151367188,2.36467383832098,2.36467383832098,0.761105204071251,30,33.9644448152527,4.64657429802226
167236.789633634,3,0,354.584603587975,30354.7637332982,444.659588392125,662.244504265661,797.678481322367,955.769779140796,43347.4434499367,-557016.786786559,58.8018814436903,1.70227312572883,10.9275588989258,229.906158447266,229.906158447266,2.36684163466871,2.36684163466871,0.760408119246149,30,33.8898054617332,4.56465294557621
167237.029633634,3,0,353.381188830268,30461.4809192074,444.64848145905,665.406768217263,800.29937409835,958.592314372048,43472.7981358963,-556654.832765887,58.8878315548742,1.67927861711937,10.9141893386841,229.90788269043,229.90788269043,2.37056093880377,2.37056093880377,0.759215048428826,30,33.7628268778284,4.42197018453944
167237.169633634,3,0,352.680069014656,30523.7317735687,444.644382132439,667.250410536872,801.830506678845,960.24006911736,43546.1053939332,-556442.922523014,58.9384952768258,1.66604881628756,10.906400680542,229.90885925293,229.90885925293,2.37273281675189,2.37273281675189,0.758520181548794,30,33.6893144647053,4.33799513664654
167237.409633634,3,0,351.479641855497,30630.4467605358,444.641473398444,670.409169195982,804.45915574978,963.06693628535,43672.0941892731,-556078.328684296,59.0262588487851,1.64367899151707,10.8930644989014,229.910522460938,229.910522460938,2.37645924618484,2.37645924618484,0.75733081860694,30,33.5642548798769,4.19413153153055
167237.649633634,3,0,350.281096795649,30737.1616706235,444.643449663425,673.565819880338,807.092571068689,965.896469633122,43798.4706229091,-555712.048047769,59.1151453879997,1.62169621605394,10.8797483444214,229.912139892578,229.912139892578,2.38019005269758,2.38019005269758,0.756143723019374,30,33.4403923291122,4.05155055270542
167237.789633634,3,0,349.582813208124,30799.4125151066,444.64668612467,675.406338826027,808.630877861263,967.548245184998,43872.3604720369,-555497.594367493,59.1674887142265,1.60904778306221,10.8719911575317,229.913070678711,229.913070678711,2.38236824633965,2.38236824633965,0.755452462106116,30,33.3686645727218,3.9683667097906
167238.029633634,3,0,348.3872405387,30906.1298918941,444.656074889599,678.559854487499,811.271618922202,970.381885543328,43999.3379886618,-555128.621843418,59.2581060358978,1.58766035401446,10.8587083816528,229.914642333984,229.914642333984,2.38610598214706,2.38610598214706,0.754269052632149,30,33.2466376595169,3.82543496635208
167238.169633634,3,0,347.690688162822,30968.3830347819,444.663815527831,680.39841393673,812.814145847277,972.035998635642,44073.5908976082,-554912.609127871,59.3114872535389,1.57535454960642,10.8509702682495,229.915542602539,229.915542602539,2.38828805789075,2.38828805789075,0.75357992273291,30,33.1759821024775,3.74193755847728
167238.409633633,3,0,346.498078737488,31075.1057722031,444.680992622403,683.548501622711,815.462014841922,974.873563115533,44201.1983572153,-554540.967649755,59.4038989678808,1.55454551869801,10.8377208709717,229.917053222656,229.917053222656,2.39203278126083,2.39203278126083,0.752400236070796,30,33.0557945175132,3.59882133181096
167238.649633633,3,0,345.307336042408,31181.8333590243,444.703105005452,686.696386619037,818.114279113042,977.713529219927,44329.2085362187,-554167.640223771,59.4974539261926,1.53409051598067,10.8244915008545,229.918533325195,229.918533325195,2.39578194694095,2.39578194694095,0.751222844302522,30,32.9367491904002,3.4561111406181
167238.789633633,3,0,344.613596787387,31244.0938065589,444.718274097856,688.531633591422,819.663428141356,979.371261541562,44404.0678138714,-553949.086500829,59.5525562070496,1.52231968273899,10.8167848587036,229.919387817383,229.919387817383,2.39797083033227,2.39797083033227,0.75053713631696,30,32.8678444957167,3.37319446132801
167239.029633633,3,0,343.425802369672,31350.8313808031,444.74813845849,691.676023731404,822.322473778028,982.214910411395,44532.7182829267,-553573.084254469,59.6479239881585,1.50241063935704,10.8035888671875,229.920837402344,229.920837402344,2.40172694432262,2.40172694432262,0.749363395979928,30,32.7506071865058,3.23181596925526
167239.169633633,3,0,342.733780298345,31413.0984781968,444.767789374415,693.509238956987,823.875515348535,983.874750073911,44607.9509854154,-553352.967038264,59.7040827232963,1.49095157441007,10.7959003448486,229.921646118164,229.921646118164,2.40392030233922,2.40392030233922,0.748679683298548,30,32.6827329194596,3.14989740683226
167239.409633633,3,0,341.548925139068,31519.8488622429,444.805245855188,696.650168806319,826.541122666747,986.721940755677,44737.2401741005,-552974.277952275,59.8012565708657,1.47156743858215,10.7827367782593,229.92301940918,229.92301940918,2.40768321187288,2.40768321187288,0.747509565158607,30,32.5672671681377,3.01056266581562
167239.649633633,3,0,340.365921703085,31626.608772453,444.847401381295,699.788940132872,829.210762810855,989.571298483231,44866.9311448873,-552593.884691576,59.8995656155098,1.4525038187701,10.7695941925049,229.924377441406,229.924377441406,2.41145089550368,2.41145089550368,0.746341687179556,30,32.4528908082826,2.87275114701556
167239.789633633,3,0,339.676690067832,31688.8902255854,444.874122067236,701.618906701121,830.769880593823,991.234403579163,44942.76863651,-552371.198736854,59.9574338046936,1.44152774025466,10.7619371414185,229.925170898438,229.925170898438,2.41365092244687,2.41365092244687,0.745661414600065,30,32.3866793644917,2.79309141781044
167240.029633633,3,0,338.496611258838,31795.6674662891,444.923529262992,704.754319923894,833.445728337631,994.087083062118,45073.0910006691,-551988.093642984,60.0575266859736,1.42295299330049,10.7488269805908,229.926483154297,229.926483154297,2.41742578654326,2.41742578654326,0.744497088775532,30,32.2740123457398,2.65787545889201
167240.169633632,3,0,337.809083040841,31857.9598185811,444.954419762443,706.582346402889,835.008405106129,995.75208726467,45149.295493562,-551763.821313669,60.1164311766152,1.4122548841331,10.7411890029907,229.927230834961,229.927230834961,2.41962998284023,2.41962998284023,0.743818957543988,30,32.2087851580651,2.57977321829061
167240.409633632,3,0,336.63191994049,31964.757076228,445.010864569612,709.714462670095,837.69024884171,998.607956445748,45280.2443049792,-551377.988574873,60.2182938607652,1.39414663948602,10.7281112670898,229.928512573242,229.928512573242,2.42341181963159,2.42341181963159,0.742658171606134,30,32.0977856480527,2.44729894439349
167240.649633632,3,0,335.456593777756,32071.5683268551,445.071634561592,712.844536403046,840.375773199684,1001.46577543982,45411.5856308143,-550990.424160239,60.3212653978542,1.3763193549921,10.7150535583496,229.929763793945,229.929763793945,2.42719866086543,2.42719866086543,0.741499539959943,30,31.9878203860077,2.31661415153537
167240.789633632,3,0,334.771833773733,32133.8817589717,445.109042762705,714.669482548629,841.943995924401,1003.1337169277,45488.3815979323,-550763.542377114,60.3818410623247,1.36604716137421,10.7074460983276,229.930465698242,229.930465698242,2.42940986498621,2.42940986498621,0.740824653627601,30,31.9241463509899,2.24120077009043
167241.029633632,3,0,333.599408996647,32240.7172489993,445.176475585726,717.796378367025,844.635182711014,1005.99452120154,45620.3395779644,-550373.222074746,60.4865552099076,1.34864644058922,10.6944208145142,229.931671142578,229.931671142578,2.4332039064137,2.4332039064137,0.739669542923579,30,31.8157850709761,2.11337842501679
167241.169633632,3,0,332.916338925074,32303.0455522336,445.21771207049,719.619489606975,846.20665258803,1007.66416989501,45697.493986114,-550144.727892786,60.5481435330311,1.33861527070213,10.6868324279785,229.932373046875,229.932373046875,2.43541923589213,2.43541923589213,0.738996730477142,30,31.7530482854276,2.03962959405801
167241.409633632,3,0,331.746806789634,32409.9077664563,445.291593399078,722.743277075038,848.903309060368,1010.52784195264,45830.063379469,-549751.63446626,60.6545853628729,1.3216160999749,10.6738386154175,229.933547973633,229.933547973633,2.43922048293046,2.43922048293046,0.737845063280302,30,31.6462544501214,1.91462441382929
167241.649633632,3,0,330.579097141412,32516.7881039474,445.369437789013,725.865135252368,851.603323150426,1013.39326588565,45963.01622112,-549356.78063049,60.7621110321252,1.30485661239695,10.6608657836914,229.934692382813,229.934692382813,2.44302669414001,2.44302669414001,0.73669554882922,30,31.5404305532722,1.79141918548484
167241.789633632,3,0,329.898773457337,32579.1437117273,445.416643157287,727.685340967554,853.179853091859,1015.06555507667,46040.7482637558,-549125.633398972,60.8253322283397,1.2951861717991,10.6533079147339,229.935348510742,229.935348510742,2.44524894090369,2.44524894090369,0.736026051374075,30,31.4791673327393,1.72035977567425
167242.029633631,3,0,328.733942402692,32686.054660155,445.500593600796,730.804199327138,855.885036157318,1017.93366355661,46174.3041572333,-548727.977887988,60.9345627421212,1.27878388712857,10.6403665542603,229.936462402344,229.936462402344,2.44906274937922,2.44906274937922,0.73487991392522,30,31.3748482729357,1.59992418629662
167242.169633631,3,0,328.05529539425,32748.4287965824,445.551301583991,732.62267273772,857.464529129958,1019.60748665001,46252.3865682593,-548495.191253025,60.9987747081184,1.26931471715164,10.6328277587891,229.937103271484,229.937103271484,2.45128912886044,2.45128912886044,0.734212473230929,30,31.3144474590167,1.53050615432569
167242.409633631,3,0,326.893334350113,32855.3726395241,445.641157930921,735.738589509596,860.174700624938,1022.47816773466,46386.5407891036,-548094.717389587,61.1096969383139,1.25324115284142,10.6199188232422,229.938201904297,229.938201904297,2.4551103212093,2.4551103212093,0.733069768172015,30,31.2116211691484,1.41282415284558
167242.649633631,3,0,325.733181557368,32962.3384002703,445.734636551999,738.852670693438,862.887923654375,1025.35040905591,46521.0700969158,-547692.455481234,61.2216801993124,1.23736147851912,10.607029914856,229.939254760742,229.939254760742,2.45893600119587,2.45893600119587,0.731929278930525,30,31.1097071447102,1.29682901724216
167242.789633631,3,0,325.057259472048,33024.7455605248,445.790810926395,740.668379588545,864.472021535169,1027.02658895245,46599.7182273538,-547456.974138808,61.2874924132288,1.22818228209658,10.5995206832886,229.939865112305,229.939865112305,2.46117002100631,2.46117002100631,0.731264914870167,30,31.0506811063294,1.22992784755393
167243.029633631,3,0,323.89996285632,33131.7477864727,445.889889075682,743.7796003415,867.189948365441,1029.90122412153,46734.8391140078,-547051.86724822,61.4011487452208,1.21258352130643,10.5866632461548,229.94091796875,229.94091796875,2.46500341929901,2.46500341929901,0.730127678625438,30,30.9502084423088,1.11652860078326
167243.169633631,3,0,323.225704437919,33194.176836035,445.949280142879,745.593655949901,868.77674392484,1031.57877228146,46813.8314179606,-546814.72137793,61.4679343334297,1.20356007869214,10.5791721343994,229.941513061523,229.941513061523,2.46724163752641,2.46724163752641,0.729465338355854,30,30.8919998787747,1.05114045773754
167243.409633631,3,0,322.071255617303,33301.2176266814,446.053788946951,748.702070028299,871.499218761333,1034.4557070021,46949.5408196088,-546406.752412743,61.5832550036885,1.1882109338701,10.5663471221924,229.942520141602,229.942520141602,2.47108249032409,2.47108249032409,0.728331556566815,30,30.7929122054896,0.940257756297062
167243.649633631,3,0,320.918601073772,33408.2838297555,446.161647965898,751.808737454501,874.224490807858,1037.33404905562,47085.6207520086,-545996.967038716,61.6996236064671,1.1730051597653,10.5535411834717,229.943511962891,229.943511962891,2.47492871712077,2.47492871712077,0.727199714882863,30,30.6946886654045,0.830908113156394
167243.789633631,3,0,320.247046563385,33470.7511686792,446.226087881128,753.620160869707,875.815501075078,1039.01371746039,47165.171427207,-545757.084062587,61.7679881509731,1.16419459896047,10.5460805892944,229.944107055664,229.944107055664,2.47717420644778,2.47717420644778,0.726540541471704,30,30.6377843543939,0.767815072992482
167244.02963363,3,0,319.097226189345,33577.8592399063,446.339129703717,756.724099926894,878.545082933914,1041.8942152155,47301.8363869603,-545344.409258543,61.8860109477513,1.14918484519577,10.5333061218262,229.945068359375,229.945068359375,2.4810275082261,2.4810275082261,0.725412121210131,30,30.5409072135532,0.660809944034216
167244.16963363,3,0,318.427322518214,33640.3515754485,446.406553017532,758.53394402854,880.138566739595,1043.57511657973,47381.7279516023,-545102.83600406,61.955339275549,1.14048171550369,10.5258636474609,229.94563293457,229.94563293457,2.48327786051347,2.48327786051347,0.72475476385049,30,30.4847757507862,0.5990612529426
167244.40963363,3,0,317.28032808599,33747.5034646668,446.52464354081,761.635195334631,882.872319930753,1046.45768585235,47518.9767918449,-544687.255628204,62.0750124273076,1.12568435237584,10.5131206512451,229.946578979492,229.946578979492,2.48713901886265,2.48713901886265,0.72362965924438,30,30.3892176693751,0.494314087047508
167244.64963363,3,0,316.13511421135,33854.6840121195,446.64586255722,764.734766322611,885.608638028022,1049.34152054137,47656.5943189012,-544269.832338694,62.1957268193812,1.11104950648396,10.5003976821899,229.947525024414,229.947525024414,2.49100533795208,2.49100533795208,0.722506545803207,30,30.2944836818501,0.390934870053941
167244.78963363,3,0,315.467893748286,33917.2195305998,446.717994343354,766.54208021475,887.205987526108,1051.02432954316,47737.0411140461,-544025.481461704,62.2666238825136,1.10258732030029,10.4929857254028,229.948043823242,229.948043823242,2.49326280830591,2.49326280830591,0.721852380917347,30,30.2396029636905,0.331254728974914
167245.02963363,3,0,314.325492404418,34024.4469782666,446.844064946435,769.639019168131,889.946260146734,1053.91010265314,47875.2418507048,-543605.127091244,62.388985309844,1.08821042359195,10.4802942276001,229.948974609375,229.948974609375,2.49713660099814,2.49713660099814,0.720732616578182,30,30.1461405405674,0.22999850744929
167245.16963363,3,0,313.659910160815,34087.0103916537,446.918995682335,771.444803608219,891.545876656353,1055.59401680444,47956.0289495363,-543359.062403622,62.4608428907785,1.07989969313405,10.4728994369507,229.949493408203,229.949493408203,2.49939883984816,2.49939883984816,0.720080284897976,30,30.0919913380732,0.171504908888758
167245.40963363,3,0,312.520313120042,34194.2865683008,447.049802310277,774.539130542659,894.28996618623,1058.4816393637,48094.8126834168,-542935.762830079,62.5848499615319,1.06578050106964,10.4602384567261,229.950378417969,229.950378417969,2.50328060713875,2.50328060713875,0.718963651861014,30,29.9997873229501,0.0722778350029152
167245.64963363,3,0,311.382483058171,34301.5944449798,447.183542422657,777.631810685607,897.036392707385,1061.37038020932,48233.9645217548,-542510.597896671,62.7098961622739,1.05182538225303,10.4475975036621,229.951248168945,229.951248168945,2.50716727322529,2.50716727322529,0.71784913937565,30,29.9083674198801,0.0260966418590766
167245.78963363,3,0,310.719563577497,34364.2056166929,447.262807887799,779.43498420869,898.63938083758,1063.05583012936,48315.3000214094,-542261.740803299,62.7833049095822,1.04375995459595,10.4402332305908,229.951751708984,229.951751708984,2.50943647136568,2.50943647136568,0.717200025739382,30,29.8553963290675,0.0825605479781149
167246.029633629,3,0,309.58452458202,34471.5650494657,447.400738099408,782.524415675461,901.388656090534,1065.94552884015,48455.0073902981,-541833.699665376,62.9099263112345,1.03006148937104,10.427622795105,229.952590942383,229.952590942383,2.51333095134548,2.51333095134548,0.71608867872248,30,29.7651921094963,0.178679994208657
167246.169633629,3,0,308.923230848537,34534.2067544196,447.48238695974,784.325585462488,902.99314750927,1067.63139126931,48536.6644309112,-541583.173320793,62.9842439822992,1.02214596521241,10.4202766418457,229.953094482422,229.953094482422,2.51560492526373,2.51560492526373,0.715441450830098,30,29.7129132040116,0.234226330054984
167246.409633629,3,0,307.790974846006,34641.6193068167,447.624383915856,787.411609343103,905.744970160281,1070.52178805224,48676.925142077,-541152.262100297,63.1124287104932,1.00870380674256,10.4076976776123,229.953903198242,229.953903198242,2.51950745219158,2.51950745219158,0.714333327026973,30,29.6239067029949,0.328572967952576
167246.649633629,3,0,306.660472438153,34749.0661845843,447.768987104925,790.495477324151,908.498374181395,1073.41261324609,48817.5410513532,-540719.533360441,63.2416144291101,0.995424148122755,10.3951377868652,229.954711914063,229.954711914063,2.5234146516586,2.5234146516586,0.713227244751558,30,29.5356480650637,0.421551265070727
167246.789633629,3,0,306.0018211901,34811.7596365048,447.854459662403,792.293463653483,910.10524963436,1075.09913333582,48899.7270629058,-540466.260091395,63.3174254081496,0.987752382800954,10.3878202438354,229.955184936523,229.955184936523,2.5256961524953,2.5256961524953,0.71258298847842,30,29.4844976441659,0.475327640274804
167247.029633629,3,0,304.874088712835,34919.2621530021,448.003069268975,795.37402974946,912.861118243309,1077.99064059628,49040.9035443915,-540030.631785892,63.4481909198915,0.974729163297622,10.3752918243408,229.955963134766,229.955963134766,2.52961140310923,2.52961140310923,0.711480116703879,30,29.3973990184494,0.566621738027259
167247.169633629,3,0,304.217050934161,34981.9885082529,448.090905187798,797.170102757916,914.469415643546,1079.67755365178,49123.4200964961,-539775.664924245,63.5249273251405,0.96720720889477,10.367992401123,229.956436157227,229.956436157227,2.53189762195346,2.53189762195346,0.710837687073555,30,29.3469269420264,0.619402186081928
167247.409633629,3,0,303.092080374384,35089.5481916493,448.24353257398,800.247373123881,917.227693216214,1082.56971819834,49265.1645517612,-539337.123427461,63.6572945287376,0.954440004854441,10.3554944992065,229.95719909668,229.95719909668,2.53582092742847,2.53582092742847,0.70973795289656,30,29.2609809862427,0.709067182099754
167247.649633629,3,0,301.96885009212,35197.1447651022,448.398575702356,803.322681409919,919.987468272007,1085.46230872939,49407.263791432,-538896.724715408,63.7906580400025,0.941834306571981,10.3430156707764,229.957946777344,229.957946777344,2.53974907508729,2.53974907508729,0.70864020009743,30,29.1757389405579,0.797692846215118
167247.789633628,3,0,301.314434876768,35259.9267143582,448.490199111755,805.115664216788,921.598019067895,1087.14983808877,49490.3239595713,-538638.970589493,63.8689267071357,0.934555965047104,10.3357448577881,229.958389282227,229.958389282227,2.54204272394722,2.54204272394722,0.708000817323631,30,29.1263462383803,0.848984382562548
167248.029633628,3,0,300.193953644094,35367.5829374001,448.6493193143,808.18771686234,924.360117268249,1090.04305367952,49633.005909986,-538195.639018256,64.0039212462953,0.922205785458227,10.3232975006104,229.959121704102,229.959121704102,2.54597916553488,2.54597916553488,0.706906255130768,30,29.0422288019763,0.935999208713281
167248.169633628,3,0,299.541139720893,35430.4001276057,448.743319018245,809.978814393122,925.972008038732,1091.7309430299,49716.4078916127,-537936.169636534,64.0831449946071,0.915076247995833,10.3160448074341,229.959548950195,229.959548950195,2.5482773013479,2.5482773013479,0.706268687507826,30,28.9934766354235,0.986387552459607
167248.409633628,3,0,298.423399638705,35538.1175380298,448.906359012493,813.047737054492,928.736380333897,1094.62478349818,49859.6698394914,-537489.877958538,64.2197648125033,0.902981002782299,10.3036270141602,229.960250854492,229.960250854492,2.55222146727024,2.55222146727024,0.705177271508786,30,28.9104659094721,1.07212122769484
167248.649633628,3,0,297.307386805199,35645.8743653751,449.071949875475,816.114653054944,931.502160195745,1097.51899931515,50003.3063155607,-537041.715077648,64.3574298753041,0.891045624307405,10.2912282943726,229.960952758789,229.960952758789,2.55617064688968,2.55617064688968,0.704087777509282,30,28.8281203923611,1.1569461076766
167248.789633628,3,0,296.657175717673,35708.750962403,449.169647458771,817.902829884171,933.116176895291,1099.2074757914,50087.2637164027,-536779.414080346,64.4382049167032,0.884157898007919,10.2840042114258,229.961349487305,229.961349487305,2.55847713263691,2.55847713263691,0.703453050532722,20,28.7804178454081,1.20607878286452
167249.029633628,3,0,295.543891274044,35816.5563254805,449.426637116539,820.921845730138,935.880364175207,1102.09153532577,50236.8857089897,-536335.680150862,64.5874404454788,0.872473379676078,10.2716360092163,229.962020874023,229.962020874023,2.56243435879699,2.56243435879699,0.702366742491833,20,28.7034692150922,1.11120184432872
167249.169633628,3,0,294.895269448961,35879.4218290063,449.613334531826,822.654627815683,937.491191532527,1103.76758168866,50326.5662821786,-536078.94958446,64.6811340697032,0.865722688292886,10.2644300460815,229.962417602539,229.962417602539,2.56474487962922,2.56474487962922,0.701734020421135,20,28.6628559643977,0.631703947364954
167249.409633628,3,0,293.784705328465,35987.1427911994,449.829703800704,825.682307674236,940.260611829568,1106.65688470301,50474.1395492067,-535628.114658602,64.8302906111086,0.854275983479244,10.2520923614502,229.963073730469,229.963073730469,2.56870899660162,2.56870899660162,0.700651140014951,20,28.5879006084544,0.931608760007132
167249.649633628,3,0,292.675854864558,36094.8355344248,449.81688717787,828.832596824055,943.030655671513,1109.56678010858,50607.6336339215,-535157.938249751,64.9491016790326,0.842999395647845,10.2397737503052,229.963729858398,229.963729858398,2.57267760135817,2.57267760135817,0.699570369218574,20,28.4978027887841,2.8269048925064
167249.789633627,3,0,292.029815497068,36157.6539575361,449.72064163773,830.712023186205,944.640888284036,1111.26615660149,50679.9751534635,-534876.902400082,65.0060434878549,0.836492085322188,10.2325963973999,229.964111328125,229.964111328125,2.5749948156366,2.5749948156366,0.698940850342691,20,28.4392383049988,3.85370256623619
167250.029633627,3,0,290.923671650206,36265.3392535206,449.450834723582,833.977783129487,947.390466348424,1114.17699721367,50797.397490888,-534387.258900429,65.0887796935323,0.825450310032163,10.2203073501587,229.964721679688,229.964721679688,2.57897104651701,2.57897104651701,0.697863216513325,20,28.3319315484701,5.29417829426956
167250.169633627,3,0,290.27920877114,36328.148735386,449.251971767418,835.898897479111,948.989481350206,1115.87318925641,50863.2688196254,-534098.315972048,65.1311236245384,0.819078356404039,10.2131471633911,229.965087890625,229.965087890625,2.58129266792634,2.58129266792634,0.697235577019352,20,28.2667128165612,5.92729207623665
167250.409633627,3,0,289.175763373997,36435.7958893129,448.870946765448,839.206689252533,951.726144871385,1118.77897478553,50973.6332122207,-533599.056559771,65.1980349939894,0.808280372115125,10.200888633728,229.965713500977,229.965713500977,2.58527618587129,2.58527618587129,0.696161299979183,20,28.1525649916444,6.69134435658944
167250.649633627,3,0,288.074018014526,36543.3912162902,448.4645074876,842.522994515894,954.461227775117,1121.6841341357,51082.3617726724,-533096.134954002,65.2615151796605,0.797649021671112,10.188648223877,229.966293334961,229.966293334961,2.58926401663504,2.58926401663504,0.695089109615172,20,28.0372533243886,7.13925186692944
167250.789633627,3,0,287.432116940044,36606.123679484,448.222587153895,844.458905222567,956.057224770401,1123.37917385861,51145.4694384452,-532801.407564736,65.2980059168621,0.791526508294961,10.1815166473389,229.96662902832,229.96662902832,2.59159243806394,2.59159243806394,0.694464631611585,20,27.9699470020881,7.29876934587836
167251.029633627,3,0,286.33305639126,36713.6012131233,447.804784639954,847.77818571621,958.795202437619,1126.28619178381,51253.4414641251,-532294.066611213,65.3604532885745,0.781169374553172,10.1693067550659,229.967224121094,229.967224121094,2.5955870479482,2.5955870479482,0.693395915530481,20,27.8548649743702,7.46211334794408
167251.169633627,3,0,285.69271894401,36776.2557113029,447.560071850842,849.714514395549,960.39372398586,1127.98281288643,51316.3527052102,-531996.923226248,65.3969552225734,0.775207564045942,10.1621932983398,229.967544555664,229.967544555664,2.59791921854088,2.59791921854088,0.692773477203715,20,27.7879818347563,7.51681285748503
167251.409633627,3,0,284.5963344485,36883.5887245204,447.138710365788,853.034197230294,963.136475750032,1130.89287791498,51424.0672869947,-531485.456160954,65.459658825067,0.765124663517211,10.1500120162964,229.96809387207,229.96809387207,2.6019200178485,2.6019200178485,0.691708248200518,20,27.6737303642034,7.57354874235805
167251.649633626,3,0,283.501635660962,36990.8236123918,446.713932676832,856.354663496597,965.882196570128,1133.80492339847,51531.5447356915,-530971.286393105,65.5223790802144,0.755212644100539,10.1378507614136,229.968643188477,229.968643188477,2.60592505360249,2.60592505360249,0.690645232938286,20,27.5599442114954,7.60601638510327
167251.789633626,3,0,282.863838426514,37053.3308932611,446.464110920784,858.292151139585,967.485181866053,1135.50451615473,51594.1008343189,-530670.074341354,65.5589069075695,0.749509121001189,10.1307649612427,229.968948364258,229.968948364258,2.60826328743881,2.60826328743881,0.690026118432583,20,27.4937515272772,7.61884439579453
167252.029633626,3,0,281.771801476543,37160.4056027932,446.031953435952,861.614672807051,970.235353956312,1138.41962933072,51701.0747068642,-530151.485114776,65.6213609467948,0.739863018115326,10.1186323165894,229.969497680664,229.969497680664,2.61227469029576,2.61227469029576,0.688966520042653,20,27.3805497414676,7.63248924275904
167252.169633626,3,0,281.135554471693,37222.8184814004,445.777642042576,863.553453333241,971.84090869629,1140.12100745655,51763.3242110198,-529847.67423084,65.6577003287242,0.734312962062093,10.1115646362305,229.969787597656,229.969787597656,2.61461639906941,2.61461639906941,0.688349560720046,20,27.3146831609405,7.63522825123071
167252.409633626,3,0,280.046170635404,37329.7303000911,445.338370377675,866.878028741995,974.595562140261,1143.03922619959,51869.8080806517,-529324.642713875,65.7199024630795,0.724928201256985,10.099461555481,229.970321655273,229.970321655273,2.61863429836879,2.61863429836879,0.687293396677741,20,27.2020646159684,7.6291478763669
167252.649633626,3,0,278.958457956103,37436.538468999,444.895928855457,870.203467289594,977.353236357039,1145.9595048737,51976.0660157576,-528798.856642402,65.782131410573,0.715706223320315,10.0873775482178,229.970825195313,229.970825195313,2.62265607950085,2.62265607950085,0.686239518041584,20,27.0898698387243,7.60759480240474
167252.789633626,3,0,278.32472927723,37498.7951960511,444.636910766062,872.143526009461,978.963351972081,1147.66399126316,52037.9797404556,-528490.898649466,65.8185217412139,0.710400120343234,10.0803365707397,229.971099853516,229.971099853516,2.62500364857135,2.62500364857135,0.685625771640695,20,27.024659510459,7.58737003211529
167253.029633626,3,0,277.239655542842,37605.4384421575,444.192248853748,875.46940171855,981.726210535043,1150.58773557397,52144.0590770233,-527960.869581725,65.8811996977109,0.701430771822091,10.0682821273804,229.971588134766,229.971588134766,2.62903170069483,2.62903170069483,0.684575364763865,20,26.9133193024814,7.53969240146948
167253.169633626,3,0,276.607463709345,37667.5987689489,443.932922127203,877.409387591793,983.33948948859,1152.29431416195,52205.9322293457,-527650.478408785,65.9179981159292,0.696271033378334,10.06125831604,229.971878051758,229.971878051758,2.63138346541648,2.63138346541648,0.683963564401557,20,26.848667302812,7.50464009518032
167253.409633626,3,0,275.525020222808,37774.0765945902,443.489260163646,880.734629563628,986.107981425776,1155.22175171409,52312.0412931071,-527116.342060175,65.9816071582965,0.687548485883416,10.0492324829102,229.97233581543,229.97233581543,2.63541758851211,2.63541758851211,0.682916603316289,20,26.7383684566461,7.43327363368364
167253.649633625,3,0,274.444233489798,37880.4500042596,443.047568093374,884.059031194476,988.880199534809,1158.15160466676,52418.2567925147,-526579.666528904,66.0460078616462,0.678979602563044,10.0372257232666,229.972793579102,229.972793579102,2.63945615087694,2.63945615087694,0.681871825345598,20,26.6288056559292,7.34951792099797
167253.789633625,3,0,273.814538330146,37942.4530430968,442.791140236066,885.997768245777,990.499079619364,1159.8618141674,52480.2859491744,-526265.446186265,66.08399054341,0.674410263571538,10.0302295684814,229.973052978516,229.973052978516,2.64181388775313,2.64181388775313,0.681263241242033,20,26.5652475755611,7.29580775818234
167254.029633625,3,0,272.736367823739,38048.6617711948,442.354069485745,889.320319239154,993.277333123743,1162.79554100205,52586.7699907237,-525724.811566659,66.1498816436096,0.66695858979816,10.0182514190674,229.973510742188,229.973510742188,2.64585866744914,2.64585866744914,0.680221849844282,20,26.45692506521,7.19679742810391
167254.169633625,3,0,272.108196312995,38110.5691013375,442.100768702856,891.257830286,994.89976190224,1164.50801711288,52648.9849657987,-525408.298293337,66.1888018991625,0.662667398131841,10.0112733840942,229.973754882813,229.973754882813,2.64821979925686,2.64821979925686,0.679615399511346,20,26.3941194913041,7.13562355317632
167254.409633625,3,0,271.032633503767,38216.6145399761,441.66967147174,894.578078197991,997.684134270924,1167.4456387209,52755.8297338334,-524863.753879157,66.256400689634,0.655404588198997,9.99932384490967,229.974197387695,229.974197387695,2.65227086141584,2.65227086141584,0.678577429153751,20,26.2871241863656,7.02601981418217
167254.649633625,3,0,269.95871324577,38322.5578300046,441.242819226571,897.896715829757,1000.47237822893,1170.38571299514,52862.9357466551,-524316.754283761,66.3251582034533,0.648258099402948,9.98739337921143,229.974609375,229.974609375,2.65632619716689,2.65632619716689,0.677541534769939,20,26.1809692284275,6.91165488082804
167254.789633625,3,0,269.33301696461,38384.3112603191,440.995900917901,899.831805456639,1002.10063830589,1172.10188345813,52925.5435191268,-523996.540576124,66.3658223820712,0.644142487866102,9.98044204711914,229.974853515625,229.974853515625,2.65869334898286,2.65869334898286,0.676938255058653,20,26.1194452871019,6.84322444174132
167255.029633625,3,0,268.261690536772,38490.0946779071,440.576319124824,903.147710503009,1004.89498489909,1175.0458072476,53033.1037063592,-523445.666952681,66.4365126129031,0.637175918663557,9.96853923797607,229.97526550293,229.97526550293,2.66275478452425,2.66275478452425,0.675905742656083,20,26.0146647907821,6.7235933213883
167255.169633625,3,0,267.637504875689,38551.755575356,440.333784630286,905.081158395885,1006.52678598673,1176.7642062441,53095.9875261107,-523123.195518776,66.4783314373141,0.633163712134518,9.96160507202148,229.975509643555,229.975509643555,2.66512600824212,2.66512600824212,0.675304468362287,20,25.9539429493071,6.65275552673653
167255.409633624,3,0,266.568763842463,38657.3816817505,439.921927076597,908.394183599771,1009.32716447751,1179.71191861045,53204.0378119709,-522568.453388559,66.5510413750543,0.626371535267828,9.94973182678223,229.97590637207,229.97590637207,2.6691938188827,2.6691938188827,0.674275319746076,20,25.8505420156093,6.52999101306888
167255.649633624,3,0,265.501651386157,38762.9098623978,439.515031290354,911.705348465848,1012.13129960267,1182.66198363245,53312.406552446,-522011.262926776,66.6250564180908,0.619686555099574,9.93787670135498,229.976303100586,229.976303100586,2.67326606096244,2.67326606096244,0.673248251607055,20,25.7480144236529,6.40598881859739
167255.789633624,3,0,264.879919879203,38824.423245147,439.280015822586,913.636017307354,1013.76875469946,1184.38392573985,53375.7729923115,-521685.104351306,66.6688321417871,0.615835621460473,9.93096923828125,229.976516723633,229.976516723633,2.67564330719257,2.67564330719257,0.672650116124972,20,25.6886057633104,6.33285674436516
167256.029633624,3,0,263.815379212005,38929.7988284554,438.881364137736,916.94413992168,1016.57875980714,1187.3376522614,53484.6768811326,-521124.044696001,66.7449723574339,0.609314910829749,9.9191427230835,229.976898193359,229.976898193359,2.67972200995192,2.67972200995192,0.671626370426661,20,25.5874646530248,6.20709496621349
167256.169633624,3,0,263.195145530991,38991.2240284554,438.651181084553,918.872987024614,1018.21961353057,1189.06170756481,53548.3591394352,-520795.625379616,66.7900135817143,0.605557917807464,9.91225147247314,229.977111816406,229.977111816406,2.68210300050176,2.68210300050176,0.671030110871861,20,25.5288675268467,6.13361240126323
167256.409633624,3,0,262.133168391696,39096.4499885695,438.26090556736,922.178002800347,1021.03536937948,1192.01900587216,53657.8141110858,-520230.686951976,66.8683272587685,0.599195772336721,9.90045356750488,229.977462768555,229.977462768555,2.68618834631235,2.68618834631235,0.670009629855846,20,25.4291052988234,6.00747835516753
167256.649633624,3,0,261.072806029358,39201.5830022028,437.875997878799,925.481024605194,1023.85469278474,1194.97851131517,53767.6260694311,-519663.294782212,66.9480371140482,0.592930151191864,9.88867282867432,229.977844238281,229.977844238281,2.69027752038746,2.69027752038746,0.66899123169409,20,25.3302041827765,5.88186138234224
167256.789633624,3,0,260.455005768997,39262.8681485036,437.653917158933,927.406874210214,1025.50091883384,1196.705890506,53831.847149636,-519331.178636047,66.9951785784926,0.589318635919437,9.88180923461914,229.978042602539,229.978042602539,2.69266498055839,2.69266498055839,0.668398097921237,20,25.272914032015,5.80908584084787
167257.029633624,3,0,259.397193536928,39367.8564689474,437.277439641374,930.706752267872,1028.32576493491,1199.66880267199,53942.2260795644,-518759.884509324,67.0771077176045,0.583200518254458,9.87005805969238,229.978393554688,229.978393554688,2.69676080624727,2.69676080624727,0.667383007390455,20,25.1753818361986,5.68536843805081
167257.169633624,3,0,258.780878442482,39429.0580910839,437.06027453388,932.630765915364,1029.97517089541,1201.39813940687,54006.7800069334,-518425.487438814,67.1255500722746,0.57967283635405,9.86321067810059,229.978576660156,229.978576660156,2.69915210016458,2.69915210016458,0.666791773737071,20,25.1188742546907,5.61405130385309
167257.409633623,3,0,257.725608166652,39533.9046995912,436.692115314203,935.927526708003,1032.80538503812,1204.36435139959,54117.7263117168,-517850.268930709,67.2097049911737,0.573695084004265,9.851487159729,229.978912353516,229.978912353516,2.70325466534493,2.70325466534493,0.665779893156128,20,25.0226705734287,5.49370748156043
167257.649633623,3,0,256.671939196382,39638.6632955059,436.329009161283,939.222364963833,1035.63889741282,1207.33258653895,54229.0217799349,-517272.552349836,67.2952534350599,0.567802578925355,9.83978080749512,229.979248046875,229.979248046875,2.70736124461039,2.70736124461039,0.664770029237699,20,24.9273028906128,5.37628500534003
167257.789633623,3,0,256.058037164624,39699.7323442631,436.119169582167,941.143602000477,1037.29324298449,1209.06496428312,54294.0829094249,-516934.373108846,67.345745782165,0.564403095908967,9.8329610824585,229.979446411133,229.979446411133,2.70975876215621,2.70975876215621,0.66418188883624,20,24.8720370354868,5.30866113849618
167258.029633623,3,0,255.006896947419,39804.354253518,435.763274082942,944.435705114282,1040.13177960457,1212.0362971397,54405.8854489598,-516352.640160059,67.4333843496802,0.558639249319234,9.82128238677979,229.979766845703,229.979766845703,2.71387209188685,2.71387209188685,0.663175213459754,20,24.7779028808646,5.19305166886776
167258.169633623,3,0,254.394467676358,39865.3444803321,435.557966471417,946.355241512154,1041.78904705127,1213.77046377873,54471.2658410327,-516012.132425495,67.4851454970561,0.555313084394198,9.81447887420654,229.979949951172,229.979949951172,2.71627363278203,2.71627363278203,0.662588909015235,20,24.7233720764061,5.12585614641073
167258.409633623,3,0,253.34584821253,39969.8326621992,435.209866123084,949.644369740579,1044.63254408885,1216.74482249248,54583.6212454041,-515426.400441812,67.5749942113065,0.549670452270738,9.80282878875732,229.980255126953,229.980255126953,2.72039390086398,2.72039390086398,0.661585429942494,20,24.6305146143229,5.01158479953523
167258.649633623,3,0,252.298816730391,40074.2378337377,434.866561268079,952.9316812331,1047.47909102045,1219.72104070943,54696.3214180388,-514838.126000133,67.6662226077218,0.544100327930361,9.79119682312012,229.980560302734,229.980560302734,2.72451810779813,2.72451810779813,0.660583966669387,20,24.5384521718802,4.89859048242286
167258.789633623,3,0,251.688780418861,40135.1029782562,434.668497398428,954.848441480179,1049.1409653587,1221.45801289454,54762.2224907448,-514493.787792905,67.720079200073,0.540883650853291,9.78441905975342,229.980728149414,229.980728149414,2.72692623566237,2.72692623566237,0.660000638946808,20,24.4850946349159,4.83320662154574
167259.029633623,3,0,250.644256755146,40239.3790372497,434.332786728862,958.132862227458,1051.99224122544,1224.43710290545,54875.4749458253,-513901.473404928,67.8135136490932,0.535422316829237,9.77281475067139,229.981033325195,229.981033325195,2.73105738957027,2.73105738957027,0.659002287818217,20,24.3942587077444,4.72242476573627
167259.169633623,3,0,250.035681040497,40300.1696775762,434.139027933114,960.047953673552,1053.65683248401,1226.17572274972,54941.6922203646,-513554.765778217,67.8686550502678,0.532266713309441,9.76605415344238,229.981216430664,229.981216430664,2.73346918802948,2.73346918802948,0.658420929130269,20,24.341616545825,4.65844849471513
167259.409633622,3,0,248.993657282689,40404.3194278302,433.810647766566,963.329539685766,1056.51269695756,1229.15759141217,55055.487346233,-512958.377495523,67.9642904236072,0.526905526908975,9.75447750091553,229.981506347656,229.981506347656,2.73760729503477,2.73760729503477,0.65742567810596,20,24.2519665365968,4.55001603616844
167259.649633622,3,0,247.953208403979,40508.3908328114,433.486847373457,966.609350348834,1059.37138719468,1232.14116466687,55169.6258778333,-512359.404571761,68.0613171046392,0.521604097892521,9.74291801452637,229.981781005859,229.981781005859,2.74174969949747,2.74174969949747,0.656432402326899,20,24.1630800823082,4.44305940924976
167259.789633622,3,0,247.347005948036,40569.063403126,433.300103426333,968.52174429261,1061.04024431007,1233.88235635959,55236.3681410537,-512008.808782105,68.1185653773926,0.518537547458317,9.73618316650391,229.98193359375,229.98193359375,2.74416801360798,2.74416801360798,0.655853946171417,20,24.1115702943361,4.38139001362567
167260.029633622,3,0,246.309044234741,40673.0129713228,432.983334448256,971.798814609366,1063.90329462833,1236.86855592775,55351.0422191027,-511405.714752253,68.2177806229567,0.513322821255629,9.72465229034424,229.982223510742,229.982223510742,2.74831738064634,2.74831738064634,0.654863815569566,20,24.0238445610161,4.27686682517123
167260.169633622,3,0,245.704290345972,40733.6152602393,432.800735701116,973.709606304073,1065.57466210662,1238.61125587514,55418.1020520095,-511052.712208011,68.2763130188836,0.510304295862409,9.71793365478516,229.982376098633,229.982376098633,2.75073973530802,2.75073973530802,0.654287158505551,20,23.9730040980722,4.21659643747329
167260.409633622,3,0,244.668808033097,40837.4456710162,432.490932391823,976.983954677293,1068.44195533152,1241.60000139381,55533.3151455038,-510445.473506306,68.3777297642412,0.505167756959134,9.70642948150635,229.982666015625,229.982666015625,2.75489588750636,2.75489588750636,0.653300076540624,20,23.8864316567703,4.11449633103112
167260.649633622,3,0,243.634887751539,40941.2021703103,432.185524252604,980.256566980863,1071.31187406754,1244.59031459354,55648.8724298866,-509835.607002964,68.4805546673255,0.500075886917996,9.69494342803955,229.982925415039,229.982925415039,2.75905652819172,2.75905652819172,0.652314971270062,20,23.8005713976433,4.01398441577511
167260.789633622,3,0,243.032487675461,41001.693083373,432.009438112006,982.164789719197,1072.98718762399,1246.33537508135,55716.4436271419,-509478.637491433,68.5411890356519,0.497124722450936,9.68825054168701,229.98307800293,229.98307800293,2.76148568111185,2.76148568111185,0.651741188135607,20,23.7508130070682,3.95599427939571
167261.029633622,3,0,242.001034261702,41105.334686419,431.710751287371,985.434781020656,1075.86114667612,1249.32810296832,55832.5365187277,-508864.579079409,68.6462058997811,0.49209600778733,9.67679119110107,229.983337402344,229.983337402344,2.76565311411571,2.76565311411571,0.650759113002514,20,23.6660570127292,3.8576945344763
167261.169633621,3,0,241.400070998017,41165.7593148757,431.538392809991,987.341510797284,1077.53877913447,1251.07454958878,55900.4096153931,-508505.145870726,68.7081099266712,0.489279875127409,9.67011451721191,229.983474731445,229.983474731445,2.76808613128281,2.76808613128281,0.650187154912973,20,23.6169424779847,3.80100700774159
167261.409633621,3,0,240.371076720589,41269.2885519166,431.24634981234,990.6088561714,1080.41667333572,1254.06961439719,56017.0408073877,-507886.871216705,68.8153486369114,0.48493378015145,9.65868282318115,229.983734130859,229.983734130859,2.77226081656141,2.77226081656141,0.649208119774679,20,23.5332774112448,3.70495353632013
167261.649633621,3,0,239.343631801041,41372.7481102571,430.958442332542,993.874554886907,1083.29699017575,1257.06611314741,56134.0119966622,-507265.919997034,68.9239894484745,0.48060526057309,9.64726829528809,229.983978271484,229.983978271484,2.77643972472391,2.77643972472391,0.648230978869024,20,23.45029738255,3.61024242612608
167261.789633621,3,0,238.74500317896,41433.0677278636,430.792245376156,995.778840937354,1084.97826774314,1258.81472130045,56202.3927336001,-506902.448449579,68.9879906131746,0.478086778374172,9.64061737060547,229.984130859375,229.984130859375,2.77887955234101,2.77887955234101,0.647661867127195,20,23.402191964523,3.555621774308
167262.029633621,3,0,237.720005104521,41536.4189553901,430.510673980457,999.041999375086,1087.86232589563,1261.81343187289,56319.8945950627,-506277.228317986,69.0988405954774,0.47377769545238,9.62923049926758,229.984375,229.984375,2.78306553607559,2.78306553607559,0.646687791678518,20,23.3202639160779,3.46301676593992
167262.169633621,3,0,237.122801607107,41596.6760879047,430.348292427944,1000.94475852863,1089.5457644138,1263.56330959708,56388.5951784989,-505911.2685783,69.164155729101,0.471267425901824,9.62259578704834,229.984527587891,229.984527587891,2.78550960164351,2.78550960164351,0.646120402370748,20,23.2727852255252,3.40962367905578
167262.409633621,3,0,236.100242901119,41699.9214048036,430.072997593088,1004.20539066357,1092.43346085142,1266.56416076829,56506.6316871052,-505281.755135722,69.2772300737853,0.466967742225813,9.61123561859131,229.984771728516,229.984771728516,2.78970238876724,2.78970238876724,0.645149317647325,20,23.1918993930208,3.31902631471332
167262.649633621,3,0,235.079220980158,41803.1010556663,429.801605026243,1007.4644464362,1095.32340331798,1269.56632986076,56625.0058690853,-504649.514690394,69.391712993226,0.462668448590556,9.59989166259766,229.985015869141,229.985015869141,2.79390014039938,2.79390014039938,0.644180002796582,20,23.11166643888,3.22968420627534
167262.789633621,3,0,234.484333362295,41863.2592333795,429.645111368073,1009.3648292286,1097.01022661561,1271.31819358922,56694.2158083142,-504279.446169335,69.4591511540249,0.460158942291541,9.59328269958496,229.985137939453,229.985137939453,2.79635084156885,2.79635084156885,0.643615476444869,20,23.0651524465336,3.17813607771267
167263.02963362,3,0,233.465738585617,41966.3368277677,429.379864371344,1012.62139847931,1099.90364789476,1274.32239615375,56813.1290156558,-503642.868221555,69.5758791956144,0.455851718018948,9.58196640014648,229.985382080078,229.985382080078,2.80055586593983,2.80055586593983,0.642649156789047,20,22.9859332419294,3.0907045246462
167263.16963362,3,0,232.872264679623,42026.4361660108,429.226905775611,1014.52036005888,1101.59246960932,1276.0754280012,56882.6524110341,-503270.259513278,69.6446214865015,0.453334595010124,9.57537364959717,229.98551940918,229.98551940918,2.80301043866613,2.80301043866613,0.642086422526096,20,22.9400017882229,3.0401068558307
167263.40963362,3,0,231.856089677861,42129.4140299858,428.967642135657,1017.77449480936,1104.48927167184,1279.08160166485,57002.10188059,-502629.310741942,69.7635962290821,0.44900997701667,9.56408405303955,229.985763549805,229.985763549805,2.80722245986342,2.80722245986342,0.641123023925023,20,22.8617802994957,2.9544125534712
167263.64963362,3,0,230.841439176607,42232.3300890466,428.71223206852,1021.02706510314,1107.38816895683,1282.08898913279,57121.8993196861,-501985.59474099,69.8840145733666,0.444701106755311,9.55281162261963,229.985977172852,229.985977172852,2.81143889729593,2.81143889729593,0.640161570273717,20,22.7841715888557,2.86975410318783
167263.78963362,3,0,230.25026254234,42292.3362704087,428.564914268766,1022.92369887721,1109.08014214345,1283.84384933179,57191.9358589887,-501608.804844118,69.9549187828737,0.44220020390812,9.54624366760254,229.986114501953,229.986114501953,2.81390076495424,2.81390076495424,0.639601524264118,20,22.7391887838956,2.820860360169
167264.02963362,3,0,229.23801980641,42395.1563065081,428.315400523154,1026.17386066939,1111.98227659828,1286.85311081766,57312.277180917,-500960.674673397,70.0776135861525,0.437934820749468,9.53499794006348,229.986328125,229.986328125,2.81812420272768,2.81812420272768,0.638642975318606,20,22.6625344364213,2.73789688599786
167264.16963362,3,0,228.648245571795,42455.1071360621,428.171581698393,1028.06908194721,1113.67611430559,1288.60904654644,57382.6374351938,-500581.30734612,70.1498561698647,0.435459297837143,9.52844524383545,229.986465454102,229.986465454102,2.82059013123946,2.82059013123946,0.638084599669341,20,22.6181171259687,2.68994270648295
167264.40963362,3,0,227.638403272055,42557.8334037157,427.927914077056,1031.31685077502,1116.58139986716,1291.62012370906,57503.5276068561,-499928.736499478,70.2748459049824,0.431237316291535,9.51722621917725,229.986679077148,229.986679077148,2.8248211355667,2.8248211355667,0.637128945699904,20,22.5424388760403,2.60850066742372
167264.64963362,3,0,226.630073335827,42660.5015843499,427.68789704623,1034.56312216288,1119.48863285998,1294.63231964485,57624.7659611299,-499273.345738157,70.4012928634784,0.427043617215765,9.50602436065674,229.986892700195,229.986892700195,2.82905684113116,2.82905684113116,0.636175093107154,20,22.4673447618863,2.5280504421524
167264.78963362,3,0,226.042578100391,42720.3648847998,427.549578746497,1036.45610185047,1121.18540412892,1296.38994248373,57695.6508762295,-498889.728745272,70.4757252604372,0.424610009111738,9.49949741363525,229.987030029297,229.987030029297,2.83152970216685,2.83152970216685,0.635619530054454,20,22.423814303481,2.48154090549661
167265.029633619,3,0,225.036636751694,42822.9429041668,427.315300482246,1039.70001633446,1124.09565453429,1299.40386554818,57817.444671235,-498229.850745444,70.6044951690166,0.420460636704371,9.48832130432129,229.987228393555,229.987228393555,2.83577232245763,2.83577232245763,0.634668577326336,20,22.3496606618268,2.4024737712455
167265.169633619,3,0,224.450532791448,42882.754240452,427.180242223148,1041.5916357479,1125.79416070118,1301.16247994196,57888.6501305008,-497843.603051238,70.6802837258938,0.41805310186806,9.48181056976318,229.987350463867,229.987350463867,2.83824943486506,2.83824943486506,0.634114691525864,20,22.3066724113396,2.35680892631914
167265.409633619,3,0,223.446972821845,42985.2442595953,426.951687716975,1044.83319308925,1128.70734862314,1304.17807399144,58011.0069708551,-497179.212925886,70.8114025859907,0.413948716436094,9.47066116333008,229.987548828125,229.987548828125,2.84249963323798,2.84249963323798,0.633166608622389,20,22.2334250437738,2.27925337131442
167265.649633619,3,0,222.444913206165,43087.6798280905,426.72670461359,1048.07327757072,1131.62235178202,1307.19469762007,58133.7209583714,-496511.957087119,70.944012742298,0.40987277869213,9.45952796936035,229.987747192383,229.987747192383,2.84675434928664,2.84675434928664,0.632220289743771,20,22.1607712751794,2.20248231779132
167265.789633619,3,0,221.861070167009,43147.4091058576,426.597069353845,1049.96266254426,1133.32359534883,1308.95486301925,58205.467408245,-496121.393933697,71.0220550050776,0.407508416007517,9.45304203033447,229.987869262695,229.987869262695,2.84923859117987,2.84923859117987,0.631669086827292,20,22.1186399591557,2.15803720933766
167266.029633619,3,0,220.86138026952,43249.7602022069,426.377710844069,1053.20042447731,1136.24141213568,1311.97307602183,58328.7520273526,-495449.578434253,71.1570455610258,0.403477858204447,9.44193553924561,229.988052368164,229.988052368164,2.853500415494,2.853500415494,0.63072566446923,20,22.0468721457321,2.08261987014972
167266.169633619,3,0,220.278917481676,43309.4408312675,426.251346085705,1055.08844352496,1137.9442755725,1313.73415203207,58400.8332107018,-495056.347607899,71.2364889059886,0.401140214168484,9.43546485900879,229.988189697266,229.988189697266,2.85598882182045,2.85598882182045,0.630176144748787,20,22.0052639912578,2.03893182973971
167266.409633619,3,0,219.281590160996,43411.7096052506,426.037611442602,1058.32389295898,1140.86483003074,1316.75390237669,58524.6973598278,-494379.947573175,71.373882983747,0.397155454307687,9.42438411712646,229.988372802734,229.988372802734,2.8602584241761,2.8602584241761,0.629235462212561,20,21.9343860134197,1.96468885319104
167266.649633619,3,0,218.285751379109,43513.9274693998,425.827389260445,1061.55787312366,1143.7870773865,1319.77459733866,58648.9294945308,-493700.636311148,71.5128137496666,0.393200026204562,9.41332054138184,229.988571166992,229.988571166992,2.86453245746923,2.86453245746923,0.628296675599287,20,21.8640582637622,1.89126500061096
167266.789633619,3,0,217.705531722604,43573.5313899858,425.706271358142,1063.44372878431,1145.4924884582,1321.5371010141,58721.5620158794,-493303.014697631,71.5945511156496,0.390906125685217,9.40687465667725,229.988677978516,229.988677978516,2.86702781215234,2.86702781215234,0.627749857274322,20,21.8232847140478,1.8487321339233
167267.029633618,3,0,216.712044030966,43675.6703886973,425.501546814519,1066.67541223064,1148.41735730967,1324.55925445266,58846.3798788307,-492619.068156461,71.735926471555,0.386997161868038,9.39583778381348,229.988845825195,229.988845825195,2.871309530687,2.871309530687,0.626813817746191,20,21.7538278468011,1.77642053701691
167267.169633618,3,0,216.133193776238,43735.2289189415,425.38384402407,1068.55987532482,1150.12428234226,1326.32259162158,58919.371161826,-492218.75054302,71.8191218339074,0.384730293432221,9.38940620422363,229.988952636719,229.988952636719,2.87380924421541,2.87380924421541,0.626268563096032,20,21.713556286574,1.73456847079855
167267.409633618,3,0,215.14205012064,43837.2911438883,425.184668235853,1071.78926937672,1153.05170330893,1329.34615611411,59044.7876201987,-491530.146909867,71.9629686507991,0.380867773497537,9.37839508056641,229.989151000977,229.989151000977,2.87809807892162,2.87809807892162,0.625335323122241,20,21.6449473597729,1.66351920164623
167267.649633618,3,0,214.152383342931,43939.3059828986,424.988920179093,1075.01723512173,1155.98069924261,1332.37058818615,59170.5816581004,-490838.582932823,72.1083839153631,0.377034785589237,9.36740016937256,229.989334106445,229.989334106445,2.88239183180098,2.88239183180098,0.624403858466426,20,21.5768778342361,1.5929834297504
167267.789633618,3,0,213.575758630957,43998.7930745367,424.876257727034,1076.89956227994,1157.68999585113,1334.13523348663,59244.1332899315,-490433.794959568,72.1939353792125,0.37481254922078,9.36099433898926,229.98942565918,229.98942565918,2.88489888283109,2.88489888283109,0.623861263227501,20,21.5374109085492,1.55221156548207
167268.029633618,3,0,212.588424496606,44100.7345576404,424.686104274488,1080.1252031715,1160.62143572904,1337.16099633487,59370.544607928,-489737.534963458,72.341887007496,0.371026457528325,9.35002517700195,229.989593505859,229.989593505859,2.88919994708085,2.88919994708085,0.622932542018176,20,21.4701735134837,1.48285980316476
167268.169633618,3,0,212.013158484395,44160.17946423,424.576744484724,1082.00617456313,1162.33213878836,1338.92640458823,59444.4618611345,-489330.003058678,72.4289270079557,0.368831646863158,9.3436336517334,229.989700317383,229.989700317383,2.89171127346912,2.89171127346912,0.622391579670733,20,21.4311979739759,1.44276880931131
167268.409633618,3,0,211.028150093418,44262.0496799302,424.391966981196,1085.22956648869,1165.26594949586,1341.95345652816,59571.4849409497,-488629.004774911,72.5794119070538,0.3650926409082,9.33269119262695,229.989852905273,229.989852905273,2.89601994605023,2.89601994605023,0.621465656601866,20,21.3647859772134,1.37445676984243
167268.649633618,3,0,210.044607073655,44363.8759497267,424.210662253405,1088.45152048052,1168.20122296866,1344.98129573544,59698.9048412889,-487925.006514213,72.7315195555766,0.361383415270001,9.32176399230957,229.990036010742,229.990036010742,2.90033324888458,2.90033324888458,0.620541430547237,20,21.2988938237085,1.30682303260045
167268.789633617,3,0,209.471549277128,44423.2546440518,424.106435646279,1090.33034011697,1169.91413120765,1346.74789320974,59773.413108654,-487512.945775144,72.8209991324795,0.35923358621749,9.31539726257324,229.990127563477,229.990127563477,2.90285181887014,2.90285181887014,0.620003001047376,20,21.2606925136766,1.26764178927698
167269.029633617,3,0,208.490320802517,44525.0130360306,423.930475385628,1093.55003918113,1172.85167206936,1349.77694843472,59901.4586937057,-486804.16306186,72.9756949109754,0.355571709528859,9.30449676513672,229.990295410156,229.990295410156,2.90717303355174,2.90717303355174,0.6190815589931,20,21.1955946003189,1.20090474195459
167269.169633617,3,0,207.91861113785,44584.3527313181,423.829529853583,1095.42749198998,1174.56588732819,1351.5442376055,59976.3463523772,-486389.316176557,73.0667165862611,0.353449473452962,9.29814434051514,229.990386962891,229.990386962891,2.90969539312542,2.90969539312542,0.618544789732964,20,21.1578730366355,1.16230929843938
167269.409633617,3,0,206.939690362054,44686.0449848959,423.663443189876,1098.64415128759,1177.5056710185,1354.5743891665,60105.3465097159,-485676.078532675,73.2243831330468,0.349834945586972,9.28726959228516,229.990539550781,229.990539550781,2.91402461182955,2.91402461182955,0.61762597815985,11.0936342709633,21.0936342709633,1.10065618904398
167269.649633617,3,0,205.962223578198,44787.6519313615,423.650630855293,1101.80375395419,1180.44576771239,1357.59664902049,60245.3027535429,-484972.443519624,73.4067708470658,0.346249324852582,9.27641010284424,229.990692138672,229.990692138672,2.91835763414106,2.91835763414106,0.616708976002266,11.0367268792971,21.0367268792971,1.5235213844301
167269.789633617,3,0,205.392704922845,44846.857500528,423.62172080693,1103.64972730135,1182.16123245591,1359.36028337195,60325.5531952186,-484558.707827289,73.512458546964,0.344170205871868,9.27008247375488,229.990798950195,229.990798950195,2.92088703045865,2.92088703045865,0.616174899083688,11.0039445813079,21.0039445813079,2.22780009896379
167270.029633617,3,0,204.417534290895,44948.2589540103,423.394735645923,1106.87675312346,1185.10013605269,1362.39045264601,60450.7299041619,-483832.967609933,73.6664730089022,0.340629143913265,9.25924873352051,229.990936279297,229.990936279297,2.92522665972798,2.92522665972798,0.615260867398541,10.9395945302393,20.9395945302393,3.88452924253399
167270.169633617,3,0,203.849352924572,45007.3675265521,423.170081519384,1108.78895061299,1186.80941412014,1364.15760482668,60517.2202187227,-483401.788932034,73.7410902408839,0.338575972920161,9.25293636322021,229.991027832031,229.991027832031,2.92776014767283,2.92776014767283,0.614728493580075,10.8973265813013,20.8973265813013,4.89621051099977
167270.409633617,3,0,202.87647117574,45108.6331513274,422.656697477143,1112.10205239046,1189.7267398247,1367.18038172696,60622.0032674082,-482652.460581646,73.8472273365164,0.335076084972357,9.24212837219238,229.991180419922,229.991180419922,2.93210669629849,2.93210669629849,0.613817293291939,10.8183713342204,20.8183713342204,6.43364241515595
167270.649633617,3,0,201.905031429375,45209.8125355003,422.042642959516,1115.43896153541,1192.63132330434,1370.19498529736,60719.4842506693,-481894.512237128,73.9360998169254,0.33160193322234,9.23133563995361,229.991333007813,229.991333007813,2.93645724881544,2.93645724881544,0.612907893945993,10.7344256710765,20.7344256710765,7.59404584258839
167270.789633616,3,0,201.339023041217,45268.7869489127,421.656815788006,1117.39123903753,1194.32192908726,1371.95086904316,60774.3187450565,-481449.471148371,73.9832409432876,0.329589089528671,9.22504711151123,229.991409301758,229.991409301758,2.93899719819623,2.93899719819623,0.612378175714145,10.6841525944662,20.6841525944662,8.09701150792273
167271.029633616,3,0,200.369860604239,45369.7914812092,420.969619877105,1120.7427739616,1197.21706639705,1374.95865616315,60866.3932294414,-480682.611051641,74.0598485285444,0.326164000462145,9.214280128479,229.991546630859,229.991546630859,2.94335501717483,2.94335501717483,0.611471591323482,10.5969126592945,20.5969126592945,8.71344329125633
167271.169633616,3,0,199.805178541582,45428.649279087,420.560191863206,1122.69923305962,1198.90527378846,1376.71266950304,60919.4467046207,-480233.266044053,74.1032671028905,0.324181872035697,9.20800685882568,229.991638183594,229.991638183594,2.94589849809615,2.94589849809615,0.610943685495761,10.5457596290901,20.5457596290901,8.96229114692348
167271.409633616,3,0,198.838286172027,45529.4320116265,419.850664547289,1126.05412609553,1201.79963142652,1379.7196262097,61009.7792748312,-479459.799557299,74.1768416775204,0.32081217507593,9.19726467132568,229.991760253906,229.991760253906,2.95026243507364,2.95026243507364,0.610040016754926,10.4579980551989,20.4579980551989,9.26177302734443
167271.649633616,3,0,197.872823714883,45630.0574604085,419.134661791265,1129.4096120854,1204.69504377219,1382.72719777807,61099.5645281512,-478682.449069215,74.2499646084341,0.317478669896175,9.18653869628906,229.991897583008,229.991897583008,2.95462988159023,2.95462988159023,0.6091382956033,10.3703298318557,20.3703298318557,9.46310372088349
167271.789633616,3,0,197.310296411486,45688.6795332385,418.714145394351,1131.36723066086,1206.38458753635,1384.48195386275,61151.6962861144,-478227.194707468,74.2924536626156,0.315550813230276,9.18028926849365,229.991989135742,229.991989135742,2.95717914615267,2.95717914615267,0.60861322181107,10.3192702621455,20.3192702621455,9.55562476248847
167272.029633616,3,0,196.34709177748,45789.0400266035,417.987631168688,1134.72372141011,1209.2817905951,1387.49061697295,61240.5923886754,-477443.62543046,74.364882348887,0.312274499663574,9.16958808898926,229.992111206055,229.992111206055,2.96155256771658,2.96155256771658,0.607714486323488,10.2318005547081,20.2318005547081,9.69219080887454
167272.169633616,3,0,195.785879339846,45847.503806498,417.560126608582,1136.68208994068,1210.97224843884,1389.24591958888,61292.1410063431,-476984.690666751,74.4068162975764,0.310380104977442,9.16335296630859,229.9921875,229.9921875,2.96410571941925,2.96410571941925,0.607191067867962,10.1808038494387,20.1808038494387,9.76447254536003
167272.409633616,3,0,194.824925025501,45947.5884791415,416.820295050318,1140.04010974117,1213.87079119552,1392.25535628082,61379.9356178074,-476194.731508459,74.4780450425991,0.307160375842239,9.15267753601074,229.992309570313,229.992309570313,2.96848479142889,2.96848479142889,0.606295434734493,10.0933968608684,20.0933968608684,9.88059159079097
167272.649633615,3,0,193.865388064122,46047.4956355389,416.071471658124,1143.39918677817,1216.77006178679,1395.2651923084,61466.987432769,-475400.691131546,74.5483903259585,0.303976119628857,9.14201736450195,229.992446899414,229.992446899414,2.97286733149157,2.97286733149157,0.605401671325129,10.0059972004056,20.0059972004056,9.98793790711198
167272.789633615,3,0,193.306311482881,46105.6920655234,415.630345572965,1145.35913943529,1218.46162426661,1397.02110227501,61517.4114212201,-474935.603327424,74.5890009672992,0.302134863170007,9.1358060836792,229.99250793457,229.99250793457,2.97542570687832,2.97542570687832,0.6048811666957,10,19.9550117775967,10.0458023072625
167273.029633615,3,0,192.349012462767,46205.3150315831,414.865673203075,1148.72010549844,1221.36176770328,1400.03135769415,61603.1608168292,-474135.001799789,74.6576570135741,0.299006068123717,9.12517070770264,229.992645263672,229.992645263672,2.97981377167695,2.97981377167695,0.603990445708557,10,19.8675297781483,10.1284254649785
167273.169633615,3,0,191.791239153441,46263.3452522185,414.415909184276,1150.68108023057,1223.05390653104,1401.7875607811,61652.8669496203,-473666.099213245,74.6973428686484,0.297197141017368,9.11897373199463,229.992706298828,229.992706298828,2.98237572347781,2.98237572347781,0.603471640536828,10,19.8165215547036,10.1628278665705
167273.409633615,3,0,190.836170517469,46362.6824390007,413.64113729522,1154.04300876467,1225.95586003759,1404.79893124721,61737.7290374381,-472859.126721911,74.7652230747799,0.294123450019574,9.10836315155029,229.992813110352,229.992813110352,2.98676946868528,2.98676946868528,0.60258391736125,10,19.7292026429435,10.1953577540384
167273.649633615,3,0,189.882506641493,46461.8378660415,412.864304454606,1157.40481768149,1228.85976325304,1407.81161503909,61822.3476977603,-472048.277099553,74.8334068187681,0.291084691654631,9.09776878356934,229.992950439453,229.992950439453,2.99116710559573,2.99116710559573,0.601698082606984,10,19.642178544182,10.1963333048629
167273.789633615,3,0,189.326850272281,46519.5942262923,412.411165599264,1159.36566047912,1230.55478803012,1409.56975853497,61871.6675906673,-471573.521071534,74.8735026118427,0.289328026396787,9.09159469604492,229.993011474609,229.993011474609,2.99373395104088,2.99373395104088,0.601182161382564,10,19.5916113023008,10.1843195721941
167274.029633615,3,0,188.375404536163,46618.4601713612,411.635545265304,1162.72655643818,1233.46261197722,1412.58515975935,61956.2326521423,-470756.66795773,74.9430138352581,0.286344199517716,9.08102512359619,229.993133544922,229.993133544922,2.99813738866703,2.99813738866703,0.600299279435389,10,19.5052808032452,10.1463055635344
167274.169633615,3,0,187.821039891956,46676.0472997074,411.18419707953,1164.68669577487,1235.16012026237,1414.34504002222,62005.6023728027,-470278.438206035,74.9840943831087,0.284619283416044,9.07486629486084,229.993194580078,229.993194580078,3.00070754266434,3.00070754266434,0.599785154974291,10,19.4551667193622,10.1159086569504
167274.409633615,3,0,186.871804758689,46774.6229148471,410.412909612419,1168.04618953248,1238.07241806683,1417.36358680638,62090.348580917,-469455.656318691,75.0555467853207,0.281689433259461,9.06432056427002,229.993301391602,229.993301391602,3.00511646362145,3.00511646362145,0.598905276421392,10,19.3696934724563,10.0530620329415
167274.649633614,3,0,185.923961993612,46873.0153841921,409.645217302339,1171.40467064056,1240.98767190981,1420.384223155,62175.2755578337,-468629.140164105,75.1284020595336,0.278793146187899,9.05379009246826,229.993408203125,229.993408203125,3.00952870397823,3.00952870397823,0.598027253465742,10,19.284780292794,9.98000297077582
167274.789633614,3,0,185.371695527468,46930.3266115001,409.199226532345,1173.36329181151,1242.6896222988,1422.14724245781,62224.9132974169,-468145.28093331,75.1715864734052,0.277118863190382,9.0476541519165,229.99348449707,229.99348449707,3.0121038558726,3.0121038558726,0.597515957760154,10,19.2355154051495,9.93383932445439
167275.029633614,3,0,184.426051248363,47028.4302539708,408.43803570662,1176.72005083503,1245.60964578229,1425.17125912601,62310.1915193032,-467312.848785751,75.2468430956641,0.274274875736637,9.03714847564697,229.993591308594,229.993591308594,3.01652194571147,3.01652194571147,0.596640906676565,10,19.1515468804674,9.84997336479143
167275.169633614,3,0,183.875065060898,47085.5735548087,407.996059183886,1178.67763598651,1247.31439539596,1426.93626439527,62360.0525275276,-466825.534954291,75.2914799048188,0.272630877945705,9.03102684020996,229.993637084961,229.993637084961,3.01910077427357,3.01910077427357,0.596131251726537,10,19.1028320929105,9.79881498718025
167275.409633614,3,0,182.931611858162,47183.3904410801,407.242074805415,1182.03257431326,1250.23923484863,1429.96370080013,62445.7411028291,-465987.172216702,75.3693049622897,0.269837795992136,9.02054595947266,229.993743896484,229.993743896484,3.02352438820303,3.02352438820303,0.595259161522901,10,19.0198118615732,9.70800642603931
167275.649633614,3,0,181.989538718983,47281.0275111792,406.492943256235,1185.38631873197,1253.16712342224,1432.99330396983,62531.7149782621,-465145.054868781,75.4488276879397,0.267076264108543,9.0100793838501,229.993850708008,229.993850708008,3.02795142216239,3.02795142216239,0.594388885231394,10,18.9374121202708,9.61400670690486
167275.789633614,3,0,181.440632222456,47337.8998618362,406.058272327955,1187.34210683594,1254.87646651524,1434.76157351454,62582.0054329151,-464652.082544639,75.4960212700174,0.265479707374874,9.003981590271,229.993896484375,229.993896484375,3.03053554171018,3.03053554171018,0.593882094598009,10,18.8896274717273,9.55796721191659
167276.029633614,3,0,180.500738196995,47435.2544856037,405.317218792076,1190.69390529713,1257.80917700654,1437.79460483788,62668.466710477,-463804.002659384,75.5783371336795,0.262766972606239,8.99353885650635,229.994003295898,229.994003295898,3.03496841434729,3.03496841434729,0.593014696481473,10,18.8082049381681,9.46022069969676
167276.169633614,3,0,179.953100720574,47491.9629250901,404.887378763662,1192.64854010169,1259.52132499803,1439.56486838951,62719.05265957,-463307.5453726,75.6271939603071,0.26119851609751,8.98745536804199,229.994049072266,229.994049072266,3.03755580573728,3.03755580573728,0.592509607391071,10,18.7609944635501,9.40239464466056
167276.409633613,3,0,179.015378533339,47589.038064515,404.15478197467,1195.99833575777,1262.45882654681,1442.60130551933,62806.0376974546,-462453.478293482,75.7124150277171,0.258533084411283,8.97703742980957,229.994155883789,229.994155883789,3.04199419574436,3.04199419574436,0.591645137845254,10,18.6805549916269,9.30225451741843
167276.649633613,3,0,178.079024319604,47685.938279441,403.427673371307,1199.34684537394,1265.39932961183,1445.63987577659,62893.3689198962,-461595.614865387,75.799520612429,0.255896910278569,8.96663475036621,229.994247436523,229.994247436523,3.04643673273663,3.04643673273663,0.590782445722406,10,18.6007461862885,9.20120222416505
167276.789633613,3,0,177.533448274984,47742.3831271991,403.00608663752,1201.29954432775,1267.11599850991,1447.4133521689,62944.4752991325,-461093.436099232,75.8512149871834,0.254372366065788,8.96057319641113,229.994293212891,229.994293212891,3.04902941476048,3.04902941476048,0.590280063602238,10,18.5544807804699,9.14199674990326
167277.029633613,3,0,176.599254117872,47839.0090005988,402.287742296589,1204.64600806014,1270.06118709411,1450.45524984809,63032.3674256733,-460229.532235273,75.941354515759,0.251781263637448,8.95019435882568,229.994400024414,229.994400024414,3.05347706789302,3.05347706789302,0.589420294760452,10,18.4756630432652,9.04009786962457
167277.169633613,3,0,176.054936029246,47895.2947825057,401.871199742735,1206.59751977802,1271.780555232,1452.23064175842,63083.7985064636,-459723.815128733,75.9948253306711,0.250282497878644,8.94414710998535,229.994445800781,229.994445800781,3.05607375501873,3.05607375501873,0.58891951637303,10,18.4299803419924,8.9804246904429
167277.409633613,3,0,175.122894787376,47991.6496198947,401.161896085481,1209.94189303486,1274.73037337442,1455.27582391631,63172.2813264059,-458853.842768588,76.0880948075573,0.247734643002289,8.93379306793213,229.994537353516,229.994537353516,3.06052746048106,3.06052746048106,0.588062603331383,10,18.3521494018763,8.87812391533021
167277.649633613,3,0,174.192209569766,48087.8349618849,400.458327652444,1213.28494026089,1277.68306816596,1458.32304440008,63261.1439920743,-457980.018377761,76.1833707399584,0.245213354521605,8.92345333099365,229.994613647461,229.994613647461,3.06498459045901,3.06498459045901,0.587207461818134,10,18.2749516922977,8.77622439486435
167277.789633613,3,0,173.649934968963,48143.8653405611,400.050482337418,1215.23445905471,1279.40676863506,1460.10150630703,63313.1515644448,-457468.498571688,76.2398602089867,0.243754784766921,8.9174280166626,229.994659423828,229.994659423828,3.06758637590694,3.06758637590694,0.586709397266491,10,18.2301898844589,8.716975284226
167278.029633613,3,0,172.721391092862,48239.7850398187,399.355898723179,1218.57542358029,1282.3639246493,1463.15188388395,63402.6163495368,-456588.537533194,76.3383338902595,0.241274262473764,8.90711212158203,229.994750976563,229.994750976563,3.0720498949879,3.0720498949879,0.585857028054107,10,18.1539577287295,8.61617826093768
167278.169633613,3,0,172.180363558285,48295.6614326112,398.953313667668,1220.52371696198,1284.09020767999,1464.93217204132,63454.9794390794,-456073.427123714,76.3967136802291,0.239838934609001,8.90110206604004,229.994812011719,229.994812011719,3.07465496199508,3.07465496199508,0.585360688563825,10,18.109775931971,8.55776973078545
167278.409633612,3,0,171.253953989602,48391.3188366711,398.267646674854,1223.86260272121,1287.05172220376,1467.98562860973,63545.0510356845,-455187.286001564,76.4984270762382,0.237397529764084,8.89081001281738,229.994888305664,229.994888305664,3.07912434555683,3.07912434555683,0.584511117957501,10,18.0345060972206,8.45856364432381
167278.649633612,3,0,170.328888784275,48486.8123008584,397.587624846122,1227.2001823543,1290.01593155025,1471.04098567897,63635.5120513507,-454297.221393723,76.6022021832678,0.234980108594214,8.88053226470947,229.994964599609,229.994964599609,3.08359683088669,3.08359683088669,0.58366329766977,10,17.9598368239713,8.36055454781423
167278.789633612,3,0,169.789887122113,48542.4416368776,397.193508270142,1229.14650582741,1291.74628023863,1472.82414167649,63688.4591024499,-453776.196428339,76.6636926776071,0.233580630801507,8.87454414367676,229.995010375977,229.995010375977,3.08620774415267,3.08620774415267,0.583169562150937,10,17.9165504822691,8.30400014350885
167279.029633612,3,0,168.866944804699,48637.6782148649,396.522273214676,1232.48203353054,1294.71466822119,1475.88244160496,63779.5336037551,-452879.878558894,76.7707555171302,0.231199427989499,8.86429023742676,229.995101928711,229.995101928711,3.09068663700269,3.09068663700269,0.582324481335858,10,17.8428299151271,8.2082374717923
167279.169633612,3,0,168.329179486633,48693.1586467397,396.133258291516,1234.42716286317,1296.44742303323,1477.66729024717,63832.8396923179,-452355.192864444,76.834173779101,0.229820734983808,8.85831642150879,229.995147705078,229.995147705078,3.09330117163178,3.09330117163178,0.581832388926498,10,17.8000943531163,8.15317924925707
167279.409633612,3,0,167.408353150444,48788.141560793,395.470672318279,1237.76065848121,1299.41987554688,1480.72844628526,63924.5275457804,-451452.574249472,76.9445481707572,0.227474061223001,8.8480863571167,229.995208740234,229.995208740234,3.09778553105853,3.09778553105853,0.580990151219712,10,17.7272870798397,8.06035340038
167279.649633612,3,0,166.488859670933,48882.9658923511,394.813428706404,1241.09288969073,1302.39483123409,1483.79135799119,64016.599034933,-450545.948881743,77.0570173479782,0.225148217806454,8.83787059783936,229.995300292969,229.995300292969,3.10227427882196,3.10227427882196,0.580149527672491,10,17.6550545442425,7.96969975486246
167279.789633612,3,0,165.953102911624,48938.2073417448,394.432458299286,1243.03611527328,1304.13135815607,1485.57885248023,64070.4827859997,-450015.224704665,77.1235912050281,0.223800984603096,8.83191871643066,229.995346069336,229.995346069336,3.10489434203499,3.10489434203499,0.579660008673432,10,17.6131920559567,7.9179382520143
167280.029633612,3,0,165.035714215116,49032.7830889213,393.783432278698,1246.3663839853,1307.1101717349,1488.64446487349,64163.1519153056,-449102.209138297,77.2393725800232,0.221506815076622,8.82172679901123,229.995407104492,229.995407104492,3.10938856124986,3.10938856124986,0.578822208551098,10,17.5418496520497,7.83128516413523
167280.169633612,3,0,164.501183245411,49087.8804545745,393.406854446709,1248.30852430328,1308.84887397481,1490.43347931941,64217.3568335609,-448567.7256766,77.3078244148011,0.220177387053217,8.81578826904297,229.995452880859,229.995452880859,3.1120122535202,3.1120122535202,0.578334251654041,10,17.5004809680293,7.78150123687294
167280.409633611,3,0,163.585892519095,49182.2108780454,392.765335728514,1251.63695167612,1311.83136287503,1493.50165746049,64310.5798626594,-447648.242134422,77.426830397364,0.217912895992738,8.80561923980713,229.995544433594,229.995544433594,3.11651269728639,3.11651269728639,0.577499123259673,10,17.4299908677217,7.69646515383698
167280.649633611,3,0,162.671923364064,49276.387939424,392.128845737038,1254.96417506825,1314.81616458249,1496.57144846987,64404.1799106133,-446724.66445339,77.5479460085524,0.215666295573517,8.79546546936035,229.99560546875,229.99560546875,3.12101754301428,3.12101754301428,0.576665652429358,10,17.3600530758145,7.61215185353981
167280.789633611,3,0,162.139383927795,49331.2541968308,391.759845240853,1256.90449162811,1316.55836077899,1498.36289984052,64458.9529340102,-446184.01119664,77.6195885582966,0.214363538580991,8.78954887390137,229.995651245117,229.995651245117,3.12364677381408,3.12364677381408,0.576180239393347,10,17.3195068167925,7.56339306804998
167281.029633611,3,0,161.227501725782,49425.1908502673,391.131219987453,1260.22980796327,1319.5467597115,1501.4351955023,64553.1512555417,-445253.910025337,77.7440886195321,0.212145195244283,8.77941799163818,229.995712280273,229.995712280273,3.12815709991668,3.12815709991668,0.57534949821492,10,17.2504171718546,7.48038891178065
167281.169633611,3,0,160.696177712379,49479.9177403884,390.766895993032,1262.16901554139,1321.29102940753,1503.22808928915,64608.2832222055,-444709.442536212,77.8177179026275,0.210860220304026,8.77351474761963,229.995758056641,229.995758056641,3.13079030747056,3.13079030747056,0.574865629544504,10,17.2103509515863,7.43241577075188
167281.409633611,3,0,159.786375771273,49573.616937706,390.14608792059,1265.49244119318,1324.28293783606,1506.30282409169,64703.0871421539,-443772.769823159,77.9456403835677,0.208672704458478,8.76340770721436,229.995819091797,229.995819091797,3.13530687103091,3.13530687103091,0.574037592634481,10,17.1421092846723,7.35096020051064
167281.649633611,3,0,158.877884230053,49667.1676836031,389.530116222437,1268.81469066556,1327.27701056607,1509.37906056243,64798.2715398738,-442831.91802462,78.0757329242209,0.20650455160069,8.75331401824951,229.995895385742,229.995895385742,3.13982729641846,3.13982729641846,0.573211108076784,10,17.0743766172749,7.27042684186064
167281.789633611,3,0,158.348534952751,49721.6708444268,389.173069083769,1270.75211280697,1329.02454973343,1511.17422266574,64853.9760340733,-442281.15254075,78.152646134233,0.205248663596722,8.74743366241455,229.995941162109,229.995941162109,3.14246639161518,3.14246639161518,0.572729817544102,10,17.0351184905773,7.22407308374398
167282.029633611,3,0,157.442112856431,49814.9889055884,388.564843033365,1274.07249154528,1332.02199296062,1514.25279368233,64949.7787996092,-441333.650793225,78.286229155577,0.203111199399678,8.7373628616333,229.996002197266,229.996002197266,3.14699285222751,3.14699285222751,0.571905994783044,10,16.9682099925056,7.14529941823426
167282.16963361,3,0,156.913968809601,49869.3571818242,388.212234428918,1276.00883244816,1333.77146996409,1516.04929662717,65005.8412235311,-440778.988404037,78.3651842592816,0.201873209088939,8.73149585723877,229.996017456055,229.996017456055,3.14963517444306,3.14963517444306,0.571426307400511,10,16.9294240259209,7.09993191120394
167282.40963361,3,0,156.009609513008,49962.4454590132,387.611662466065,1279.32735102511,1336.77220414986,1519.13014256474,65102.2668159254,-439824.785300169,78.502304477774,0.199766339837905,8.72144889831543,229.99609375,229.99609375,3.15416809141413,3.15416809141413,0.570605121845916,10,16.8633248289496,7.02284189998761
167282.64963361,3,0,155.118631361209,50055.3906314863,387.02380139704,1282.71313485485,1339.84299907623,1522.28076317399,65200.5417034462,-438848.293819745,78.6483246826998,0.197687399733505,8.01161670684814,229.996154785156,229.996154785156,3.43461153336511,3.43461153336511,0.5240139798041,10,16.7972651256142,6.94911838892484
167282.78963361,3,0,154.634714666691,50109.5425007336,386.67304789883,1284.63652304948,1341.58330380134,1524.06721467071,65256.6257483201,-438290.175423225,78.7287833990895,0.196490532761132,8.00624084472656,229.996200561523,229.996200561523,3.43749132593215,3.43749132593215,0.523575022931026,10,16.7591647240281,6.90998678378937
167283.02963361,3,0,153.806086064412,50202.2600464982,386.073914873663,1287.93327602248,1344.5682003256,1527.13079131664,65352.9591000989,-437329.917311031,78.8681785623382,0.194427667758154,7.99703502655029,229.99626159668,229.99626159668,3.44243118745388,3.44243118745388,0.522823722590212,10,16.6941796752071,6.84452084203366
167283.16963361,3,0,153.323268559236,50256.2791757956,385.726088522087,1289.85603083373,1346.31031535232,1528.91854063839,65409.2968048829,-436767.748902022,78.9504335958408,0.193232699211593,7.99167108535767,229.996292114258,229.996292114258,3.4453148501156,3.4453148501156,0.522386170017742,10,16.6564672999667,6.80547222320152
167283.40963361,3,0,152.496521291838,50348.7709211207,385.133270237425,1293.15147554459,1349.29844425147,1531.98443189484,65506.1704075573,-435800.589272414,79.0931947924094,0.191199577950046,7.9824857711792,229.996353149414,229.996353149414,3.45026171444628,3.45026171444628,0.521637216543231,10,16.5922042951491,6.73587082814125
167283.64963361,3,0,151.670959151755,50441.1215032293,384.545299232307,1296.44594591896,1352.28869499282,1535.05184156296,65603.4578296781,-434829.08818101,79.2382925448952,0.189185833114123,7.97331428527832,229.99641418457,229.99641418457,3.45521283087916,3.45521283087916,0.520889797714659,10,16.528425847857,6.66319287773186
167283.78963361,3,0,151.189927595405,50494.9278864164,384.204675627743,1298.36724804638,1354.03399259712,1536.84186786765,65660.4113412084,-434260.372783584,79.3240482873769,0.188019978596353,7.96796989440918,229.996444702148,229.996444702148,3.4581027341814,3.4581027341814,0.520454473584498,10,16.4914468133419,6.61992392604291
167284.029633609,3,0,150.366237127545,50587.0570276567,383.624981012549,1301.66007227299,1357.027620313,1539.91169103979,65758.411240252,-433281.988803833,79.4730208755866,0.186036582787227,7.9588189125061,229.996505737305,229.996505737305,3.46306085912347,3.46306085912347,0.519709386209678,10,16.428456809506,6.54529549628502
167284.169633609,3,0,149.886295654437,50640.7349460964,383.289188112257,1303.58039770099,1358.77487758434,1541.70311663312,65815.7844859086,-432709.244335426,79.561074808937,0.184888420945565,7.95348691940308,229.996520996094,229.996520996094,3.46595463758043,3.46595463758043,0.519275482450159,10,16.3919518276219,6.50238694852549
167284.409633609,3,0,149.064470924414,50732.6451783815,382.717527866283,1306.87160052106,1361.77178870133,1544.7752822626,65914.4914122625,-431723.916220842,79.7139541020004,0.182935438973719,7.9443564414978,229.996597290039,229.996597290039,3.47091979554761,3.47091979554761,0.518532682955744,10,16.329752070178,6.42996582732924
167284.649633609,3,0,148.24382153835,50824.4186513503,382.150648555822,1310.16182112171,1364.77070498991,1547.84887621889,66013.6287901341,-430734.161856569,79.8692813207238,0.181001311818122,7.93523931503296,229.996658325195,229.996658325195,3.47588895699975,3.47588895699975,0.517791440234387,10,16.2680260409506,6.3590498990473
167284.789633609,3,0,147.76565128874,50877.8904826897,381.822186831877,1312.08065645843,1366.52099136677,1549.64245953235,66071.6605979317,-430154.753700726,79.9610365588977,0.179881899558766,7.92992687225342,229.996673583984,229.996673583984,3.4787896260897,3.4787896260897,0.517359707059796,10,16.232243007225,6.31834136404852
167285.029633609,3,0,146.946858132081,50969.4497977693,381.262767032069,1315.36934969312,1369.52300523598,1552.71825670133,66171.4817084051,-429157.944465373,80.1202568439064,0.177977757973391,7.92083024978638,229.996719360352,229.996719360352,3.48376559832677,3.48376559832677,0.516620770798445,10,16.1712796448564,6.24948993308266
167285.169633609,3,0,146.469768973608,51022.7975634773,380.938614867475,1317.28731442656,1371.2750638887,1554.51309941413,66229.9129706279,-428574.404233792,80.2142764476725,0.176875757611547,7.91553020477295,229.996765136719,229.996765136719,3.48667061295528,3.48667061295528,0.516190374532187,10,16.135921439348,6.20970667503311
167285.409633609,3,0,145.65282628631,51114.1455887165,380.386681454367,1320.57446925376,1374.28010813466,1557.59104687475,66330.4333589249,-427570.491928334,80.3774623728631,0.175001336542005,7.90645408630371,229.996810913086,229.996810913086,3.4916536110497,3.4916536110497,0.515453735290396,10,16.0756839840943,6.14264217963568
167285.649633609,3,0,144.837049280314,51205.3616118133,379.83925320763,1323.8606883604,1377.28700727783,1560.67030862014,66431.3848927087,-426562.055186332,80.543142689698,0.173145784115953,7.89739084243774,229.996871948242,229.996871948242,3.49664108234133,3.49664108234133,0.514718537053019,10,16.0158975904154,6.07665119576421
167285.789633609,3,0,144.36171678765,51258.5104470027,379.522079826459,1325.77720358295,1379.04188664907,1562.46714955203,66490.4808276076,-425971.707158813,80.6409684066243,0.172071840566965,7.89210987091064,229.99690246582,229.99690246582,3.49955277336723,3.49955277336723,0.514290291135169,10,15.9812451424181,6.03858417063939
167286.029633608,3,0,143.54778080964,51349.5197387184,378.981909823934,1329.0619182917,1382.05168450503,1565.54846178595,66592.1361810277,-424956.071217169,80.8106802307915,0.170245686234353,7.88306713104248,229.996948242188,229.996948242188,3.50454727946567,3.50454727946567,0.513557374787048,10,15.9221812586724,5.97417396535662
167286.169633608,3,0,143.073520603762,51402.5487896386,378.668919145388,1330.97756307227,1383.80822996108,1567.34647992334,66651.6427171984,-424361.506022998,80.9108677071413,0.169188877926334,7.87779855728149,229.996963500977,229.996963500977,3.50746262851542,3.50746262851542,0.513130553947443,10,15.8879336286298,5.93694210887313
167286.409633608,3,0,142.26141997416,51493.3541137083,378.135930543856,1334.26078123839,1386.82085253498,1570.42978556908,66754.0099173082,-423338.615344592,81.0846659058411,0.167391814097166,7.86877632141113,229.997024536133,229.997024536133,3.51246461958874,3.51246461958874,0.512399876238186,10,15.8295890114507,5.8738552961773
167286.649633608,3,0,141.450475591189,51584.03201388,377.607423386869,1337.54306199148,1389.83522163065,1573.51432172082,66856.8298291995,-422311.11262314,81.2610712349327,0.165613090910185,7.85976648330688,229.9970703125,229.9970703125,3.51747064747094,3.51747064747094,0.511670627356996,10,15.7716705143873,5.81160034019667
167286.789633608,3,0,140.977957768358,51636.8690432388,377.301187922244,1339.45729336812,1391.59439902129,1575.31419407625,66917.0187549121,-421709.597353527,81.3651881166923,0.164584005191313,7.85451698303223,229.997100830078,229.997100830078,3.52039313070506,3.52039313070506,0.511245899808898,10,15.7380890029848,5.77562113646729
167287.029633608,3,0,140.168839480175,51727.3474064836,376.779734672372,1342.738094986,1394.61147985925,1578.40063755332,67020.5641034195,-420674.746386795,81.5457730846504,0.16283410374891,7.84552812576294,229.997146606445,229.997146606445,3.52540620569957,3.52540620569957,0.510518939995766,10,15.6808769671229,5.71448601872396
167287.169633608,3,0,139.697385233656,51780.0688270343,376.477602651366,1344.65146502235,1396.37222077049,1580.20160853006,67081.1796353862,-420068.928284891,81.6523476133294,0.161821660660022,7.84029006958008,229.997177124023,229.997177124023,3.52833258560188,3.52833258560188,0.510095527278413,10,15.6476966590494,5.67913415427706
167287.409633608,3,0,138.890087414328,51870.3503531691,375.963168998834,1347.93078973455,1399.39194928051,1583.28990991215,67185.4626182053,-419026.673770689,81.8371804354077,0.160100419890576,7.83132123947144,229.997222900391,229.997222900391,3.5333529264779,3.5333529264779,0.509370785537729,10,15.5911548192049,5.6189468023494
167287.649633608,3,0,138.083936487428,51960.5089454928,375.453158929616,1351.20918109895,1402.41331808085,1586.37935993623,67290.2185365205,-417979.715235124,82.024733826531,0.158397043451443,7.82236528396606,229.997268676758,229.997268676758,3.53837797301836,3.53837797301836,0.508647454867529,10,15.5350430276851,5.55930167141024
167287.789633608,3,0,137.614210522242,52013.0451137148,375.157695530964,1353.12114511246,1404.17653190552,1588.18206286039,67351.5470050052,-417366.808204578,82.1354087591197,0.157411649301839,7.81714677810669,229.997299194336,229.997299194336,3.5413117377933,3.5413117377933,0.508226110712043,10,15.5025151232514,5.5247056399709
167288.029633607,3,0,136.809870958096,52103.0112554218,374.654689362605,1356.39805837206,1407.20045233203,1591.2732967817,67457.06449834,-416312.356418061,82.3273340826294,0.155736530449502,7.8082103729248,229.997344970703,229.997344970703,3.54634384531615,3.54634384531615,0.507504952913657,10,15.447077341666,5.46570837520005
167288.169633607,3,0,136.341200012976,52155.4359446641,374.363313063384,1358.30915850959,1408.96513749925,1593.07702692816,67518.8419487601,-415695.062721049,82.4405829759263,0.154767443015884,7.80300378799438,229.997360229492,229.997360229492,3.54928127836584,3.54928127836584,0.507084974688356,10,15.4149379516436,5.43144103095061
167288.409633607,3,0,135.538666286235,52245.2123239946,373.867322057775,1361.58458685572,1411.99155179282,1596.16999947528,67625.1378622486,-414633.064154607,82.6369633919922,0.153120114946125,7.7940878868103,229.997406005859,229.997406005859,3.55432066717551,3.55432066717551,0.506366042977629,10,15.3601570490396,5.37289423100686
167288.649633607,3,0,134.737270225123,52334.8702395823,373.375776893011,1364.8590741803,1415.01951446497,1599.26404947635,67731.9350914261,-413566.271238411,82.8362034968965,0.151490295817014,7.78518438339233,229.997451782227,229.997451782227,3.55936477256378,3.55936477256378,0.5056484769151,10,15.3058118741105,5.31459302303925
167288.789633607,3,0,134.270313707727,52387.1164124794,373.091100931336,1366.76875655861,1416.78653349076,1601.06940378522,67794.4680961232,-412941.752659612,82.953762157951,0.150547575843148,7.77999639511108,229.997467041016,229.997467041016,3.56230913471878,3.56230913471878,0.505230550938425,10,15.274295709621,5.28065714617975
167289.029633607,3,0,133.470714558969,52476.5889682919,372.606627456816,1370.04174928687,1419.81690855293,1604.16512976005,67902.0754478516,-411867.324310468,83.1576064877809,0.148945130631543,7.77111291885376,229.997512817383,229.997512817383,3.56736053209006,3.56736053209006,0.50451516592201,10,15.2206065050921,5.22257379998415
167289.169633607,3,0,133.004804652914,52528.7277953664,372.326229663338,1371.95054034615,1421.58532839817,1605.97145561043,67965.0984544416,-411238.344639415,83.2778990243119,0.148018268355918,7.76593685150146,229.997528076172,229.997528076172,3.57030925891391,3.57030925891391,0.504098525159125,10,15.189475453396,5.18883032186531
167289.409633607,3,0,132.206996897866,52618.0175716527,371.849067686736,1375.2219924157,1424.61808272641,1609.06882918961,68073.552778859,-410156.239504466,83.4864876370853,0.146442964250355,7.75707340240479,229.997573852539,229.997573852539,3.57536795333231,3.57536795333231,0.503385312824727,10,15.1364420131872,5.13214422656075
167289.649633607,3,0,131.410317782814,52707.1932551399,371.376272267664,1378.49250459062,1427.65229215063,1612.16720839638,68182.5307111553,-409069.241604049,83.6980747142264,0.144884662994002,7.74822235107422,229.997604370117,229.997604370117,3.5804311372744,3.5804311372744,0.502673485492193,10,15.0838154517831,5.07666260652809
167289.789633606,3,0,130.946108652039,52759.160162428,371.102585850561,1380.39986887558,1429.42291158698,1613.97505448324,68246.3535038871,-408432.896780679,83.8228999085471,0.143983345054016,7.74306535720825,229.997619628906,229.997619628906,3.58338680733296,3.58338680733296,0.502258906787306,10,15.0533058396482,5.04462981069792
167290.029633606,3,0,130.151212139756,52848.1574094925,370.636658381306,1383.66891158004,1432.4593709954,1617.07498539872,68356.1712934617,-407338.102683478,84.0392824324368,0.142451579348808,7.73423385620117,229.997665405273,229.997665405273,3.58845753502022,3.58845753502022,0.501549174103727,10,15.0013149630401,4.99056673164833
167290.169633606,3,0,129.688041285357,52900.0210007544,370.366917029872,1385.57542119779,1434.23128655606,1618.88372421883,68420.4842994179,-406697.18928384,84.1669281305718,0.141565693548377,7.729088306427,229.997695922852,229.997695922852,3.59141781758312,3.59141781758312,0.501135803602286,10,14.9711709191063,4.95929664064321
167290.409633606,3,0,128.894921964488,52988.8424692949,369.907911895904,1388.84299088678,1437.26994571933,1621.98516795825,68531.1646376383,-405594.544350458,84.3882006849889,0.140060152510615,7.72027683258057,229.99772644043,229.99772644043,3.59649584123047,3.59649584123047,0.500428254825454,10,14.9198055834799,4.90631716517443
167290.649633606,3,0,128.102922351859,53077.5542541427,369.453271740033,1392.10962470086,1440.30996896938,1625.0875472211,68642.3987920413,-404486.910760583,84.6126148490048,0.138570957333053,7.71147775650024,229.997772216797,229.997772216797,3.60157860289445,3.60157860289445,0.499722043813813,10,14.8688322148962,4.85411730003699
167290.789633606,3,0,127.641438821462,53129.2525489605,369.190002262864,1394.01474176155,1442.08393103223,1626.89768983088,68707.5376739275,-403838.473173379,84.7449722732222,0.137709838525841,7.70635080337524,229.997772216797,229.997772216797,3.60454560496187,3.60454560496187,0.499310716928622,10,14.8392793737061,4.82406255542977
167291.029633606,3,0,126.8512077233,53217.7927915764,368.742066127944,1397.27992727682,1445.12605556368,1630.0015071581,68819.6471278993,-402722.879923228,84.9743945767811,0.13624630080476,7.69757175445557,229.997817993164,229.997817993164,3.60963615030267,3.60963615030267,0.498606610070974,10,14.7889141642626,4.77293011808884
167291.169633606,3,0,126.390754281838,53269.3917905824,368.482741673416,1399.18419342155,1446.90123219222,1631.81247969233,68885.3050516694,-402069.783965943,85.1097092531719,0.135400011780835,7.69245624542236,229.997848510742,229.997848510742,3.61260777606802,3.61260777606802,0.498196479041329,10,14.7597262820382,4.74331933542679
167291.409633606,3,0,125.602286434308,53357.7631048546,368.041565579068,1402.44791953214,1449.94541419936,1634.91770067994,68998.3138329407,-400946.175152235,85.344250320184,0.133961675577582,7.68369626998901,229.99787902832,229.99787902832,3.61770539395729,3.61770539395729,0.497494505728852,10,14.7099756888978,4.69289669529066
167291.649633606,3,0,124.81492947055,53446.0290424805,367.604707398208,1405.71071390632,1452.99087450845,1638.02379118307,69111.9049023429,-399817.47626909,85.582087322434,0.132539149234523,7.67494916915894,229.997909545898,229.997909545898,3.62280824099365,3.62280824099365,0.496793821653229,10,14.6606039178875,4.64300370858085
167291.789633605,3,0,124.356150109684,53497.4692542751,367.351818050142,1407.61358794496,1454.7679711963,1639.83606985091,69178.4343554508,-399156.705404332,85.7223531134697,0.131716586376192,7.6698522567749,229.997924804688,229.997924804688,3.62578682348142,3.62578682348142,0.496385713850209,10,14.6319711405804,4.61412484872543
167292.029633605,3,0,123.570547820195,53585.5704573334,366.92171226437,1410.87491940574,1457.81540937743,1642.94350218156,69292.9570011706,-398019.892796222,85.9654748123687,0.130318635521473,7.66112422943115,229.997970581055,229.997970581055,3.63089699239094,3.63089699239094,0.495687117200818,10,14.5832064784371,4.56494942105778
167292.169633605,3,0,123.112790468108,53636.9153192532,366.672761386126,1412.77693997178,1459.59364664391,1644.75655348667,69360.0358868855,-397354.37103174,86.1088541201279,0.129510364390826,7.65603876113892,229.997970581055,229.997970581055,3.63387996843496,3.63387996843496,0.495280226078918,10,14.5549243923783,4.53651333903498
167292.409633605,3,0,122.328937622581,53724.8543553354,366.249356761979,1416.03681585204,1462.64301267793,1647.86528961212,69475.5066965419,-396209.380433442,86.3573556261397,0.128136667449881,7.64733028411865,229.998016357422,229.998016357422,3.63899794694434,3.63899794694434,0.494583674037261,10,14.5067404449866,4.48804663663841
167292.649633605,3,0,121.546186997292,53812.6923066089,365.830256578362,1419.29576529598,1465.69357346903,1650.97483088552,69591.5933931067,-395059.198457404,86.6093168847914,0.126778001534905,7.63863372802734,229.998046875,229.998046875,3.64412067141933,3.64412067141933,0.493888435276226,10,14.4589386199063,4.43986805221881
167292.789633605,3,0,121.090090670149,53863.8848144665,365.58777529685,1421.19637443685,1467.47361986828,1652.78910145561,69659.5990492332,-394385.852103021,86.7579317703201,0.125992322954714,7.63356685638428,229.998062133789,229.998062133789,3.64711108783764,3.64711108783764,0.493483514611739,10,14.4312197938356,4.41211108720443
167293.029633605,3,0,120.309081066685,53951.5647616786,365.1753848115,1424.45385431437,1470.52603738527,1655.89989056244,69776.6699602982,-393227.392695672,87.0154651047613,0.124657110351495,7.62488985061646,229.998107910156,229.998107910156,3.65224114998968,3.65224114998968,0.492790373286892,10,14.3839890197422,4.36487995878253
167293.169633605,3,0,119.853998829099,54002.6658707372,364.936786018627,1426.35362276176,1472.30714512927,1657.71487317895,69845.2535477984,-392549.198004995,87.1673402650231,0.123885028253887,7.61983394622803,229.998107910156,229.998107910156,3.65523621316107,3.65523621316107,0.492386593800518,10,14.3566076036927,4.33743528958892
167293.409633605,3,0,119.074725057387,54090.1904252665,364.531130574395,1429.60963264683,1475.36137096796,1660.82687234996,69963.3331797963,-391382.401648513,87.4305548903159,0.122572946029661,7.61117649078369,229.998153686523,229.998153686523,3.66037434692691,3.66037434692691,0.49169544410774,10,14.3099663031274,4.29059664609161
167293.649633604,3,0,118.296545016721,54177.6181390266,364.129788075364,1432.86470263025,1478.41672088705,1663.93962113151,70082.0668213858,-390210.311727758,87.6974320188502,0.121275045934104,7.60253095626831,229.998168945313,229.998168945313,3.66551699512796,3.66551699512796,0.491005627297254,4.26366698010669,14.2636669801067,4.24423538041708
167293.789633604,3,0,117.843110916065,54228.5717402769,363.917122651278,1434.76128745379,1480.20019024459,1665.75612441151,70153.2917586549,-389525.546878302,87.8570651605284,0.120524466847536,7.59749364852905,229.998199462891,229.998199462891,3.66851951067288,3.66851951067288,0.490603801414655,4.23702408472114,14.2370240847211,4.23520908034055
167294.029633604,3,0,117.066658399008,54315.7876558583,363.673769773234,1437.98379873249,1483.26493836106,1668.87329070566,70285.986680347,-388356.723349421,88.1653101175125,0.119249226727916,7.5888671875,229.99821472168,229.99821472168,3.67366916131834,3.67366916131834,0.489916088932964,4.197246286343,14.197246286343,4.7926281007335
167294.169633604,3,0,116.614230461981,54366.5852956668,363.454749969044,1439.87738312693,1485.0494093406,1670.69022668928,70356.9989068357,-387666.473625009,88.3305103784713,0.118511509568683,7.58384084701538,229.998229980469,229.998229980469,3.67667532987486,3.67667532987486,0.489515560153759,4.17184489584746,14.1718448958475,5.41935878174832
167294.409633604,3,0,115.839500043766,54453.5631884851,362.952833285511,1443.14421949083,1488.09753096096,1673.79747077316,70468.0466609295,-386470.822194687,88.5853239796475,0.117256260938802,7.57523345947266,229.998260498047,229.998260498047,3.68183199401172,3.68183199401172,0.488829954235956,4.12323285314089,14.1232328531409,6.60627870960274
167294.649633604,3,0,115.065854552246,54540.4245349137,362.334235245677,1446.42576066992,1491.13148602736,1676.89363525279,70569.1240288373,-385263.551673336,88.8135869665419,0.116012875603761,7.56663846969604,229.998275756836,229.998275756836,3.68699337830423,3.68699337830423,0.4881457016146,4.06997584846728,14.0699758484673,7.64906429893901
167294.789633604,3,0,114.615061562387,54591.0395362132,361.941556217392,1448.3430174945,1492.89669280666,1678.69590467995,70625.354688587,-384555.328607141,88.9396833050253,0.115293294212438,7.56163024902344,229.998306274414,229.998306274414,3.69000653566265,3.69000653566265,0.487747105131817,4.03765994202178,14.0376599420218,8.13441909528408
167295.029633604,3,0,113.843129673811,54677.7071039336,361.238049309426,1451.63193455638,1495.91820195838,1681.78156087324,70719.1578365355,-383335.548342934,89.1497463855873,0.114070225409515,7.55305433273315,229.998321533203,229.998321533203,3.69517499093628,3.69517499093628,0.48706491840728,3.98115048752679,13.9811504875268,8.7565106197378
167295.169633604,3,0,113.393334754017,54728.1994410545,360.817729371039,1453.55099639624,1497.67936054139,1683.5802675248,70773.0404983311,-382620.99331244,89.2706971391826,0.113363074743843,7.54805707931519,229.998352050781,229.998352050781,3.69819237362032,3.69819237362032,0.48666752999257,3.9478561874391,13.9478561874391,9.01487069671283
167295.409633604,3,0,112.623111238079,54814.6392786687,360.089494125552,1456.84094797421,1500.69779006516,1686.66301185605,70864.7995201192,-381391.179335127,89.4777701309218,0.112161889881276,7.53950023651123,229.99836730957,229.99836730957,3.70336796097894,3.70336796097894,0.485987455387978,3.89063748923722,13.8906374892372,9.32543603471342
167295.649633603,3,0,111.853963978596,54900.9202202136,359.35702629709,1460.13067667953,1503.71639691733,1689.74570522123,70956.271611676,-380155.369413442,89.6859895939345,0.110974756299713,7.53095531463623,229.998397827148,229.998397827148,3.70854779069456,3.70854779069456,0.485308694432748,3.83345212233924,13.8334521223392,9.52360973979443
167295.789633603,3,0,111.405790896672,54951.1741800827,358.928761000247,1462.04952319191,1505.47753649848,1691.54409438967,71009.5840850722,-379431.724952636,89.8082623495912,0.110288675713219,7.52597618103027,229.998413085938,229.998413085938,3.71157123936273,3.71157123936273,0.484913374960142,3.80016862577675,13.8001686257767,9.60727759553877
167296.029633603,3,0,110.638343292647,55037.1888082366,358.19304582459,1465.33870276154,1508.49718496486,1694.62736375109,71100.9130955553,-378186.443887929,90.0193463453264,0.109123417473716,7.51744985580444,229.998428344727,229.998428344727,3.71675746298938,3.71675746298938,0.484236777182416,3.74323855689197,13.743238556892,9.71905045007622
167296.169633603,3,0,110.191160106757,55087.2840247701,357.762787264761,1467.25724953062,1510.25894210162,1696.42610087357,71154.1348897998,-377457.241177219,90.1433033835028,0.108449972381797,7.51248168945313,229.998458862305,229.998458862305,3.71978492464958,3.71978492464958,0.483842679965462,3.71009450666435,13.7100945066643,9.77293113511426
167296.409633603,3,0,109.425406773655,55173.0227589359,357.022907006983,1470.54597738589,1513.27953178838,1699.50987044041,71245.2436949739,-376202.3607161,90.3571238495191,0.10730602049486,7.50397443771362,229.998474121094,229.998474121094,3.72497764737724,3.72497764737724,0.483168253143898,3.65337772458686,13.6533777245869,9.85424232206791
167296.649633603,3,0,108.660720731726,55258.5848563303,356.27980639527,1473.83446096374,1516.30060892963,1702.59386643811,71336.1619987664,-374941.35455761,90.5725496118725,0.106175221045399,7.49547863006592,229.998504638672,229.998504638672,3.73017435456881,3.73017435456881,0.482495127584634,3.59677242192278,13.5967724219228,9.92628166056912
167296.789633603,3,0,108.215145905606,55308.4140759879,355.844830616746,1475.75263035059,1518.0631227853,1704.39296344228,71389.1088526059,-374202.925062202,90.698958713925,0.105521469195755,7.49052858352661,229.998519897461,229.998519897461,3.73320772018226,3.73320772018226,0.482103127753167,3.56379614814161,13.5637961481416,9.96483285129269
167297.029633603,3,0,107.452145336955,55393.6944773413,355.096759740547,1479.04071544941,1521.08497435157,1707.47732067021,71479.7389174666,-372932.15678971,90.9169916280517,0.104410798310158,7.48205184936523,229.998550415039,229.998550415039,3.73841080995687,3.73841080995687,0.481432173655172,3.50736243430836,13.5073624343084,10.0251796195165
167297.169633603,3,0,107.007552138959,55443.3588436469,354.659126276252,1480.95863404968,1522.84797616852,1709.27665921414,71532.5401829771,-372188.017118239,91.0449994842164,0.103768672530371,7.47711229324341,229.998550415039,229.998550415039,3.74144757663855,3.74144757663855,0.481041430821721,3.47450781501506,13.4745078150151,10.056920965215
167297.409633602,3,0,106.246231659051,55528.3558954676,353.90708958371,1484.24624715963,1525.87075677398,1712.36150937158,71622.9757878062,-370907.438049692,91.2659555351971,0.102677508357283,7.4686541557312,229.998565673828,229.998565673828,3.74665675151725,3.74665675151725,0.480372646778342,3.41828178599728,13.4182817859973,10.1052356609624
167297.649633602,3,0,105.485969498327,55613.1733605762,353.153262767228,1487.5335184175,1528.89424344891,1715.44677354503,71713.3558608626,-369620.641934396,91.4889795338975,0.10159837489774,7.46020793914795,229.998580932617,229.998580932617,3.75186981516077,3.75186981516077,0.479705222773109,3.36221674396489,13.3622167439649,10.1456994261269
167297.789633602,3,0,105.042971135064,55662.567126435,352.712941265312,1489.45092106532,1530.65830829592,1717.2467350655,71766.0745325475,-368867.133892834,91.620105163527,0.100974230924872,7.45528602600098,229.998611450195,229.998611450195,3.75491310185969,3.75491310185969,0.479316445078909,3.32958848983337,13.3295884898334,10.1657398089666
167298.029633602,3,0,104.284380319081,55747.0994984037,351.957470630977,1492.73758082515,1533.68310926172,1720.33282421948,71856.4806008472,-367570.462301097,91.8467799518363,0.0999134960020984,7.44685840606689,229.998626708984,229.998626708984,3.76013242961086,3.76013242961086,0.478651153696469,3.27381765800384,13.2738176580038,10.1943672120545
167298.169633602,3,0,103.842355329444,55796.3267505668,351.516581799376,1494.65460532945,1535.44800709176,1722.13332458904,71909.2525745864,-366811.1807068,91.9801656082543,0.0992999118960803,7.44194746017456,229.998657226563,229.998657226563,3.76317930020325,3.76317930020325,0.478263626666421,3.2413732228852,13.2413732228852,10.207942670312
167298.409633602,3,0,103.085430513903,55880.5734095763,350.760729818839,1497.94058475942,1538.47433255179,1725.22042157753,71999.8087991872,-365504.586753924,92.2109192160495,0.098256761676755,7.43353843688965,229.998672485352,229.998672485352,3.76840484596182,3.76840484596182,0.477600495556243,3.18593056643407,13.1859305664341,10.2265008881364
167298.649633602,3,0,102.32955515955,55964.6394608883,350.005147551504,1501.22610920549,1541.5017034216,1728.30822765111,72090.5121529046,-364191.696661061,92.4444376338973,0.0972244408023248,7.42514038085938,229.998672485352,229.998672485352,3.77363446756046,3.77363446756046,0.476938624764227,3.13071755276022,13.1307175527602,10.2398477595915
167298.789633602,3,0,101.889111674067,56013.5945742138,349.564642148851,1503.14244937032,1543.26817274304,1730.10979327301,72143.5038807214,-363422.926457798,92.581985014971,0.096627015352423,7.42024755477905,229.99870300293,229.99870300293,3.77668726835278,3.77668726835278,0.476553147237033,3.09861902680031,13.0986190268003,10.2455584667828
167299.029633602,3,0,101.134893649915,56097.3746610465,348.810109450573,1506.42722554326,1546.29729447847,1733.19880717141,72234.5073415359,-362100.014791204,92.8201369652963,0.0956110665112013,7.41186809539795,229.998718261719,229.998718261719,3.7819230638053,3.7819230638053,0.475893397403424,3.0437932258572,13.0437932258572,10.2523398358252
167299.169633602,3,0,100.695415390847,56146.1630166883,348.370394912694,1508.34312125015,1548.06481090341,1735.00110052365,72287.6943910177,-361325.37839663,92.9604689252414,0.0950230841806682,7.40698575973511,229.998718261719,229.998718261719,3.7849791389057,3.7849791389057,0.475509195811398,3.011921496677,13.011921496677,10.2547792124732
167299.409633601,3,0,99.9428494062392,56229.6574040303,347.61747676661,1511.62712341015,1551.0957624292,1738.09139348555,72379.0634090183,-359992.374727476,93.2035246883737,0.0940226782307681,7.39862489700317,229.998748779297,229.998748779297,3.79022157525426,3.79022157525426,0.474851530079303,2.9575002757081,12.9575002757081,10.2567061075768
167299.649633601,3,0,99.191324118701,56312.9715995982,346.865810823409,1514.91062686783,1554.12789750314,1741.18252001334,72470.6922376589,-358652.958954831,93.4498027521373,0.0930317660299378,7.39027547836304,229.998764038086,229.998764038086,3.79546778388452,3.79546778388452,0.474195209890983,2.90332742720713,12.9033274272071,10.2563204022524
167299.789633601,3,0,98.7534141203811,56361.4884326729,346.427976097822,1516.82577096628,1555.8971950906,1742.98606737527,72524.2702241091,-357868.659822838,93.5949884644152,0.0924579510137158,7.38541030883789,229.998779296875,229.998779296875,3.79852997051739,3.79852997051739,0.473812951804186,2.8718562656087,12.8718562656087,10.2551771047724
167300.029633601,3,0,98.0035322893181,56444.5178619362,345.678566632815,1520.10847335353,1558.93123043114,1746.07853904497,72616.3483567701,-356519.027729613,93.8465470989583,0.0914812690954324,7.37707901000977,229.998809814453,229.998809814453,3.80378253850253,3.80378253850253,0.473158676041438,2.81811246701412,12.8181124670141,10.2519618544506
167300.169633601,3,0,97.5665794774929,56492.868800884,345.24213323492,1522.02314730568,1560.70164486418,1747.88287933444,72670.2010161998,-355728.745521431,93.9948758842955,0.0909155588817922,7.37222480773926,229.998809814453,229.998809814453,3.80684821328546,3.80684821328546,0.47277768403519,2.78688603317461,12.7868860331746,10.2494536216261
167300.409633601,3,0,96.8183359128308,56575.6142556248,344.495257344176,1525.30503860822,1563.73760116234,1750.97671734578,72762.7704544237,-354368.81672904,94.2519226314047,0.0899522122204677,7.3639121055603,229.998825073242,229.998825073242,3.81210710696951,3.81210710696951,0.472125540122354,2.73356434592729,12.7335643459273,10.2442290468913
167300.649633601,3,0,96.0711243481763,56658.1808556755,343.750052101714,1528.58641533293,1566.77476776579,1754.07141740945,72855.6655041765,-353002.340699504,94.5125254892682,0.0889969695963214,7.35561037063599,229.99885559082,229.99885559082,3.81736999662634,3.81736999662634,0.47147463847578,2.68050759656623,12.6805075965662,10.2377528254362
167300.789633601,3,0,95.6357267213298,56706.2622629858,343.316109503025,1530.50031449582,1568.54699974521,1755.87705119333,72910.006363621,-352202.191737751,94.6662047122709,0.0884434214435364,7.35077333450317,229.99885559082,229.99885559082,3.82044147674842,3.82044147674842,0.471095606551657,2.64969001267848,12.6496900126785,10.2334877562265
167301.029633601,3,0,94.8901449808235,56788.5464540737,342.573781297973,1533.78086723684,1571.58610115668,1758.97313480692,73003.4532109734,-350825.283112289,94.9326214390451,0.0875021826461112,7.34249019622803,229.998870849609,229.998870849609,3.825710662062,3.825710662062,0.470446826638443,2.59707834320641,12.5970783432064,10.2257650417528
167301.169633601,3,0,94.4556965474892,56836.4634160383,342.141769855911,1535.69427590381,1573.359497699,1760.77960780983,73058.1452182082,-350019.029574509,95.0898049777597,0.0869577062546307,7.33766317367554,229.998901367188,229.998901367188,3.82878636124431,3.82878636124431,0.470068896441595,2.56650974880132,12.5665097488013,10.2210303156176
167301.4096336,3,0,93.7117394410568,56918.4662479496,341.402441725461,1538.97399827905,1576.40052977072,1763.87707441908,73152.1740171864,-348631.602107591,95.3622276757957,0.0860322946596431,7.3293981552124,229.998901367188,229.998901367188,3.83406157694271,3.83406157694271,0.469422201400388,2.51433017971976,12.5143301797198,10.2126259777113
167301.6496336,3,0,92.968805785091,57000.2919553788,340.665064267583,1542.25319614642,1579.44276202385,1766.97539930983,73246.5855093722,-347237.486410554,95.6385187986321,0.0851168311547913,7.32114410400391,229.998916625977,229.998916625977,3.83934075703256,3.83934075703256,0.468776738458495,2.46242292608522,12.4624229260852,10.2039139722076
167301.7896336,3,0,92.5358996218993,57047.9419913733,340.236009737414,1544.16581137781,1581.21798163217,1768.78317830002,73301.8560742304,-346421.154582618,95.8015560922735,0.0845873413684242,7.31633472442627,229.998931884766,229.998931884766,3.84242246097639,3.84242246097639,0.468400814698803,2.43226624832245,12.4322662483224,10.1988857460373
167302.0296336,3,0,91.7945822181044,57129.4881698131,339.501798826765,1547.44417353814,1584.26211437456,1771.8828648341,73396.8972296929,-345016.37698894,96.0841426658695,0.0836874781968598,7.30809879302979,229.998931884766,229.998931884766,3.84770789216453,3.84770789216453,0.467757426271633,2.38079145303449,12.3807914530345,10.1901557435228
167302.1696336,3,0,91.3626173828472,57176.9755092808,339.074487806317,1549.35630679277,1586.03840624584,1773.69140730776,73452.5311514223,-344193.796034522,96.250856791268,0.0831670830229182,7.30329990386963,229.998962402344,229.998962402344,3.85079328764571,3.85079328764571,0.467382656582779,2.35088960141381,12.3508896014138,10.1849386975052
167302.4096336,3,0,90.6229111752593,57258.2433414686,338.343532256592,1552.63382729234,1589.08443052581,1776.79245058684,73548.2310503757,-342778.267576341,96.5399404173114,0.0822826547952672,7.295081615448,229.998977661133,229.998977661133,3.85608495784193,3.85608495784193,0.466741274761219,2.29984610206077,12.2998461020608,10.1763477202339
167302.6496336,3,0,89.884219955769,57339.336003087,337.61463652918,1555.91082033425,1592.13161109284,1779.89431879994,73644.3583431942,-341355.901680143,96.8331794766648,0.0814079988251066,7.28687477111816,229.998977661133,229.998977661133,3.86138106839161,3.86138106839161,0.466101145321925,2.24907213580536,12.2490721358054,10.1678207985919
167302.7896336,3,0,89.4537846568675,57386.5593247676,337.190443380801,1557.82214975507,1593.90969022281,1781.70414350531,73700.6377745395,-340523.017431104,97.0062286230618,0.0809022033263853,7.2820930480957,229.999008178711,229.999008178711,3.86447268512291,3.86447268512291,0.465728304760805,2.21958879839222,12.2195887983922,10.1631872216039
167303.0296336,3,0,88.7166963857917,57467.3756045696,336.46472047744,1561.09830300617,1596.95868482815,1784.80730536542,73797.4510953464,-339089.748058672,97.3062065107352,0.0800378551916013,7.27390384674072,229.999008178711,229.999008178711,3.86977500716527,3.86977500716527,0.465090202677235,2.16924639243962,12.1692463924396,10.1550452710309
167303.169633599,3,0,88.2871946766517,57514.4380643027,336.042385536889,1563.00914339342,1598.73781474683,1786.61787923163,73854.1380223722,-338250.47563186,97.4832402210052,0.079523152675763,7.26913213729858,229.9990234375,229.9990234375,3.87287003067562,3.87287003067562,0.464718538022673,2.14000112229927,12.1400011222993,10.150575890415
167303.409633599,3,0,87.5517043047321,57594.9791865608,335.319984289815,1566.28445926307,1601.78862473523,1789.72233981643,73951.6746672888,-336806.209853142,97.7901789007816,0.0786458107784297,7.26096105575562,229.999053955078,229.999053955078,3.87817855080321,3.87817855080321,0.464082456537627,2.09007388686128,12.0900738868613,10.142833473428
167303.649633599,3,0,86.8172205792402,57675.34712515,334.599575836476,1569.55924356393,1604.84056029778,1792.82760342977,74049.6699096495,-335354.948442599,98.101605642562,0.0777749978005837,7.25280094146729,229.999053955078,229.999053955078,3.88349174668501,3.88349174668501,0.463447556062231,2.04041966067993,12.0404196606799,10.1356912615087
167303.789633599,3,0,86.389235813485,57722.1486769601,334.180255937217,1571.46929074691,1606.621357609,1794.63936248005,74107.0491387777,-334505.133857769,98.2853524003067,0.0772701146534693,7.24804639816284,229.999069213867,229.999069213867,3.88659269986266,3.88659269986266,0.463077804716831,2.01157615201444,12.0115761520144,10.1314585951822
167304.029633599,3,0,85.6563418466451,57802.2434626354,333.463258324858,1574.74322835294,1609.6750572369,1797.74588369733,74205.8151062547,-333042.727156294,98.6040577545082,0.0764098690497618,7.23990392684937,229.999069213867,229.999069213867,3.89191180910109,3.89191180910109,0.4624449458215,1.96234064428312,11.9623406442831,10.124826527411
167304.169633599,3,0,85.2292829861229,57848.8860173933,333.045851524495,1576.65278183521,1611.45686495528,1799.55836071295,74263.6435826059,-332186.381544964,98.7920926943422,0.0759111863647069,7.23515939712524,229.999099731445,229.999099731445,3.89501691518236,3.89501691518236,0.46207629934313,1.9337418085135,11.9337418085135,10.1210541084188
167304.409633599,3,0,84.4979738493761,57928.708919344,332.331923176284,1579.92587666443,1614.51224136211,1802.66606527789,74363.171471018,-330712.725962904,99.1181854394129,0.075061793384839,7.22703456878662,229.999099731445,229.999099731445,3.90034243883395,3.90034243883395,0.461445414295993,1.88491439457965,11.8849143945797,10.1145618531594
167304.649633599,3,0,83.7676630777369,58008.3607281731,331.620167266841,1583.19842939465,1617.56869919619,1805.77453801471,74463.2168435507,-329231.923955518,99.4491168157104,0.0742194238884197,7.21892118453979,229.999114990234,229.999114990234,3.90567210194779,3.90567210194779,0.460815761355063,1.8363473340099,11.8363473340099,10.108335501577
167304.789633599,3,0,83.342108741972,58054.745471476,331.205928537194,1585.10717008702,1619.35211011248,1807.588149361,74521.8147595758,-328364.805903796,99.6443991841439,0.0737313808546765,7.21419334411621,229.999114990234,229.999114990234,3.9087828394663,3.9087828394663,0.460449043507839,1.80813826483669,11.8081382648367,10.1048220735129
167305.029633598,3,0,82.6133747202714,58134.1273568164,330.497476223048,1588.37886262952,1622.41023582396,1810.69780121168,74622.6877044876,-326872.607177471,99.9831363771998,0.0729003362032494,7.20609712600708,229.999130249023,229.999130249023,3.91411915054716,3.91411915054716,0.459821324114943,1.7599854284433,11.7599854284433,10.0994422399506
167305.169633598,3,0,82.1887387124992,58180.3550089917,330.085108533606,1590.28710086641,1624.19460276853,1812.51208614248,74681.7706525647,-325998.811697131,100.183022953233,0.0724189495976233,7.20137929916382,229.999130249023,229.999130249023,3.91723376215123,3.91723376215123,0.459455732367156,1.73201041712846,11.7320104171285,10.0963900845309
167305.409633598,3,0,81.4615765524115,58259.4682773115,329.379825245032,1593.55793617704,1627.25432378701,1815.62285573677,74783.4850295465,-324495.115836266,100.529713136426,0.0715994674853044,7.19330072402954,229.999160766602,229.999160766602,3.92257671014052,3.92257671014052,0.45882994037135,1.68426292545149,11.6842629254515,10.0912045251679
167305.649633598,3,0,80.735404663866,58338.4125273165,328.676667360994,1596.82822386884,1630.31506164566,1818.73434063504,74885.7577764695,-322984.112498028,100.881586640234,0.0707874072615706,7.1852331161499,229.999160766602,229.999160766602,3.9279232532282,3.9279232532282,0.458205431490287,1.63677072916677,11.6367707291668,10.0862376954967
167305.789633598,3,0,80.3122609231562,58384.385484462,328.267428733624,1598.7356392604,1632.10094867335,1820.54969276821,74945.6748543446,-322099.302409025,101.089262713871,0.0703171669203145,7.18053197860718,229.999176025391,229.999176025391,3.93104423890414,3.93104423890414,0.457841661483503,1.60917997766396,11.609179977664,10.0834229710976
167306.029633598,3,0,79.5876529233574,58463.063122288,327.567628280696,1602.00505803818,1635.1632696131,1823.66228859211,75048.8548883164,-320576.648321407,101.44952961518,0.0695170350469238,7.17248153686523,229.999176025391,229.999176025391,3.93639739530723,3.93639739530723,0.457219070185285,1.56208324790245,11.5620832479025,10.0789808673214
167306.169633598,3,0,79.1654200473939,58508.8809165282,327.160321643552,1603.91196577783,1636.9500657541,1825.478276763,75109.3072515384,-319685.012750221,101.662162447254,0.0690537504557563,7.16779088973999,229.999206542969,229.999206542969,3.9395222348469,3.9395222348469,0.456856417183195,1.53473147000673,11.5347314700067,10.0765489128351
167306.409633598,3,0,78.4423711955376,58587.2932153078,326.463731313736,1607.18051388558,1640.01391008009,1828.59193303692,75213.4098230554,-318150.606326032,102.031015052053,0.0682656585286645,7.15975761413574,229.999206542969,229.999206542969,3.94488199198877,3.94488199198877,0.456235737512994,1.48803222471186,11.4880322247119,10.0724529124539
167306.649633598,3,0,77.7203045417745,58665.5385912299,325.769236071239,1610.44851015689,1643.07871311856,1831.70625743305,75318.1180242598,-316608.72776617,102.405437492179,0.0674852855101318,7.15173578262329,229.999221801758,229.999221801758,3.95024584110658,3.95024584110658,0.45561627020891,1.44158253312949,11.4415825331295,10.06845591626
167306.789633598,3,0,77.2995518159945,58711.104834532,325.365134906977,1612.35458461104,1644.86696182399,1833.52325927818,75379.4880786675,-315705.833686943,102.626479643388,0.0670336187925855,7.14706134796143,229.999221801758,229.999221801758,3.95337649791056,3.95337649791056,0.455255484584734,1.41460557347764,11.4146055734776,10.066260421456
167307.029633597,3,0,76.579036404363,58789.0869297654,324.673986851702,1615.62170330383,1647.93326211403,1836.63862513824,75485.1847011971,-314152.044032116,103.009938416842,0.0662654763855327,7.13905620574951,229.999252319336,229.999252319336,3.95874718806352,3.95874718806352,0.454637858710709,1.36854487943991,11.3685448794399,10.0626528175467
167307.169633597,3,0,76.1591872141934,58834.4999642199,324.271841877877,1617.52726437775,1649.72237522696,1838.45622720342,75547.1414017222,-313242.173034216,103.236328939952,0.0658210027298531,7.13439178466797,229.999252319336,229.999252319336,3.96188194312832,3.96188194312832,0.454278180829855,1.34179862988643,11.3417986298864,10.0606507079739
167307.409633597,3,0,75.4402183173002,58912.2200491349,323.584056174922,1620.79350163811,1652.79014394161,1841.57261138605,75653.8615394615,-311676.372863287,103.62909220012,0.0650652293010483,7.12640428543091,229.999252319336,229.999252319336,3.96725867403352,3.96725867403352,0.453662541692507,1.29613680864585,11.2961368086459,10.0574357896909
167307.649633597,3,0,74.7222236858673,58989.7753243371,322.898442754584,1624.05918064006,1655.85882475066,1844.68962638644,75761.2510422892,-310102.936671075,104.027873138718,0.0643173078048788,7.11842727661133,229.999267578125,229.999267578125,3.97263973809849,3.97263973809849,0.45304804453918,1.25071913316336,11.2507191331634,10.0543438826076
167307.789633597,3,0,74.3038426564073,59034.9399705261,322.4995139782,1625.96389943765,1657.64932239401,1846.5081879847,75824.2106871521,-309181.556826245,104.263351675443,0.063884666438947,7.11377954483032,229.999267578125,229.999267578125,3.97578053661916,3.97578053661916,0.452690188986177,1.22434385368986,11.2243438536899,10.0528545063292
167308.029633597,3,0,73.5873867613067,59112.2352957139,321.817238886408,1629.22869164339,1660.7194255765,1849.62618443219,75932.6789145194,-307595.944917029,104.671896767399,0.0631492532205594,7.10581970214844,229.999282836914,229.999282836914,3.98116841153075,3.98116841153075,0.452077578374295,1.17930586175648,11.1793058617565,10.0504363609963
167308.169633597,3,0,73.1699019651432,59157.2487007626,321.420226700747,1631.13289435041,1662.5107263196,1851.44529565012,75996.2753347639,-306667.431962987,104.913122166185,0.0627238663561605,7.1011815071106,229.999282836914,229.999282836914,3.98431302401358,3.98431302401358,0.451720791189498,1.15314825284264,11.1531482528426,10.0491082664748
167308.409633597,3,0,72.4549800789819,59234.2854003325,320.741325499638,1634.39679644407,1665.582219162,1854.56424683419,76105.8631499509,-305069.543841913,105.331719098252,0.0620009573010004,7.09323883056641,229.999313354492,229.999313354492,3.98970769627607,3.98970769627607,0.451110031316823,1.10849500084473,11.1084950008447,10.0469327737936
167308.649633597,3,0,71.7410246932858,59311.1594241684,320.064570339322,1637.66013492143,1668.65457721523,1857.6837911969,76216.1795395508,-303463.850156825,105.75682509496,0.0612859722657758,7.0853066444397,229.999313354492,229.999313354492,3.99510588766023,3.99510588766023,0.450500493771298,1.0640837960525,11.0640837960525,10.0448774376607
167308.789633597,3,0,71.3249962829346,59355.9276866654,319.670793294885,1639.56348889117,1670.44718264602,1859.50379713656,76280.874145721,-302523.574547174,106.007860849512,0.0608725312737688,7.08068466186523,229.999313354492,229.999313354492,3.99825704641855,3.99825704641855,0.450145483981835,1.0382927052846,11.0382927052846,10.043726523554
167309.029633596,3,0,70.6125672954098,59432.5452043827,318.997464575713,1642.82593279542,1673.5208921141,1862.62426625817,76392.3798168986,-300905.43865532,106.443537801282,0.0601701067377988,7.07276964187622,229.999328613281,229.999328613281,4.00366201371215,4.00366201371215,0.449537787723335,0.994260806035712,10.9942608060357,10.0418335420299
167309.169633596,3,0,70.1974279367407,59477.1642204878,318.605696903962,1644.72876357692,1675.31427876213,1864.44480596861,76457.7812625354,-299957.875590603,106.700836937925,0.0597639593383968,7.06815767288208,229.999328613281,229.999328613281,4.00681696764768,4.00681696764768,0.449183867749069,0.968686809177655,10.9686868091777,10.0407540969963
167309.409633596,3,0,69.4865206669325,59553.5265471701,317.935831243681,1647.99031035381,1678.38931751308,1867.56618261887,76570.5216562407,-298327.195599484,107.147421685389,0.0590740341946288,7.0602593421936,229.999328613281,229.999328613281,4.01222843745748,4.01222843745748,0.448578036388436,0.925029780597697,10.9250297805977,10.0389632565662
167309.649633596,3,0,68.7765721527114,59629.728385328,317.26817379326,1651.25128984721,1681.46518547719,1870.68812457625,76684.0663823725,-296688.53991285,107.601076116634,0.0583919822502444,7.05237197875977,229.999359130859,229.999359130859,4.01764473762731,4.01764473762731,0.447973328704403,0.881609782337179,10.8816097823372,10.0372153214239
167309.789633596,3,0,68.3628775256567,59674.1055560637,316.879734028063,1653.15326507347,1683.25982112698,1872.50951558055,76750.6800802398,-295728.958115878,107.869030052191,0.0579977749408112,7.047776222229,229.999359130859,229.999359130859,4.02080593924456,4.02080593924456,0.447621171666306,0.856400614184537,10.8564006141845,10.036193433334
167310.029633596,3,0,67.6544432122617,59750.0543840905,316.215612055074,1656.41334210793,1686.33698379703,1875.63233813304,76865.5390610311,-294077.591609423,108.334175879672,0.0573281813568093,7.0399055480957,229.999374389648,229.999374389648,4.02622872479102,4.02622872479102,0.447018319504812,0.813358248027015,10.813358248027,10.0344678349647
167310.169633596,3,0,67.2416305424464,59794.2843603188,315.829248584969,1658.31478997342,1688.13236875684,1877.45423822032,76932.9343453685,-293110.56521569,108.60894228962,0.0569411864602293,7.03531932830811,229.999374389648,229.999374389648,4.02939370230062,4.02939370230062,0.446667213167233,0.788355348554219,10.7883553485542,10.0334495481452
167310.409633596,3,0,66.5347058298891,59869.9815356404,315.168710498557,1661.57396187745,1691.21080643025,1880.57792622141,77049.1594316488,-291446.385218522,109.085958308981,0.0562839551810747,7.02746534347534,229.999374389648,229.999374389648,4.03482268722481,4.03482268722481,0.446066210646604,0.745686763964429,10.7456867639644,10.0317133611364
167310.649633596,3,0,65.8287322018012,59945.5204820343,314.510463034612,1664.8325603864,1694.29003932862,1883.7021530655,77166.2752164264,-289774.059975058,109.570674310319,0.0556345240941767,7.01962184906006,229.999404907227,229.999404907227,4.04025676185297,4.04025676185297,0.445466292328868,0.703254140642102,10.7032541406421,10.0299394148159
167310.789633595,3,0,65.4173527904517,59989.5120171614,314.127552629241,1666.73314362644,1696.08662234819,1885.52486482893,77235.0130470047,-288794.759181695,109.857045811532,0.055259235174903,7.01505184173584,229.999404907227,229.999404907227,4.04342823104175,4.04342823104175,0.445116934571463,0.678611040405585,10.6786110404056,10.0288834462227
167311.029633595,3,0,64.7128813737159,60064.8015097227,313.473124809512,1669.99083029886,1699.16712503987,1888.64995633611,77353.6015351421,-287109.45716007,110.354339876132,0.054622042525699,7.00722503662109,229.999404907227,229.999404907227,4.04886821762486,4.04886821762486,0.444518886145014,0.636551545088082,10.6365515450881,10.0276467820874
167311.169633595,3,0,64.3023768586907,60108.647921593,313.092362835087,1671.89088279945,1700.96442806231,1890.4731547857,77423.2048149114,-286122.55372277,110.648138482298,0.0542538524596714,7.00266456604004,229.999420166016,229.999420166016,4.05204371246597,4.05204371246597,0.444170540911959,0.612116124409397,10.6121161244094,10.0270341305171
167311.409633595,3,0,63.5994030801409,60183.6893751968,312.441457482681,1675.14765790244,1704.04612105971,1893.59904223096,77543.285615306,-284424.163027279,111.15831275658,0.0536287938943247,6.99485445022583,229.999420166016,229.999420166016,4.05749068630587,4.05749068630587,0.443574297524051,0.570420595380341,10.5704205953803,10.0260648878666
167311.649633595,3,0,62.8973728289367,60258.5749004544,311.792875630858,1678.40385677555,1707.12857012742,1896.72543758793,77664.3478750796,-282717.453853317,111.676872752111,0.0530112900377962,6.9870548248291,229.999420166016,229.999420166016,4.06294164630611,4.06294164630611,0.442979188031097,0.528959601312124,10.5289596013121,10.0251591772335
167311.789633595,3,0,62.4882902065168,60302.1863379768,311.415615217352,1680.30303916188,1708.92701084489,1898.54939975513,77735.4303138407,-281718.015892803,111.983309410088,0.0526545387537139,6.98251008987427,229.999450683594,229.999450683594,4.06612415484595,4.06612415484595,0.442632517645066,0.504873798283782,10.5048737982838,10.0246554016511
167312.029633595,3,0,61.7877502978902,60376.8261273078,310.770744814148,1683.55832252883,1712.0106393365,1901.67658526762,77858.0962810917,-279998.052395305,112.515514423757,0.0520489705369931,6.97472715377808,229.999450683594,229.999450683594,4.07158208821071,4.07158208821071,0.442039203997824,0.463769789889994,10.46376978989,10.0238223338233
167312.169633595,3,0,61.3795357388673,60420.2946327126,310.395662227254,1685.45697009187,1713.80976231031,1903.50100389366,77930.1326150857,-278990.852677503,112.830046058069,0.051699135701212,6.97019195556641,229.999450683594,229.999450683594,4.07476779849342,4.07476779849342,0.441693625681033,0.439895869457516,10.4398958694575,10.0233583183641
167312.409633595,3,0,60.6804816264741,60494.69010891,309.754545763686,1688.71133721483,1716.89455225268,1906.62896597881,78054.4660165757,-277257.530916467,113.376365714231,0.0511053076895044,6.96242570877075,229.999465942383,229.999465942383,4.08023268757427,4.08023268757427,0.441102072906841,0.399159974491184,10.3991599744912,10.0225598823671
167312.649633595,3,0,59.9823636452354,60568.9320250626,309.115825339456,1691.96512364321,1719.9800654169,1909.75741039396,78179.8869352574,-275515.719992115,113.931851771154,0.0505187968821646,6.95466947555542,229.999465942383,229.999465942383,4.085701552515,4.085701552515,0.440511643765449,0.358644453749079,10.3586444537491,10.021765176586
167312.789633594,3,0,59.5755597470679,60612.1691241766,308.744352232085,1693.86289752052,1721.78027951841,1911.58255714866,78253.5622665798,-274495.726558911,114.260198484857,0.0501800100848166,6.95015001296997,229.999465942383,229.999465942383,4.08889370447024,4.08889370447024,0.440167755474421,0.33512356474931,10.3351235647493,10.0213035744172
167313.029633594,3,0,58.8789202932763,60686.1690886712,308.10946535349,1697.1157637391,1724.86692413915,1914.71175502795,78380.7618030793,-272740.390092702,114.830613391027,0.0496049767186464,6.94241046905518,229.999465942383,229.999465942383,4.09436951870168,4.09436951870168,0.439579107317989,0.294969219960421,10.2949692199604,10.020478400936
167313.169633594,3,0,58.4729775853455,60729.2654773609,307.740244094818,1699.01300077574,1726.66779374645,1916.53733799649,78455.495612221,-271712.477138426,115.167821407051,0.0492728811776526,6.93790054321289,229.999481201172,229.999481201172,4.09756594700555,4.09756594700555,0.43923621457534,0.271653997427478,10.2716539974275,10.01999054603
167313.409633594,3,0,57.7778122870005,60803.0249620497,307.109243915059,1702.26494539532,1729.75555335138,1919.66727696535,78584.5464844004,-269943.512916194,115.75369545672,0.0487091530900226,6.93017721176147,229.999481201172,229.999481201172,4.10304870345637,4.10304870345637,0.438649311651985,0.231860452348911,10.2318604523489,10.0191042832547
167313.649633594,3,0,57.0835757638521,60876.6333328506,306.480726861178,1705.51630697768,1732.84400865493,1922.79767756318,78714.8056691915,-268165.889550615,116.349617526365,0.0481524445505276,6.92246437072754,229.999481201172,229.999481201172,4.10853569171821,4.10853569171821,0.438063523965544,0.192292223908822,10.1922922239088,10.0181911458192
167313.789633594,3,0,56.6790326526647,60919.5020028808,306.115248007853,1707.41266547234,1734.64592677637,1924.6239563067,78791.360694387,-267124.927449649,116.701969497625,0.0478309232000614,6.91797018051147,229.99951171875,229.99951171875,4.11173881308963,4.11173881308963,0.437722278288794,0.16931414221753,10.1693141422175,10.0175992743473
167314.029633594,3,0,55.9862631435815,60992.8723411745,305.490711315154,1710.6631025756,1737.73547098041,1927.75507839803,78923.597825737,-265333.511369596,117.314270370834,0.0472852208455681,6.91027355194092,229.99951171875,229.99951171875,4.11723273078231,4.11723273078231,0.437138226765642,0.130101383527048,10.130101383527,10.0165534426076
167314.169633594,3,0,55.582574537225,61035.6025933698,305.127619381165,1712.55892053875,1739.53802735415,1929.58178139204,79001.3360264157,-264284.476134924,117.676367203929,0.0469700007852671,6.90578842163086,229.99951171875,229.99951171875,4.12043958291742,4.12043958291742,0.436798025179242,0.107338697974427,10.1073386979744,10.0160033476153
167314.409633594,3,0,54.8912676433844,61108.7363822737,304.507169381928,1715.80843086518,1742.62865284206,1932.71362043342,79135.6392661429,-262479.168865517,118.305664240177,0.0464350381047662,6.89810800552368,229.99951171875,229.99951171875,4.12594013706552,4.12594013706552,0.436215704238121,0.0684885819392775,10.0684885819393,10.0152558640032
167314.649633593,3,0,54.2008822760706,61181.7215739796,303.889229411228,1719.05735529216,1745.71993608517,1935.84589084047,79271.2796707529,-260665.033817938,118.945977638748,0.0459067373176182,6.89043807983398,229.999526977539,229.999526977539,4.13144575309779,4.13144575309779,0.435634460386103,0.0298553869056519,10.0298553869057,10.0145641720103
167314.789633593,3,0,53.7985823766892,61224.2278867102,303.529997213703,1720.95229063104,1747.52349718645,1937.67325610557,79351.0424274761,-259602.697955009,119.324707616965,0.0456016148413305,6.88596868515015,229.999526977539,229.999526977539,4.13465900431927,4.13465900431927,0.435295920902859,0.00742251427018914,10.0074225142702,10.014234349582
167315.029633593,3,0,53.109652563703,61296.9790458827,302.916083570972,1724.20028679946,1750.61581986012,1940.80620966792,79488.8732006581,-257774.505421076,119.983013165289,0.0450836950106699,6.87831449508667,229.999526977539,229.999526977539,4.14017096994548,4.14017096994548,0.434716397375592,0,9.96914188909328,10.0137528619617
167315.169633593,3,0,52.7082004502191,61339.3494082724,302.558526626322,1726.09468021621,1752.4198690707,1942.63386746305,79569.8572944921,-256703.919544302,120.372171338707,0.0447845645348592,6.873854637146,229.999526977539,229.999526977539,4.143388489413,4.143388489413,0.434378865375979,0,9.94690392482966,10.0123054342016
167315.409633593,3,0,52.0207219000261,61411.8689306433,301.947344016838,1729.34174726209,1755.51296444726,1945.7672658072,79709.806566739,-254861.529308735,121.048553997512,0.0442768038919176,6.8662166595459,229.999557495117,229.999557495117,4.14890791696902,4.14890791696902,0.433800999206284,0,9.90893080733804,10.003535628403
167315.649633593,3,0,51.3341577953284,61484.2434764411,301.339552693666,1732.58823182698,1758.60681846322,1948.90119084849,79851.3407903801,-253010.169772157,121.737343192358,0.043775288627274,6.85858917236328,229.999557495117,229.999557495117,4.1544312994973,4.1544312994973,0.433224286128303,0,9.87119515853068,9.9857545363029
167315.789633593,3,0,50.9340836398673,61526.3953177097,300.986989267305,1734.48174865967,1760.41198238943,1950.72961679652,79934.7006363355,-251926.064493942,122.145137719214,0.0434856112597176,6.85414409637451,229.999557495117,229.999557495117,4.15765521740768,4.15765521740768,0.432888340179646,0,9.84930860992063,9.97163080360951
167316.029633593,3,0,50.2489637906919,61598.541804279,300.386478906005,1737.72732316627,1763.50737233272,1953.8646814112,80079.06013356,-250060.481458714,122.854986709873,0.0429938642867832,6.84653282165527,229.999557495117,229.999557495117,4.16318580349642,4.16318580349642,0.432313331740269,0,9.81201059636336,9.94346458078812
167316.169633593,3,0,49.8497308899494,61640.5611778394,300.038238623718,1739.62030994064,1765.31344677791,1955.69378623039,80164.1088300744,-248968.054534543,123.275345503817,0.0427097846616067,6.84209728240967,229.999572753906,229.999572753906,4.16641427190582,4.16641427190582,0.431978354802226,0,9.7903940027016,9.92506050026835
167316.409633593,3,0,49.1660510986395,61712.4818669665,299.444976312202,1742.86497720559,1768.410337706,1958.82996223966,80311.3992625282,-247088.155337784,124.007023127663,0.0422275640574609,6.83450174331665,229.999572753906,229.999572753906,4.17195177504809,4.17195177504809,0.431405014601497,0,9.75354097832549,9.89009739293562
167316.649633592,3,0,48.4832786382655,61784.2613811662,298.856987786512,1746.10907333023,1771.5082693025,1961.9669256308,80460.6866190897,-245199.191005874,124.753170168497,0.0417511317828222,6.82691621780396,229.999572753906,229.999572753906,4.17749349714891,4.17749349714891,0.430832729169482,0,9.71698712566649,9.85133758363485
167316.789633592,3,0,48.0854130270598,61826.0679304325,298.516614247689,1748.00119973295,1773.31591380285,1963.79721870257,80548.7356408493,-244093.101393149,125.195343912787,0.0414758794684141,6.82249593734741,229.999572753906,229.999572753906,4.18072838232151,4.18072838232151,0.430499381164118,0,9.69581015944627,9.8282119605857
167317.029633592,3,0,47.4040737178631,61897.6259131659,297.937261759697,1751.24439196189,1776.41554372851,1966.93547720645,80701.3219602944,-242189.725444348,125.965301179822,0.0410085239164233,6.81492614746094,229.999603271484,229.999603271484,4.18627817084327,4.18627817084327,0.429928695930568,0,9.65973666096468,9.78852831871015
167317.169633592,3,0,47.0070429576022,61939.3040911453,297.601576622105,1753.13598981194,1778.22411203417,1968.76646617749,80791.2888791611,-241075.193778119,126.421486632257,0.0407384425918609,6.81051540374756,229.999603271484,229.999603271484,4.18951705142325,4.18951705142325,0.429596335188212,0,9.63883667459265,9.76534164335443
167317.409633592,3,0,46.3271327226253,62010.6435986089,297.030484899349,1756.37827497677,1781.32532976172,1971.90592286884,80947.2564652086,-239157.313710451,127.215974760047,0.0402797901101401,6.8029613494873,229.999603271484,229.999603271484,4.19507322479154,4.19507322479154,0.429027357087902,0,9.6032298835941,9.72524629349004
167317.649633592,3,0,45.6481228783688,62081.8467169423,296.464506153353,1759.61998580597,1784.42751561444,1975.04610644876,81105.415778072,-237230.229566402,128.026398649199,0.0398264920154923,6.79541778564453,229.999603271484,229.999603271484,4.20063392684705,4.20063392684705,0.428459452188256,0,9.56791412197647,9.68510923661969
167317.789633592,3,0,45.2524489470297,62123.3193849063,296.136885829085,1761.51071880086,1786.23759423948,1976.87823729693,81198.73173955,-236101.840761099,128.506731423915,0.0395645145394895,6.79102182388306,229.999603271484,229.999603271484,4.20387982192831,4.20387982192831,0.428128643933861,0,9.54745013664731,9.66169033100762
167318.029633592,3,0,44.5748613507712,62194.3091222504,295.579300917061,1764.7515187579,1789.34132617725,1980.019586124,81360.5144428738,-234160.133446907,129.343292837649,0.0391194637914802,6.7834939956665,229.999618530273,229.999618530273,4.20944805990647,4.20944805990647,0.427562348839016,0,9.51260149217202,9.62161818466234
167318.169633592,3,0,44.1800158800141,62235.6582268508,295.256565954949,1766.64171883608,1791.15230498684,1981.85239592461,81455.9852850891,-233023.193647793,129.839192528519,0.0388622179091117,6.77910757064819,229.999618530273,229.999618530273,4.21269826691345,4.21269826691345,0.427232516650629,0,9.49240916971962,9.59838877148545
167318.409633591,3,0,43.5038464346795,62306.4377275191,294.70744452799,1769.8816039069,1794.25757177053,1984.99490256005,81621.5484754883,-231066.796292453,130.702983156692,0.0384251129557986,6.7715950012207,229.999618530273,229.999618530273,4.21827349840142,4.21827349840142,0.42666785086806,0,9.45801407845559,9.55869952691108
167318.649633591,3,0,42.8285705270213,62377.0860924437,294.163612843982,1773.12090959046,1797.36376874099,1988.13810645043,81789.5720604876,-229101.084337013,131.584467133798,0.037990459278735,6.76409292221069,229.999618530273,229.999618530273,4.22385328408312,4.22385328408312,0.426104246231431,0,9.42390942896863,9.51920447398699
167318.789633591,3,0,42.4350715855037,62418.2375730553,293.848738751694,1775.01023707659,1799.17614367191,1989.97196194766,81888.7367907388,-227950.104000677,132.107018295441,0.0377365263685385,6.75972127914429,229.999618530273,229.999618530273,4.22711024892347,4.22711024892347,0.425775948457473,0,9.40415230325299,9.49636712395472
167319.029633591,3,0,41.7612071735384,62488.68087166,293.313303091099,1778.24862478114,1802.28380946157,1993.11626865076,82060.7911466977,-225969.592852934,133.017489622816,0.0373005825764456,6.75223445892334,229.999633789063,229.999633789063,4.23269761287715,4.23269761287715,0.425213904823342,0,9.37050167704292,9.45754005738031
167319.169633591,3,0,41.368530429645,62529.7136676898,293.003481654462,1780.13741572315,1804.09704383692,1994.9507706139,82162.3765336858,-224809.968660306,133.557321673066,0.0370459038503464,6.74787187576294,229.999633789063,229.999633789063,4.23595891431182,4.23595891431182,0.424886542030089,0,9.35101288766079,9.43502526734045
167319.409633591,3,0,40.6960734565315,62599.9551059105,292.476476306643,1783.37488283622,1807.20613501003,1998.09614360658,82338.636560771,-222814.601490168,134.497924029511,0.0366087769515141,6.74040126800537,229.999633789063,229.999633789063,4.24155331174755,4.24155331174755,0.424326168757077,0,9.31781021669168,9.39667738900541
167319.649633591,3,0,40.024503318925,62670.0706770689,291.954658033319,1786.61176842045,1810.31610732849,2001.24217429618,82517.6263057553,-220809.817698319,135.458177318504,0.0361710104143649,6.73294019699097,229.999633789063,229.999633789063,4.24715258969853,4.24715258969853,0.423766784732611,0,9.2848992956004,9.3588563082716
167319.789633591,3,0,39.6331629822851,62710.9138090248,291.652849981067,1788.49968299523,1812.13067917024,2003.07767607816,82623.3526366003,-219636.011624834,136.02765548052,0.035915416575697,6.72859239578247,229.999633789063,229.999633789063,4.25042098782937,4.25042098782937,0.423440938526188,0,9.26582604181021,9.33700704613227
167320.029633591,3,0,38.9629937825265,62780.8326937637,291.139430934452,1791.73564613534,1815.24201996984,2006.22472622576,82806.8419976141,-217616.285873446,137.020064270184,0.0354767943936411,6.72114658355713,229.999664306641,229.999664306641,4.25602817208923,4.25602817208923,0.422883068975143,0,9.23335701246795,9.29992116830632
167320.169633591,3,0,38.5724695381326,62821.5620231448,290.842467657997,1793.62302160436,1817.0573755724,2008.06081031265,82915.2421849843,-216433.748723486,137.608671028434,0.0352207608415134,6.7168083190918,229.999664306641,229.999664306641,4.25930093355279,4.25930093355279,0.422558176940056,0,9.21454416547026,9.27847231711389
167320.40963359,3,0,37.9036972964944,62891.2874093542,290.33742454969,1796.85805986458,1820.17005551068,2011.20885604536,83103.4241766337,-214399.037423487,138.634579303884,0.0347814965295837,6.70937824249268,229.999664306641,229.999664306641,4.26491491163873,4.26491491163873,0.422001957157127,0,9.1825164929552,9.2420444026233
167320.64963359,3,0,37.235805265307,62960.8922191176,289.837754392368,1800.09251253484,1823.28357742936,2014.35752847643,83294.6874683079,-212354.846398494,139.682402763697,0.0343419091350991,6.70195770263672,229.999664306641,229.999664306641,4.27053410443806,4.27053410443806,0.421446715021553,0,9.15076341348453,9.20606827143627
167320.78963359,3,0,36.8466074503493,63001.439842555,289.548664183576,1801.97900562297,1825.10016708078,2016.19452550155,83407.701175164,-211158.01444364,140.303938905868,0.0340853750003361,6.69763422012329,229.999664306641,229.999664306641,4.27381370197561,4.27381370197561,0.421123322058421,0,9.13236153856947,9.18530944757327
167321.02963359,3,0,36.1801059031006,63070.8563202578,289.057295447898,1805.21252946566,1828.21496451826,2019.34414021755,83603.991132509,-209098.779958465,141.387560036379,0.0336454211436195,6.69022941589355,229.99967956543,229.99967956543,4.27944056514536,4.27944056514536,0.42056963432425,0,9.10104456059399,9.15007615558543
167321.16963359,3,0,35.791718085069,63111.295005217,288.773155936953,1807.09847998913,1830.03230582836,2021.18169454419,83720.0173776732,-207893.170396137,142.030468205276,0.0333887256429505,6.68591451644897,229.99967956543,229.99967956543,4.28272485644922,4.28272485644922,0.42024712491271,0,9.08290081143737,9.12977334184065
167321.40963359,3,0,35.1266031258503,63180.526291126,288.290068416144,1810.33107257831,1833.14834474852,2024.33222330326,83921.5580525475,-205818.868532955,143.151408078116,0.0329486053881865,6.6785249710083,229.99967956543,229.99967956543,4.2883588388328,4.2883588388328,0.419695010633058,0,9.05200687290402,9.09554091159411
167321.64963359,3,0,34.4623618861368,63249.6422642129,287.812209457957,1813.56307504916,1836.26515078533,2027.48331521209,84126.5373745086,-203735.042808648,144.296740642384,0.0325084694205578,6.67114543914795,229.99967956543,229.99967956543,4.2939977634578,4.2939977634578,0.419143892598445,0,9.02139222992757,9.06164965704034
167321.78963359,3,0,34.0752907041261,63289.9071629404,287.535873268093,1815.44813703714,1838.08363721921,2029.32170839566,84247.7359783927,-202515.078199227,144.976379455007,0.0322517239959416,6.66684484481812,229.99967956543,229.99967956543,4.29728954549882,4.29728954549882,0.418822835182725,0,9.00364925242998,9.0420222391649
167322.02963359,3,0,33.4124297324878,63358.8431291495,287.066294931857,1818.67920430776,1841.20163462238,2032.47367306428,84458.3645359408,-200416.166829212,146.16170354714,0.0318116769977425,6.65948057174683,229.999710083008,229.999710083008,4.30293678034189,4.30293678034189,0.41827319608324,0,8.97344408346491,9.00864002636874
167322.16963359,3,0,33.0261626096633,63399.0039214845,286.794884631275,1820.56372000719,1843.02082203153,2034.31258152821,84582.9481146331,-199187.406702406,146.865222892361,0.0315550472645207,6.655189037323,229.999710083008,229.999710083008,4.3062326719405,4.3062326719405,0.41795304185646,0,8.95596300994291,8.98953762728185
167322.409633589,3,0,32.3646780604832,63467.7629796938,286.333584424502,1823.79384947241,1846.13998084981,2037.46539429168,84799.4892246461,-197073.412005653,148.092297056383,0.0311152549268164,6.64784002304077,229.999710083008,229.999710083008,4.31188709320084,4.31188709320084,0.417404986133579,0,8.92617912115008,8.95714047840911
167322.649633589,3,0,31.7040608203289,63536.4119469613,285.877487356219,1827.02338502642,1849.2598536279,2040.61872618582,85019.9036696694,-194949.895899547,149.346675346244,0.0306757124389241,6.64050102233887,229.999710083008,229.999710083008,4.31754617900287,4.31754617900287,0.416857915521509,0,8.89665831983342,8.9250990593042
167322.789633589,3,0,31.3191006842785,63576.4068350637,285.613833544541,1828.90700561532,1851.0801041034,2042.4584053137,85150.313239296,-193706.784480692,150.091308368154,0.0304194685624222,6.63622379302979,229.999710083008,229.999710083008,4.32084991826516,4.32084991826516,0.41653919654952,0,8.87956622285739,8.90657863102863
167323.029633589,3,0,30.6598536103301,63644.8840518269,285.165974688403,1832.13559874177,1854.20108374683,2045.61253976344,85377.0984939231,-191568.211303448,151.390493758205,0.0299804576218768,6.62889957427979,229.999725341797,229.999725341797,4.32651707840361,4.32651707840361,0.415993585367912,0,8.85046412848354,8.87505373463038
167323.169633589,3,0,30.27569164937,63684.7796667051,284.907127080332,1834.01866908794,1856.02197182853,2047.45268045717,85511.3126864204,-190316.325365243,152.161846584975,0.0297245833623154,6.62463188171387,229.999725341797,229.999725341797,4.32982526336375,4.32982526336375,0.415675789299776,0,8.83361043825914,8.85681790486455
167323.409633589,3,0,29.6178109395962,63753.0882709626,284.46751004994,1837.24631707568,1859.14403014262,2050.60759426517,85744.7767705582,-188162.729193364,153.507866330901,0.029286250215326,6.61732292175293,229.999725341797,229.999725341797,4.33550025505704,4.33550025505704,0.415131716154596,0,8.80490749341604,8.82576527148624
167323.649633589,3,0,28.9607912691847,63821.2919987845,284.033147867875,1840.47336646365,1862.26675550948,2053.76298859063,85982.6335641725,-185999.671773479,154.884562497952,0.0288484766536305,6.61002349853516,229.999725341797,229.999725341797,4.34117994034757,4.34117994034757,0.414588587296452,0,8.7764733433192,8.79501282075539
167323.789633589,3,0,28.5779268200957,63861.0295600261,283.782154415827,1842.35553524142,1864.08865666741,2055.60386057495,86123.4591112912,-184733.525629742,155.702177893957,0.0285933421785565,6.60576963424683,229.999725341797,229.999725341797,4.34449571378743,4.34449571378743,0.414272180164551,0,8.76000725758686,8.77732398615074
167324.029633589,3,0,27.9222673615421,63929.0697693429,283.356040936026,1845.58163517124,1867.21241627846,2058.75999778491,86368.5390931561,-182555.532457115,157.129265739336,0.0281565087890734,6.59848546981812,229.999755859375,229.999755859375,4.35018355028453,4.35018355028453,0.413730551148435,0,8.73197909159991,8.74726947174104
167324.169633588,3,0,27.5401953107358,63968.71285825,283.1098552094,1847.4632490555,1869.03491146645,2060.60129534642,86513.6808927347,-181280.694009577,157.976945641153,0.0279019307260468,6.59424066543579,229.999755859375,229.999755859375,4.35350437512849,4.35350437512849,0.413414972161404,0,8.71574703378458,8.72997492485923
167324.409633588,3,0,26.8858924329998,64036.5926772725,282.691932506704,1850.68839590668,1872.15967457234,2063.75814973981,86766.3354836428,-179087.836323447,159.456756919092,0.027465878303886,6.58697128295898,229.999755859375,229.999755859375,4.35920006957175,4.35920006957175,0.412874806738573,0,8.68811552136631,8.70060270339714
167324.649633588,3,0,26.2324443752542,64104.3728032218,282.279248539746,1853.91293969755,1875.2850633745,2066.91545094269,87023.9803504075,-176885.640416448,160.971152730351,0.0270303755447977,6.5797119140625,229.999755859375,229.999755859375,4.36490080251646,4.36490080251646,0.412335604837932,0,8.66073494651738,8.67173623015867
167324.789633588,3,0,25.8516605089374,64143.8656705354,282.04088371605,1855.79364552667,1877.10848470074,2068.75740668873,87176.6325567478,-175596.726389248,161.870899403698,0.0267766295101144,6.57548141479492,229.999755859375,229.999755859375,4.36822868760865,4.36822868760865,0.41202148352452,0,8.64488075306886,8.65506008457083
167325.029633588,3,0,25.1995628998091,64211.4905147316,281.636358994048,1859.01723313618,1880.23482300498,2071.91537987206,87442.4849495087,-173379.823012499,163.442085860345,0.0263421011910202,6.56823635101318,229.999755859375,229.999755859375,4.37393762642722,4.37393762642722,0.411483704890779,0,8.61789823627483,8.6267230866018
167325.169633588,3,0,24.8195657354337,64250.8937138102,281.402778030712,1860.89737993567,1882.05879358667,2073.75772401092,87600.0503024976,-172082.36581132,164.375750403631,0.0260889265248577,6.56401491165161,229.999771118164,229.999771118164,4.37727062193333,4.37727062193333,0.411170429513444,0,8.60228051428932,8.6103436273388
167325.409633588,3,0,24.1688149606462,64318.3664030145,281.006456159693,1864.12001000532,1885.18606280196,2076.91635461984,87874.5414555636,-169850.880928614,166.006458358995,0.025655492740069,6.55678510665894,229.999771118164,229.999771118164,4.3829874705893,4.3829874705893,0.410634127642312,0,8.57568597371765,8.58246187178234
167325.649633588,3,0,23.5189129071765,64385.7446043794,280.615319323848,1867.34203347461,1888.31390675204,2080.0753895379,88154.7203767438,-167610.261194505,167.676225894007,0.0252228298110467,6.54956483840942,229.999771118164,229.999771118164,4.38870971071814,4.38870971071814,0.410098748925278,0,8.54934190868606,8.55483353711674
167325.789633588,3,0,23.1401947373723,64425.0054171453,280.389552634938,1869.22126679977,1890.13874421373,2081.91834371958,88320.8593735349,-166299.039905184,168.668764833077,0.0249708125293065,6.54535722732544,229.999771118164,229.999771118164,4.39205010579387,4.39205010579387,0.40978685797625,0,8.53408809567209,8.53883890560806
167326.029633587,3,0,22.4916335201536,64492.2365657453,280.006635448204,1872.4423268926,1893.26747796927,2085.07800215585,88610.4324024025,-164044.092125219,170.402818256211,0.0245394832456165,6.53815174102783,229.999771118164,229.999771118164,4.39778060914655,4.39778060914655,0.409252915938549,0,8.50813559548534,8.51158692006177
167326.169633587,3,0,22.1136964531797,64531.4124993809,279.785715645658,1874.32099703001,1895.09283430344,2086.92132047945,88782.2038424002,-162724.569036994,171.43378770396,0.0242883014894362,6.5339527130127,229.999771118164,229.999771118164,4.40112553646757,4.40112553646757,0.408941858775966,0,8.49310892904153,8.49591687833709
167326.409633587,3,0,21.4664724847576,64598.4996998884,279.411030016528,1877.54109109204,1898.22243457279,2090.08158342933,89081.6749319215,-160455.481376041,173.235272791192,0.0238584418126417,6.52676248550415,229.999801635742,229.999801635742,4.40686490900285,4.40686490900285,0.408409322918764,0,8.46754545015384,8.4692523187084
167326.649633587,3,0,20.8200912999132,64665.4975763176,279.041632604405,1880.76057385779,1901.3525824913,2093.24222963367,89387.6864746972,-158177.577976093,175.081095849871,0.0234295746544377,6.51958084106445,229.999801635742,229.999801635742,4.41260848294024,4.41260848294024,0.407877694562797,0,8.44221485707365,8.44319522834521
167326.789633587,3,0,20.4434242152883,64704.5389190686,278.828490812997,1882.63832194807,1903.17873555339,2095.08609948781,89569.2841856477,-156844.760275248,176.178786628564,0.0231799229319565,6.51539611816406,229.999801635742,229.999801635742,4.41596147336078,4.41596147336078,0.407568008999053,0,8.42754863705206,8.4282168141355
167327.029633587,3,0,19.798374418614,64771.3979351678,278.467195388998,1885.85683251055,1906.30968908814,2098.24729815989,89886.0635285032,-154553.075353609,178.097480243601,0.022752781856303,6.50822973251343,229.999801635742,229.999801635742,4.42171368927671,4.42171368927671,0.407037831035678,0,8.40260546263444,8.4027622566313
167327.169633587,3,0,19.4224829315855,64810.3591929021,278.258826960465,1887.73401295563,1908.13631200225,2100.09149082888,90074.1210757187,-153212.296216493,179.238749599473,0.0225041660785943,6.50405359268188,229.999801635742,229.999801635742,4.42507156651023,4.42507156651023,0.40672896986603,0,8.38816311635379,8.38804695237969
167327.409633587,3,0,18.7787609523906,64877.0824779172,277.905718064861,1890.95154851244,1911.26805894643,2103.25323292076,90402.2780487539,-150907.101239664,181.233996954767,0.0220789088071755,6.49690198898315,229.999801635742,229.999801635742,4.43083212484514,4.43083212484514,0.406200206389433,0,8.36358587745123,8.3630496798118
167327.649633587,3,0,18.1358758056223,64943.7216452356,277.55778302482,1894.16846629803,1914.40029461431,2106.41530798218,90737.9465613588,-148593.526552426,183.279563363388,0.0216549287931888,6.48975944519043,229.999816894531,229.999816894531,4.43659812058988,4.43659812058988,0.405672289000562,0,8.33925526270023,8.33829496447582
167327.789633587,3,0,17.7612453624816,64982.5561413263,277.357211777291,1896.04471525736,1916.22765359655,2108.26000199028,90937.3270646889,-147240.122897348,184.496678092821,0.0214082054223639,6.48559761047363,229.999816894531,229.999816894531,4.43996411952752,4.43996411952752,0.405364784200002,0,8.32516283125601,8.32394862619697
167328.029633586,3,0,17.1196823234404,65049.0646681453,277.017478836091,1899.26065110521,1919.36064374785,2111.42258819395,91285.436306461,-144913.549912944,186.625193178173,0.0209863839245042,6.47846984863281,229.999816894531,229.999816894531,4.44573819941382,4.44573819941382,0.404838298457328,0,8.30119780153682,8.29954412121827
167328.169633586,3,0,16.7458220665396,65087.8238698996,276.821697322039,1901.13632686286,1921.18843715908,2113.26757581873,91492.2780833446,-143552.666832067,187.89190783242,0.0207409486344565,6.47431612014771,229.999816894531,229.999816894531,4.44910912024717,4.44910912024717,0.404531579038555,0,8.28732943605246,8.28539134565893
167328.409633586,3,0,16.1055775980624,65154.2048829617,276.490183935267,1904.35127712412,1924.32216016771,2116.43065542271,91853.5408491598,-141213.461205238,190.107593234665,0.0203214153287821,6.46720314025879,229.999816894531,229.999816894531,4.45489160053134,4.45489160053134,0.404006492042105,0,8.26373329508067,8.26129676885703
167328.649633586,3,0,15.4661641080909,65220.5069765953,276.163871888784,1907.56560234326,1927.456334532,2119.5940371088,92223.5008832818,-138866.484910806,192.380616724887,0.0199034549257271,6.46009922027588,229.999816894531,229.999816894531,4.46067991726562,4.46067991726562,0.403482268163547,0,8.2403716697597,8.23733375854492
167328.789633586,3,0,15.0935561141962,65259.147249512,275.975928797171,1909.44033602101,1929.28480795343,2121.43947979294,92443.4531321027,-137493.896036188,193.733756264908,0.0196603679794148,6.45595979690552,229.99983215332,229.99983215332,4.46405898541303,4.46405898541303,0.403176863423784,0,8.22685317143998,8.22344993204108
167329.029633586,3,0,14.4554555722082,65325.326947693,275.657872622307,1912.65366863267,1932.41968059605,2124.60332643247,92827.8395623114,-135134.979366051,196.101361130881,0.019244980224607,6.44887065887451,229.99983215332,229.99983215332,4.46985574225043,4.46985574225043,0.402654028677235,0,8.20385472949106,8.1997141768665
167329.169633586,3,0,14.0836124504271,65363.8967410034,275.474753669797,1914.52782140557,1934.2485549245,2126.44903497292,93056.4516607408,-133755.56391469,197.511075916481,0.0190034512223584,6.44473934173584,229.99983215332,229.99983215332,4.47323980192656,4.47323980192656,0.402349427040846,0,8.19054758403004,8.18592915882501
167329.409633586,3,0,13.4468213863148,65429.9571871636,275.165072620781,1917.74015509898,1937.38411053653,2129.61333427417,93456.1361074051,-131385.204262769,199.978172516279,0.0185908227064349,6.43766450881958,229.99983215332,229.99983215332,4.47904502185409,4.47904502185409,0.401827945762099,0,8.16791979038015,8.16243504709639
167329.649633586,3,0,12.8108555708393,65495.9439041786,274.860553300377,1920.95185645393,1940.52008480639,2132.77790892676,93865.9224038436,-129007.880506086,202.510728883064,0.0181800699587829,6.43059921264648,229.99983215332,229.99983215332,4.48485579028383,4.48485579028383,0.401307347672465,0,8.14551833871577,8.13946330380918
167329.789633586,3,0,12.4402560854098,65534.4026217415,274.685331871162,1922.82505558771,1942.34958705939,2134.62402962872,94109.7851939485,-127617.986235061,204.019098341256,0.017941313581919,6.4264817237854,229.99983215332,229.99983215332,4.48824809095636,4.48824809095636,0.401004043030578,0,8.13256458925358,8.12615548501339
167330.029633585,3,0,11.8055941654627,65600.2752234602,274.389097362116,1926.03575081932,1945.48619325157,2137.78901340607,94536.3682999319,-125230.121720235,206.659607140389,0.0175335953300754,6.41943073272705,229.99983215332,229.99983215332,4.49406736081001,4.49406736081001,0.400484788929941,0,8.110523548457,8.10345030097228
167330.169633585,3,0,11.4357543017227,65638.6682835025,274.218808357144,1927.90836235876,1947.3160754188,2139.63538360951,94790.3403976863,-123834.267992514,208.232637597716,0.0172967210389681,6.41532182693481,229.999862670898,229.999862670898,4.49746525254976,4.49746525254976,0.400182228391555,0,8.09776522522587,8.09038850528567
167330.409633585,3,0,10.8054231065111,65704.4298789464,273.930872955528,1931.10155909145,1950.43697506019,2142.78441291043,95230.7618028914,-121457.702418302,210.972192818198,0.0168922708226572,6.40834712982178,229.999862670898,229.999862670898,4.50326992787615,4.50326992787615,0.363628228265082,0,8.07610534649372,8.06854244809525
167330.649633585,3,0,10.2497467917231,65770.1229799348,273.647779217856,1933.89194726174,1953.16000162525,2145.53475480649,95624.6788738299,-119377.789500113,213.422602240912,0.0164868058823772,6.40226316452026,229.999862670898,229.999862670898,4.50850215381825,4.50850215381825,0.305689986603751,0,8.0561762706851,8.04863987890963
167330.789633585,3,0,9.96729403298078,65808.4127556285,273.484571541907,1935.29388597971,1954.52524813633,2146.91550120053,95828.5735771165,-118317.418664931,214.673323252873,0.0162475652430301,6.39916849136353,229.999862670898,229.999862670898,4.51123215531361,4.51123215531361,0.277696618924508,0,8.04558063105986,8.03799517999648
167331.029633585,3,0,9.54149338996853,65873.9995283146,273.207652001305,1937.38059170486,1956.55271292401,2148.96892714219,96140.6635658431,-116714.900588832,216.559699755052,0.0158340537251652,6.39449977874756,229.999862670898,229.999862670898,4.51545930770775,4.51545930770775,0.237478429902372,0,8.02885388123448,8.0210974274088
167331.169633585,3,0,9.32208781323361,65912.227928369,273.047606952312,1938.44062879115,1957.58001605143,2150.01107040288,96303.6998873235,-115887.286588499,217.529470553376,0.0155915452856512,6.39209222793579,229.999862670898,229.999862670898,4.51769989877054,4.51769989877054,0.217730831907955,0,8.01980605929117,8.01187295911012
167331.409633585,3,0,8.98725967443886,65977.7104561892,272.775488184511,1940.03364864469,1959.11953225358,2151.57559131794,96555.4204208959,-114621.842120997,219.001612071367,0.0151747917415619,6.3884162902832,229.999862670898,229.999862670898,4.52121979450679,4.52121979450679,0.188939470264241,0,8.00533303472528,7.99694218973723
167331.649633585,3,0,8.69623397073866,66043.128011871,272.505876934948,1941.38874185724,1960.42390770314,2152.90450634177,96777.0600282669,-113519.550643187,220.267992654783,0.0147578943458322,6.38521909713745,229.999877929688,229.999877929688,4.52439865174079,4.52439865174079,0.165292037395558,0,7.99192142172363,7.98291509895634
167331.789633584,3,0,8.54353861009239,66081.2584756009,272.349631249594,1942.08645287786,1961.09312555672,2153.58785621916,96894.4007186495,-112940.313365936,220.925125434954,0.0145150655820181,6.38354063034058,229.999877929688,229.999877929688,4.52611931681897,4.52611931681897,0.153417334486377,0,7.9845284184761,7.97505087342622
167332.029633584,3,0,8.30668843924263,66146.5742540417,272.083418781316,1943.14710210986,1962.10654233651,2154.62522940887,97077.8375395951,-112040.646168432,221.930794109433,0.014100107867625,6.38093614578247,229.999877929688,229.999877929688,4.52887409616703,4.52887409616703,0.135746898149466,0,7.97246136782981,7.96229722038678
167332.169633584,3,0,8.18129309240626,66184.6456854797,271.928931659793,1943.69639879874,1962.6291087734,2155.16163173925,97175.633863348,-111563.743054724,222.454754950272,0.0138590933975075,6.37955665588379,229.999877929688,229.999877929688,4.53038102906668,4.53038102906668,0.126770922814822,0,7.96573792481352,7.95522743875131
167332.409633584,3,0,7.98519317554017,66249.8608029423,271.665438105061,1944.53547520526,1963.42359816114,2155.9796314199,97329.5164383024,-110817.127646855,223.259298267438,0.0134479733381779,6.37739849090576,229.999877929688,229.999877929688,4.53281608687693,4.53281608687693,0.113272766903233,0,7.95467970283042,7.94370117780534
167332.649633584,3,0,7.8097779067107,66315.0128368769,271.403361535742,1945.26206912285,1964.10695465269,2156.68626834051,97468.097899499,-110148.420573206,223.95993784126,0.0130399959697286,6.37546682357788,229.999877929688,229.999877929688,4.53508888399394,4.53508888399394,0.101770758250048,0,7.94413195559831,7.93285990256771
167332.789633584,3,0,7.71566326596168,66352.989202855,271.251095518783,1945.64126981089,1964.46147695601,2157.05427797225,97542.9863534314,-109788.450928566,224.327037302848,0.0128036418251178,6.37442779541016,229.999877929688,229.999877929688,4.5363499297863,4.5363499297863,0.1,0,7.93818504691271,7.92667196732618
167333.029633584,3,0,7.55735233041136,66418.0420531845,270.991094199136,1946.27518580181,1965.0534318872,2157.66929497649,97670.3411828127,-109178.598683679,224.944163491313,0.0124018133677551,6.37266874313354,229.999908447266,229.999908447266,4.53848816293832,4.53848816293832,0.1,0,7.92811730946627,7.91623279941228
167333.169633584,3,0,7.46500428467368,66455.9607783806,270.839999075199,1946.64521522869,1965.39908859438,2158.02838636135,97744.976725448,-108822.528118548,225.306600465073,0.0121697319679909,6.37164258956909,229.999908447266,229.999908447266,4.53973594957416,4.53973594957416,0.1,0,7.92226464504301,7.91020527153576
167333.409633584,3,0,7.30669334912337,66520.9151907951,270.582004704762,1947.27997060479,1965.99224699491,2158.64454400514,97873.530187173,-108211.574507934,225.932177827552,0.0117759224251055,6.36988353729248,229.999908447266,229.999908447266,4.54187484749737,4.54187484749737,0.1,0,7.91226236592581,7.89999268408201
167333.649633584,3,0,7.14838241357306,66585.8078305136,270.325251746532,1947.91525405885,1966.58615904148,2159.26141612413,98002.8452599295,-107599.928123618,226.563136516021,0.0113873792324722,6.36812448501587,229.999908447266,229.999908447266,4.54401417078124,4.54401417078124,0.1,0,7.90230031750849,7.88988013754287
167333.789633583,3,0,7.05603436783538,66623.6334685377,270.176061867878,1948.2860794641,1966.93295628746,2159.62158860483,98078.6359833255,-107242.817182323,226.933706418406,0.0111631247972643,6.36709833145142,229.999908447266,229.999908447266,4.54526233592848,4.54526233592848,0.1,0,7.89650207072614,7.88397825161126
167334.029633583,3,0,6.89772343228507,66688.4288881633,269.921360314687,1948.92219642661,1967.52806925126,2160.23959889886,98209.1920076325,-106630.091948366,227.573343225609,0.0107829578521863,6.36533975601196,229.999908447266,229.999908447266,4.5474023410429,4.5474023410429,0.1,0,7.88660620402398,7.87431015959794
167334.169633583,3,0,6.80537538654739,66726.1980290083,269.773338003519,1949.29350678446,1967.87556138977,2160.60043013207,98285.7062739539,-106272.351914849,227.948991145861,0.0105636806768476,6.36431360244751,229.999908447266,229.999908447266,4.54865090692433,4.54865090692433,0.1,0,7.88085179007444,7.8687335534871
167334.409633583,3,0,6.64706445099708,66790.8970193217,269.520578847984,1949.93045284332,1968.47185449225,2161.21955951449,98417.5000783246,-105658.547897065,228.597353605512,0.0101920390435013,6.3625545501709,229.999908447266,229.999908447266,4.55079160483214,4.55079160483214,0.1,0,7.87101489598547,7.85919646063694
167334.649633583,3,0,6.48875351544676,66855.535502431,269.269074577127,1950.56792088964,1969.06889422334,2161.83939682634,98550.092489696,-105044.071457477,229.251310263755,0.00982587970689519,6.36079549789429,229.999908447266,229.999908447266,4.55293274586927,4.55293274586927,0.1,0,7.86122001061321,7.84970931629907
167334.789633583,3,0,6.39640546970908,66893.213463663,269.122943389988,1950.94001712776,1969.41751078929,2162.20129416634,98627.8101605881,-104685.318629661,229.635387812004,0.00961486839378881,6.35976934432983,229.999923706055,229.999923706055,4.55418228175395,4.55418228175395,0.1,0,7.85552420364624,7.84419065249851
167335.029633583,3,0,6.23809453415877,66957.7567676507,268.873426589315,1951.57830719517,1970.015727014,2162.82224699493,98761.6842514506,-104069.788353888,230.29830357391,0.00925749870416527,6.35801029205322,229.999923706055,229.999923706055,4.5563241333634,4.5563241333634,0.1,0,7.84579453633236,7.83472835304283
167335.169633583,3,0,6.14574648842109,66995.3794298474,268.728455037912,1951.95088162709,1970.36502811824,2163.18479340985,98840.155852171,-103710.424561532,230.687644217747,0.00905161586062546,6.35698413848877,229.999923706055,229.999923706055,4.5575737847743,4.5575737847743,0.1,0,7.84013293545922,7.8291855983165
167335.409633583,3,0,5.98743555287078,67059.8283172653,268.480927456537,1952.58998734848,1970.96441312827,2163.80685439817,98975.3331553661,-103093.854945249,231.359644934833,0.00870324372942887,6.35522508621216,229.999923706055,229.999923706055,4.55971635757639,4.55971635757639,0.1,0,7.8304656380806,7.81969126410996
167335.649633582,3,0,5.82912461732047,67124.2179650224,268.234657426687,1953.22960481724,1971.56453226992,2164.42961140313,99111.3448761477,-102476.636642304,232.037449243951,0.00836054272133382,6.35346603393555,229.999923706055,229.999923706055,4.56185904903182,4.56185904903182,0.1,0,7.82083375867758,7.81013593277382
167335.789633582,3,0,5.73677657158279,67161.7513576805,268.091581366726,1953.60294993769,1971.91493925154,2164.79320625296,99191.0739511496,-102116.295740143,232.435535531333,0.00816333347707649,6.35243988037109,229.999923706055,229.999923706055,4.56310939511769,4.56310939511769,0.1,0,7.81523743503763,7.80452978259375
167336.029633582,3,0,5.57846563603248,67226.047834833,267.847305520088,1954.24337101928,1972.51621327096,2165.41705805629,99328.4251564366,-101498.063864282,233.12263370549,0.0078298946630253,6.35068082809448,229.999923706055,229.999923706055,4.56525316750324,4.56525316750324,0.1,0,7.80567246084101,7.79486501939743
167336.169633582,3,0,5.48611759029479,67263.5270998251,267.705393867934,1954.61718272101,1972.86729144478,2165.78128914577,99408.9422501302,-101137.13654491,233.526179451955,0.00763810894773598,6.34965515136719,229.999923706055,229.999923706055,4.56650394776022,4.56650394776022,0.1,0,7.80011045200936,7.78918102756225
167336.409633582,3,0,5.32780665474448,67327.7311437201,267.463142429915,1955.25839950601,1973.46971497017,2166.40623038224,99547.661692658,-100517.910900955,234.222720476073,0.00731405584980987,6.34789609909058,229.999923706055,229.999923706055,4.56864846950716,4.56864846950716,0.1,0,7.79061130155739,7.7795931359603
167336.649633582,3,0,5.16949571919417,67391.8772060885,267.22215310353,1955.90011491396,1974.07285757871,2167.031853148,99687.2532437379,-99898.0642465304,234.925280749539,0.00699599548799252,6.34613704681396,229.999954223633,229.999954223633,4.57079347013262,4.57079347013262,0.1,0,7.781153600629,7.77000416498221
167336.789633582,3,0,5.07714767345649,67429.2690767464,267.082147699585,1956.27467794218,1974.425019913,2167.39711175421,99769.0855188452,-99536.2016516264,235.337900346956,0.00681326084987534,6.34511089324951,229.999954223633,229.999954223633,4.57204557850517,4.57204557850517,0.1,0,7.77564789283406,7.76448908348223
167337.029633582,3,0,4.91883673790618,67493.3239379341,266.843135682566,1956.9171766616,1975.02929088859,2168.02380397487,99910.0718350174,-98915.3831366076,236.050083511619,0.00650486144378551,6.3433518409729,229.999954223633,229.999954223633,4.57419134628293,4.57419134628293,0.1,0,7.76625359864053,7.75502320850388
167337.169633582,3,0,4.8264886921685,67530.662831789,266.704318374317,1957.29219445239,1975.38211341903,2168.38968810989,99992.7322119853,-98552.9625602504,236.468379235722,0.00632781185572215,6.34232568740845,229.999954223633,229.999954223633,4.57544329878076,4.57544329878076,0.1,0,7.76079041432611,7.74957049915221
