time,stage,stage_solid_fuel,stage_liquid_fuel,altitude,vertical_speed,ground_speed,air_speed,orbital_velocity,apoapsis,periapsis,apoapsis_eta,q_kpa,mass,max_thrust,available_thrust,max_twr,available_twr,throttle,target_pitch,trajectory_pitch,aoa
167267.909633618,4,1179.17214910189,0,91.1735031390563,4.44763895680531,0.00766374278049818,4.44764555951186,175.014663470751,81.6556506343186,-598435.350946376,0.435872074568067,0.00724502980083524,25.3826370239258,703.71142578125,452.134552001953,2.82696761215701,1.816326533888,1,90,89.9012765057647,0.08905627052982
167267.949633618,4,1177.72919289271,0,91.3610419003526,4.76874909126374,0.00785804668318237,4.768755565588,175.022978981289,81.9955682937289,-598435.352461988,0.468785542745763,0.00859791147993353,25.3718147277832,703.713745117188,452.136047363281,2.82818453844308,1.81710842980999,1,90,89.9055934111515,0.0873758201512136
167267.969633618,4,1177.00756049156,0,91.4596309263725,4.92949319407418,0.00794250989356899,4.92949959264499,175.0273773161,82.1744074147427,-598435.3529348,0.485261689287711,0.00931928557109582,25.3664016723633,703.714965820313,452.136871337891,2.82879389447243,1.81750010050671,1,90,89.907682773895,0.0865754158296374
167268.129633618,4,1171.2324432532,0,92.3643391327932,6.21917268769938,0.00836411040601662,6.21917831210595,175.068295861332,83.8188392751617,-598435.350906845,0.617453832903607,0.0161701804627475,25.3230895996094,703.726379394531,452.144195556641,2.83368670623733,1.82064369585458,1,90,89.9229519306646,0.0805160292252189
167268.329633618,4,1164.01114583015,0,93.7862547356635,7.83926061455107,0.00846944581878963,7.839265189695,175.13364780706,86.4115925637307,-598435.337809478,0.783515805267598,0.0274461874667268,25.268928527832,703.744506835938,452.155822753906,2.83984699907968,1.82460160454714,1,90,89.9380957580082,0.0736811492263094
167268.529633618,4,1156.78974270821,0,95.5330302469665,9.4669764158741,0.00838137963016276,9.46698012600855,175.214652912039,89.6056727144169,-598435.317898513,0.950363744179128,0.0417637344212434,25.2147693634033,703.766784667969,452.170135498047,2.84605340754628,1.82858921870265,1,90,89.9492747524945,0.0672604363663875
167268.729633618,4,1149.56833958626,0,97.6061839542817,11.1022891984254,0.00834439081997806,11.1022923342132,175.311254305784,93.4063937735045,-598435.295580653,1.11799536153745,0.0591572360561586,25.160608291626,703.793273925781,452.187164306641,2.85230692287973,1.8326071404388,1,90,89.9569417378391,0.0616328526721178
167268.929633617,4,1142.34693646431,0,100.007239464205,12.7452208395083,0.00851477139362136,12.7452236837636,175.423493372372,97.8191425250843,-598435.273489277,1.28641379336341,0.0796647498371151,25.1064472198486,703.823974609375,452.206878662109,2.85860764945387,1.83665531313651,1,90,89.9617162523577,0.0572295736655426
167269.129633617,4,1135.12553334236,0,102.737718084245,14.3957939199317,0.00891050816977954,14.3957966775826,175.551537564287,102.849347222829,-598435.25194596,1.45562227073884,0.103323892171272,25.0522861480713,703.85888671875,452.229339599609,2.86495590885422,1.84073419131362,1,90,89.9645369759322,0.0542160590620578
167269.329633617,4,1127.90413022041,0,105.799156251363,16.0540287034927,0.00950513681796263,16.0540315173539,175.695592010264,108.502472651191,-598435.230538087,1.62562380824136,0.130171847132423,24.9981269836426,703.898071289063,452.254516601563,2.8713520556118,1.84484371938326,1,90,89.9660776598971,0.0520355916384134
167269.529633617,4,1120.68272709847,0,109.193090048619,17.7199596743754,0.0103303575449837,17.7199626855639,175.855804304284,114.784049229231,-598435.209857471,1.79642289102065,0.160245289967698,24.9439659118652,703.941528320313,452.282440185547,2.8777968561322,1.84898451375,1,90,89.9665962769726,0.0505962262503515
167269.729633617,4,1113.46132397652,0,112.921059686923,19.3936746867744,0.0114201439168664,19.3936780492025,176.032324404296,121.6997714811,-598435.190511561,1.96802949255493,0.193581225931154,24.8898048400879,703.989135742188,452.313018798828,2.88428992440093,1.85315627267662,1,90,89.9662622063021,0.0492175340931267
167269.929633617,4,1106.23992085457,0,116.984632141539,21.075181750691,0.0128100683043009,21.0751856438445,176.225292348112,129.255253985175,-598435.173101151,2.14044541870146,0.230216451866283,24.8356456756592,704.041076660156,452.346374511719,2.89083212247547,1.8573595678921,1,90,89.965173279301,0.0481315896694607
167270.129633617,4,1099.01851773262,0,121.385364332818,22.7645010296656,0.0145446039337326,22.7645056760552,176.43483906379,137.456168557168,-598435.158350577,2.31367373758388,0.270185931842177,24.7814846038818,704.09716796875,452.382446289063,2.89742348001614,1.86159465121332,1,90,89.9633945060983,0.0471022208486791
167270.329633617,4,1091.79711461067,0,126.12482355861,24.4616495518932,0.0167784311447963,24.4616553061192,176.660984044482,146.3082194007,-598435.148931736,2.4877171968941,0.313524723562614,24.7273235321045,704.157531738281,452.421203613281,2.90406461778119,1.86586147350283,1,90,89.9606971397932,0.0468785357807125
167270.529633617,4,1084.57571148872,0,131.204571775394,26.166647778547,0.0193219781200498,26.1666549124144,176.904086537268,155.817158275982,-598435.14130887,2.66257896474673,0.360266892415114,24.6731624603271,704.222106933594,452.462707519531,2.91075562822956,1.87016050690475,1,90,89.9576931621702,0.047261429814289
167270.729633616,4,1077.35430836678,0,136.626189394505,27.8795103618383,0.0222559991461658,27.8795192452335,177.164227549081,165.988759589265,-598435.136892868,2.83826159416708,0.410445973062743,24.6190032958984,704.290954589844,452.506927490234,2.9174968845663,1.87449170345552,1,90,89.9542611615006,0.0484125219126237
167270.929633616,4,1070.13290524483,0,142.391240871046,29.6002561666836,0.0254836189615899,29.6002671364318,177.44165546293,176.828847798752,-598435.133994543,3.01476811779639,0.464094888732677,24.5648422241211,704.363952636719,452.553833007813,2.9242886821533,1.87885545104321,1,90,89.9506744257882,0.0500697726206126
167271.129633616,4,1062.91150212288,0,148.50130843895,31.3289050471594,0.02902079692905,31.328918488524,177.736505961812,188.34328857006,-598435.132894366,3.19210167249315,0.521245675771045,24.5106811523438,704.441162109375,452.603454589844,2.93113140107949,1.88325195820877,1,90,89.9469238279441,0.0521568711593404
167271.329633616,4,1055.69009900093,0,154.95798218064,33.0654735068793,0.0328044631160986,33.0654897796318,178.048984411774,200.53798461752,-598435.132513468,3.37026508645886,0.581930144746812,24.4565200805664,704.522521972656,452.655731201172,2.93802514297801,1.88768119954262,1,90,89.9431584686065,0.0544354773992476
167271.529633616,4,1048.46869587898,0,161.762844567536,34.8099821239994,0.0368854553577217,34.8100016663311,178.379179207125,213.418886536034,-598435.133836446,3.54926160411929,0.64617879699672,24.4023609161377,704.608032226563,452.710662841797,2.94497003533768,1.89214325663302,1,90,89.9392888503893,0.0569935517687799
167271.729633616,4,1041.24729275703,0,168.917482401477,36.5624462200066,0.0411494241181287,36.5624693759322,178.72733923125,226.991966048139,-598435.134813435,3.72909398697294,0.714021798058136,24.3481998443604,704.69775390625,452.768280029297,2.95196715418107,1.89663878406423,1,90,89.9355197320044,0.0599034588820029
167271.929633616,4,1034.02588963509,0,176.423483366845,38.322880928203,0.0456245803892253,38.3229080869336,179.093567669244,241.263233685168,-598435.135965448,3.90976496930159,0.785488356659248,24.294038772583,704.79150390625,452.828552246094,2.95901586774754,1.90116774115309,1,90,89.9317888320791,0.0627998884491664
167272.129633616,4,1026.80448651314,0,184.282458128175,40.0913044946641,0.0503257983451493,40.0913360811268,179.477977224896,256.238752147998,-598435.137566085,4.09127762793486,0.860606629692168,24.2398796081543,704.889404296875,452.891448974609,2.96611682086048,1.90573008565426,1,90,89.9280883447922,0.0657656663591993
167272.329633616,4,1019.58308339119,0,192.495995410602,41.8677374915305,0.0552422568177862,41.8677739361271,179.88070216942,271.924637863645,-598435.139414974,4.27363530590623,0.939404907217786,24.185718536377,704.991394042969,452.956970214844,2.97327059303747,1.91032635409598,1,90,89.9243983674989,0.0693568806634604
167272.529633616,4,1012.36168026924,0,201.065695214085,43.6521734504119,0.0602571343876449,43.6522150396414,180.301969155714,288.326916142483,-598435.139392715,4.45683862252457,1.02190875229302,24.1315574645996,705.097412109375,453.025085449219,2.9804770670264,1.91495650782452,1,90,89.9209109652481,0.0727386061748276
167272.729633615,4,1005.14027714729,0,209.993166949018,45.4446224325613,0.0654231761782615,45.4446695249293,180.741837035033,305.451725512627,-598435.138437348,4.64088987218008,1.10814372177857,24.0773963928223,705.207427978516,453.095779418945,2.98773648842182,1.91962072322521,1,90,89.9175223725202,0.0758751437658314
167272.929633615,4,997.918874025345,0,219.280011380208,47.2451021977442,0.0708425268491443,47.2451553107714,181.200314068553,323.305263825459,-598435.138374657,4.82579214430422,1.19813417111112,24.0232372283936,705.321411132813,453.169006347656,2.99504886727552,1.92431889592864,1,90,89.9140899523374,0.0788848686958636
167273.129633615,4,990.697470903397,0,228.927843785496,49.0536340567797,0.0763981301806307,49.0536935495254,181.677618269973,341.893791901181,-598435.137065711,5.01154897713843,1.2919046177398,23.9690761566162,705.439453125,453.244842529297,3.00241544795163,1.92905189933179,1,90,89.9107731222921,0.0822985275406948
167279.329633612,4,766.833974123001,0,711.317132521537,107.135842362197,15.1133166781457,108.196585249588,218.350110188176,1291.7645971789,-598144.991280515,11.0088393370451,6.04530156032759,22.2901000976563,710.750366210938,456.657073974609,3.25810587588524,2.09333285878276,1,80,81.9704439677992,1.73376305407504
167279.369633612,4,765.389693498611,0,715.61316465016,107.532141939465,15.2552910875346,108.608864538097,218.669537464534,1300.45862730115,-598142.162011396,11.0500050438314,6.08863443488314,22.2792682647705,710.792785644531,456.684356689453,3.25993108973757,2.09450568806601,1,80,81.9254877029239,1.73092346803737
167279.389633612,4,764.667553186417,0,717.767120713252,107.730362602456,15.3265586713759,108.815138777488,218.829660936981,1304.81856930489,-598140.740985905,11.0705968433541,6.11036015846329,22.2738513946533,710.814025878906,456.698028564453,3.26084470868324,2.09509280302829,1,80,81.9029883660925,1.72959461870474
167279.409633612,4,763.945412874222,0,719.925041546347,107.928630526926,15.398011957435,109.021502739868,218.990056233585,1309.18713431549,-598139.315717008,11.091194611107,6.13212582363674,22.2684364318848,710.835327148438,456.711669921875,3.26175881733732,2.09567991270846,1,80,81.8804784513018,1.72829457347417
167279.429633612,4,763.223272562027,0,722.086928702309,108.126945404854,15.4696511092047,109.227956256742,219.15072304788,1313.56432370143,-598137.886197412,11.1117983182633,6.15393317187814,22.2630195617676,710.856628417969,456.725372314453,3.26267369476033,2.09626779635768,1,80,81.8579839295939,1.7270301260595
167279.449633612,4,762.501132249832,0,724.252779628965,108.3253076595,15.5414742653458,109.434499596178,219.311659793839,1317.95014655381,-598136.452456797,11.1324080101052,6.17577969221372,22.257604598999,710.8779296875,456.739074707031,3.26358878238373,2.09685581509818,1,80,81.8354590272104,1.72569569945869
167279.469633612,4,761.778991937637,0,726.42259825801,108.523717125813,15.6134816697609,109.641132740662,219.472866133846,1322.34460511385,-598135.014490229,11.1530236724522,6.19766490060364,22.2521877288818,710.899230957031,456.752746582031,3.26450463980736,2.0974441883338,1,80,81.812941819097,1.72433624167081
167279.489633612,4,761.056851625443,0,728.596390479128,108.722174194288,15.6856711966565,109.847855884504,219.634340307719,1326.74770792422,-598133.572331093,11.1736453470551,6.21959073319322,22.2467708587646,710.920593261719,456.766448974609,3.26542126828187,2.09803301698729,1,80,81.7904171571154,1.72291589160839
167279.509633612,4,760.334711313248,0,730.774148314958,108.920679476197,15.7580402451685,110.054669369022,219.796079992886,1331.15946617303,-598132.126028084,11.1942730978882,6.24155764374797,22.2413558959961,710.941955566406,456.780181884766,3.26633810776467,2.09862212137025,1,80,81.7678773338451,1.72139082284882
167279.529633612,4,759.612571001053,0,732.955883153714,109.119233383087,15.8305876576602,110.261573540828,219.958084021658,1335.57988860458,-598130.675601724,11.2149069693435,6.26356415737868,22.2359390258789,710.963317871094,456.7939453125,3.26725571881777,2.09921186174924,1,80,81.7453452663787,1.7197832590235
167279.549633612,4,758.890430688858,0,735.14158938406,109.317835992488,15.9033125594874,110.468568454766,220.120351491503,1340.00898091635,-598129.221062866,11.23554697172,6.28560937634992,22.2305240631104,710.984802246094,456.807708740234,3.26817410249386,2.09980173810754,1,80,81.7227979530902,1.71804000454194
167279.569633612,4,758.168290376663,0,737.331276792916,109.516488141826,15.9762111266814,110.67565449042,220.282879319402,1344.44675692194,-598127.762480356,11.2561931915773,6.30769459006082,22.2251071929932,711.006164550781,456.821441650391,3.26909269782905,2.10039197065832,1,80,81.7002615023042,1.71616516493529
167279.589633612,4,757.446150064468,0,739.524935845518,109.715190330019,16.0492824058372,110.882832101704,220.445666483425,1348.89322612353,-598126.299872765,11.2768456823883,6.32981994767513,22.2196922302246,711.027587890625,456.835235595703,3.27001178580539,2.10098262009902,1,80,81.67772350583,1.7141465135071
167279.609633612,4,756.724009752274,0,741.722576740314,109.913943388582,16.1225228258662,111.09010169002,220.608710209132,1353.34840292565,-598124.833302257,11.2975045303653,6.35198474509742,22.2142753601074,711.049072265625,456.848999023438,3.27093192836145,2.10157362639453,1,80,81.6551811186153,1.71195915423619
167279.629633612,4,756.001869440079,0,743.924197871354,110.112747679399,16.1959311284878,111.297463522875,220.772009151381,1357.81229534175,-598123.362793478,11.3181697745987,6.37419075577895,22.2088584899902,711.070556640625,456.862823486328,3.2718525646633,2.10216523066996,1,80,81.6326464182065,1.70959109170855
167279.649633612,4,755.279729127884,0,746.129800696275,110.31160420189,16.2695034970672,111.504918123084,220.935560422559,1362.28491956973,-598121.888413442,11.3388415184438,6.39643598538693,22.2034435272217,711.091979980469,456.876586914063,3.27277313303866,2.10275669092459,1,80,81.6101104036099,1.70703880776768
167279.669633612,4,754.557588815689,0,748.339386179345,110.510513713994,16.3432379511835,111.712466036964,221.099362257803,1366.76628942438,-598120.410201151,11.359519841384,6.41872026843105,22.1980266571045,711.113525390625,456.890411376953,3.27369503873618,2.1033489303262,1,80,81.5875819517549,1.70428928476838
167279.689633612,4,753.835448503494,0,750.552957907319,110.709477003982,16.4171312817183,111.920107657276,221.263412109361,1371.25641807064,-598118.928213935,11.3802048252991,6.44104604664094,22.1926116943359,711.135070800781,456.904266357422,3.27461715804693,2.10394144745816,1,80,81.5650673576719,1.70134035374934
167279.709633612,4,753.113308191299,0,752.770516186371,110.908494897796,16.4911810820269,112.127843526818,221.427708155408,1375.75531983224,-598117.442493243,11.4008965565851,6.46341022103734,22.1871948242188,711.156555175781,456.918090820313,3.2755397729447,2.10453432309283,1,80,81.542540712475,1.69815909845836
167279.729633612,4,752.391167879105,0,754.992061089375,111.107568459929,16.5653845390676,112.335674360396,221.592248165815,1380.2630113631,-598115.95309273,11.4215951457899,6.48581585838875,22.1817798614502,711.178161621094,456.931945800781,3.27646316414569,2.10512747681265,1,80,81.5200553350556,1.69478551761451
167279.749633612,4,751.66902756691,0,757.217595740571,111.306698495881,16.6397380755171,112.543600498984,221.757029131505,1384.77950722515,-598114.460081065,11.4423006761721,6.50826074725039,22.176362991333,711.19970703125,456.94580078125,3.27738705199956,2.10572113028195,1,80,81.4975638597888,1.69116208670571
167279.769633612,4,750.946887254715,0,759.447118745185,111.505885968981,16.7142392982009,112.751622609367,221.922049314193,1389.30482301908,-598112.963499989,11.4630132482789,6.53074421828294,22.1709461212158,711.221374511719,456.959716796875,3.27831199906971,2.10631538414487,1,80,81.4750756128013,1.68730981291272
167279.789633612,4,750.22474694252,0,761.680636175559,111.705131989555,16.7888845896418,112.959741317728,222.087306009417,1393.83897709602,-598111.463415174,11.4837329769617,6.55327019737139,22.1655311584473,711.242980957031,456.973602294922,3.27923687981596,2.10690963548277,1,80,81.4526270395692,1.68324150142947
167279.809633612,4,749.502606630325,0,763.918145545875,111.904437496974,16.8636713689409,113.167957229747,222.25279707131,1398.38198501349,-598109.959877824,11.5044599599343,6.57583484333014,22.1601142883301,711.264587402344,456.987518310547,3.28016254005498,2.10750452839149,1,80,81.4301769943924,1.67891121703179
167279.829633612,4,748.78046631813,0,766.159650305868,112.103803390497,16.9385967118423,113.376270855862,222.418520370074,1402.93386252737,-598108.452938517,11.5251942908116,6.59844117865879,22.1546993255615,711.286254882813,457.001403808594,3.28108869723564,2.10809941899445,1,80,81.4077469897059,1.67435003751195
167279.849633612,4,748.058326005936,0,768.405150794308,112.303230862628,17.0136566460956,113.584682834685,222.584472701571,1407.49462875328,-598106.942676018,11.5459360924081,6.62108625573034,22.1492824554443,711.307861328125,457.015319824219,3.28201535350879,2.10869495193151,1,80,81.3853444693803,1.66954410545989
167279.869633612,4,747.336185693741,0,770.654649846372,112.502720834181,17.0888485142684,113.793193727205,222.750652193675,1412.06429956923,-598105.429135739,11.5666854607449,6.6437721389512,22.1438674926758,711.32958984375,457.029235839844,3.28294278903284,2.10929062364351,1,80,81.3629481513271,1.66447608524206
167279.889633612,4,746.614045381546,0,772.908146109548,112.702274342912,17.1641693851242,114.001804164435,222.917056556579,1416.64289318153,-598103.912374211,11.587442503534,6.66649770399161,22.1384506225586,711.351257324219,457.043182373047,3.28387072470397,2.10988693850909,1,80,81.3405930482435,1.6591785010589
167279.909633612,4,745.891905069351,0,775.165643475368,112.901892631683,17.2396156179599,114.210514868251,223.083682999193,1421.23042839451,-598102.392462087,11.6082073490485,6.68926442308832,22.1330337524414,711.373046875,457.057159423828,3.28479972359576,2.11048371531381,1,80,81.3182547921612,1.65362627166801
167279.929633612,4,745.169764757156,0,777.427141647087,113.101576714298,17.3151840365404,114.419326398469,223.250529183127,1425.82692392322,-598100.869457228,11.6289801024951,6.71207223953606,22.1276187896729,711.394714355469,457.071105957031,3.28572837566525,2.1110804905268,1,80,81.2959333601294,1.64782518742322
167279.949633612,4,744.447624444962,0,779.692644648836,113.301327513281,17.3908725763077,114.628239388194,223.417593684728,1430.43239539117,-598099.34339566,11.6497608604076,6.7349193425831,22.1222019195557,711.41650390625,457.085083007813,3.28665837509644,2.11167791012794,1,80,81.2736441279181,1.64177298979671
167279.969633612,4,743.725484132767,0,781.962151198182,113.501146138954,17.4666770144353,114.837254324469,223.58487308666,1435.04686192027,-598097.814361599,11.6705497369044,6.75780823694192,22.1167869567871,711.438232421875,457.099060058594,3.28758830994197,2.11227546939448,1,80,81.2513839404528,1.6354923662382
167279.989633612,4,743.003343820572,0,784.235663069179,113.701033819028,17.5425945823496,115.046372025355,223.752365607277,1439.67034367973,-598096.282403314,11.6913468596041,6.78073746766369,22.1113700866699,711.460083007813,457.113098144531,3.2885195936253,2.11287381492427,1,80,81.2291650071007,1.62895074533263
167280.009633612,4,742.281203508377,0,786.513181058574,113.900991643775,17.6186226465086,115.255593189205,223.92006919884,1444.30285975314,-598094.747573801,11.7121523417636,6.80370629184702,22.1059551239014,711.481872558594,457.127105712891,3.28945081319724,2.11347215947224,1,80,81.2069644227086,1.62218095632495
167280.129633612,4,737.948361635208,0,800.262534607784,115.102269727476,18.0769429875709,116.513125287208,224.930600629212,1472.28870822582,-598085.481445323,11.8371668126479,6.94238252267053,22.0734577178955,711.613037109375,457.211364746094,3.29505180062024,2.11707072820126,1,80,81.0745329802452,1.57665069134694
167280.329633611,4,730.72695851326,0,823.499674227554,117.110699496717,18.8477718940258,118.617681826866,226.630347748585,1519.66700467141,-598069.843678524,12.0462645086226,7.17680783354085,22.0192966461182,711.832946777344,457.352661132813,3.30443304078456,2.12309819541232,1,80,80.8572260787031,1.48404032667992
167280.529633611,4,723.505555391312,0,847.140124350204,119.127818456209,19.6252733218847,120.733543322037,228.34808103481,1567.98034566583,-598054.001828566,12.2563725073931,7.41540756706326,21.9651374816895,712.054321289063,457.494873046875,3.31387169155738,2.12916242973998,1,80,80.6450445429384,1.37489054094459
167280.729633611,4,716.284152269363,0,871.185585366446,121.154422908103,20.4076108925811,122.861160553441,230.082554615304,1617.24633752392,-598037.991038552,12.4675744464325,7.65823257700684,21.9109764099121,712.277221679688,457.638092041016,3.32336906468938,2.13526451727041,1,80,80.4386823562888,1.2541560944335
167280.929633611,4,709.062749147415,0,895.637916713837,123.191156676351,21.1934562271799,125.000894677241,231.832908922216,1667.48151921295,-598021.836806767,12.6799386402898,7.90532835678587,21.8568153381348,712.50146484375,457.782196044922,3.33292447893757,2.14140400055811,1,80,80.238553493685,1.1257973601342
167281.129633611,4,701.841346025467,0,920.499126576586,125.238564732642,21.981717690056,127.15303381712,233.598460433574,1718.70186442696,-598005.560244645,12.8935234163798,8.15672539589217,21.8026561737061,712.72705078125,457.927124023438,3.34253810314993,2.14758070264964,1,80,80.0449160779102,0.992848790128873
167281.329633611,4,694.619942903519,0,945.771339038853,127.297080032552,22.7716990000344,129.31781339074,235.378820248508,1770.92250638187,-597989.174783279,13.1083758988003,8.41244787120518,21.7484951019287,712.953857421875,458.072845458984,3.35221041386145,2.15379515359873,1,80,79.8578444732877,0.857078192451725
167281.529633611,4,687.39853978157,0,971.456802127301,129.367108999453,23.5627141863529,131.495438668815,237.173610122152,1824.15872990398,-597972.693865971,13.3245405292332,8.67251564628305,21.6943340301514,713.181884765625,458.219329833984,3.36194158916773,2.16004732430311,1,80,79.677389828395,0.719554750577295
167281.729633611,4,680.177136659622,0,997.557832397404,131.44902280892,24.3541795303569,133.686093734602,238.982533094283,1878.42582391412,-597956.129065085,13.5420582469396,8.93693903237045,21.640172958374,713.410949707031,458.366516113281,3.37173123817694,2.16633723038335,1,80,79.503558397072,0.580950499403538
167281.929633611,4,672.955733537674,0,1024.07683369261,133.543176813728,25.1455699641057,135.889954604166,240.805345135457,1933.73931972787,-597939.490947318,13.7609684652932,9.2057346147108,21.5860137939453,713.641052246094,458.514373779297,3.38157953569201,2.17266484083658,1,80,79.3363284563785,0.441845355111976
167282.12963361,4,665.734330415726,0,1051.01628156495,135.649906573421,25.9364160244471,138.107186017133,242.641849564318,1990.11491404381,-597922.789098914,13.9813086620499,9.47891015917047,21.531852722168,713.872131347656,458.662811279297,3.39148726697786,2.17903041172573,1,80,79.1756185174206,0.302887328361305
167282.46963361,4,653.457945108414,0,1103.37018957431,139.689032905021,27.2800542847756,141.908056713024,245.796329021123,2100.21982148243,-597890.897614002,14.3592861738353,9.95340203949201,21.4289474487305,714.3134765625,458.946380615234,3.40846572627363,2.19058430146706,0.912998417207947,78.9166026598344,78.9166026598344,0.0337019741052701
167282.66963361,4,646.236541986465,0,1131.54437864351,141.833269928928,28.0594025714155,144.160932338485,247.662718966846,2159.75519154652,-597874.254027004,14.5836906691702,10.2384859194761,21.3747863769531,714.546875,459.096374511719,3.41853344563334,2.19705667151184,0.910308789906523,78.7763405671938,78.7763405671938,0.15597290312843
167282.86963361,4,639.015138864517,0,1160.14683046949,143.984764254615,28.8327643411857,146.420793478889,249.535531628972,2220.31780461036,-597857.636907546,14.8090018181915,10.5272899431662,21.3206272125244,714.781005859375,459.246795654297,3.42866062942062,2.20356725027547,0.907619225031584,78.6432645392722,78.6432645392722,0.265490432458465
167283.06963361,4,631.793735742569,0,1189.1788771858,146.14339625116,29.6065415678179,148.688503852413,251.419788479532,2281.9132039909,-597840.913173501,15.035194602473,10.8195003537276,21.2664661407471,715.015686035156,459.397552490234,3.43884744600603,2.21011614481867,0.904929817687969,78.5146144522488,78.5146144522488,0.328813983836287
167283.26963361,4,624.572332620621,0,1218.64231661567,148.309225058169,30.385948917496,150.965106130596,253.319677966553,2344.54954374291,-597823.979781257,15.2622810977275,11.1152083540449,21.2123050689697,715.250854492188,459.548675537109,3.44909408409679,2.21670332653322,0.902240717583021,78.3882943227136,78.3882943227136,0.358206472808532
167283.46963361,4,617.350929498672,0,1248.53907770582,150.482357828051,31.1741941049181,153.251345686722,255.237743068834,2408.2357106898,-597806.775447536,15.4902785219467,11.4145109912499,21.158145904541,715.486572265625,459.700103759766,3.45940042446405,2.22332905657023,0.899551955249149,78.2630500377266,78.2630500377266,0.368975145568161
167283.66963361,4,610.129526376724,0,1278.87102021603,152.662931441229,31.9725732088256,155.547631701295,257.174967562151,2472.98110196402,-597789.276117136,15.7192053921212,11.7174444504725,21.1039848327637,715.722595214844,459.851745605469,3.46976698691496,2.22999335372378,0.896863659553189,78.1383911182995,78.1383911182995,0.372840755251202
167283.86963361,4,602.908123254776,0,1309.63987705717,154.851084472045,32.7812388612927,157.854159011268,259.131413715758,2538.79525119322,-597771.478857917,15.9490804246596,12.0240057874982,21.0498237609863,715.958801269531,460.003540039063,3.48019306022261,2.23669603317042,0.894176039273912,78.0142774649402,78.0142774649402,0.376421278245914
167284.069633609,4,595.686720132828,0,1340.84726204851,157.046886660305,33.5998252715633,160.1709603966,261.106698476171,2605.68672525242,-597753.389661939,16.1799160623059,12.3341738240124,20.995662689209,716.1953125,460.155487060547,3.49067970532948,2.24343751615341,0.89148905891045,77.8908423648237,77.8908423648237,0.382029647471303
167284.269633609,4,588.46531701088,0,1372.49471234321,159.250349765995,34.4278973210513,162.497975425331,263.100344485105,2673.6632403488,-597735.014646741,16.4117167050193,12.6478892282387,20.9415035247803,716.431884765625,460.307495117188,3.5012265595033,2.25021791608761,0.88880280691985,77.7682318995768,77.7682318995768,0.389525596585625
167284.469633609,4,581.243913888931,0,1404.58371978288,161.461509340369,35.2651796848403,164.835196085171,265.112021469854,2742.73297573032,-597716.356236361,16.6444893110083,12.9651025894133,20.8873424530029,716.668640136719,460.459564208984,3.51183409576895,2.2570368960293,0.886117547975624,77.646541022869,77.646541022869,0.397727831570372
167284.669633609,4,574.022510766983,0,1437.11578248465,163.680394047319,36.1116055920928,167.182651672259,267.141566897217,2812.90409539233,-597697.412324999,16.8782405674973,13.2857535734807,20.8331813812256,716.9052734375,460.611602783203,3.52250221109492,2.26389488449617,0.883433243167163,77.5257347197934,77.5257347197934,0.405415717359647
167284.869633609,4,566.801107645035,0,1470.09242341644,165.907034880355,36.967276173745,169.540408703273,269.188954745127,2884.18488965265,-597678.177480734,17.1129775652321,13.609804167162,20.7790222167969,717.141845703125,460.763610839844,3.53323047706348,2.27079199516496,0.880749978095069,77.4058185322664,77.4058185322664,0.411714694689737
167285.069633609,4,559.579704523087,0,1503.5151765648,168.141462709947,37.8323773620501,171.908552847491,271.254226641136,2956.58373579604,-597658.644602079,17.3487075529483,13.9371991895175,20.7248611450195,717.378295898438,460.91552734375,3.5440200379833,2.27772824859772,0.878067873650552,77.2866869366998,77.2866869366998,0.416339011741028
167285.269633609,4,552.358301401138,0,1537.38560467702,170.383712287901,38.7071204178516,174.287180546521,273.337446736404,3030.10915955948,-597638.806193623,17.5854382975887,14.2679074576858,20.6707000732422,717.614379882813,461.067260742188,3.55487077248281,2.28470345473685,0.875387129937331,77.1682869092995,77.1682869092995,0.419305882370781
167285.469633609,4,545.13689827919,0,1571.70527424326,172.633819709044,39.5917014580924,176.676387862585,275.438668573798,3104.76979558624,-597618.655025927,17.8231777901419,14.6018783419988,20.6165390014648,717.850280761719,461.218811035156,3.56578194757927,2.29171805487899,0.872707703175819,77.0505318574726,77.0505318574726,0.420858390712275
167285.669633609,4,537.915495157242,0,1606.47577546863,174.891823719445,40.4862873296363,179.076268154663,277.557924712679,3180.57441043085,-597598.18449236,18.0619343383146,14.9390721281416,20.5623798370361,718.085815429688,461.3701171875,3.57675502908183,2.2987721646815,0.87002967528846,76.9333614865781,76.9333614865781,0.421248560930758
167285.869633609,4,530.694092035294,0,1641.69869384659,177.157757964912,41.3910107197676,181.486904528986,279.695219786606,3257.53176730871,-597577.38860035,18.3017159035797,15.2794370417332,20.5082187652588,718.320922851563,461.521179199219,3.58778959184887,2.30586574614031,0.867353185391523,76.8167494512001,76.8167494512001,0.420729409991882
167286.069633608,4,523.472688913345,0,1677.37562664831,179.431652864496,42.3059804261929,183.908370926038,281.850538082842,3335.65064780379,-597556.261748403,18.5425300108802,15.6229224415173,20.4540576934814,718.555480957031,461.671875,3.59888584277699,2.31299894616028,0.8646783014407,76.7006684964347,76.7006684964347,0.419456416605155
167286.269633608,4,516.251285791397,0,1713.5081756654,181.713532906571,43.2312910519051,186.340734724883,284.023851678209,3414.93980785075,-597534.798583665,18.7843838236511,15.969478866928,20.3998985290527,718.789428710938,461.822204589844,3.61004365373177,2.32017218778637,0.862004988478101,76.5850699043702,76.5850699043702,0.417572682676085
167286.469633608,4,509.029882669449,0,1750.09793556272,184.003420547401,44.1670269260318,188.784057847764,286.215123795413,3495.40803496982,-597512.99386847,19.0272841826223,16.3190460502094,20.3457374572754,719.022888183594,461.972198486328,3.62126390867917,2.32738519161785,0.859333473119559,76.4699506723127,76.4699506723127,0.415124105407468
167286.669633608,4,501.808479547501,0,1787.14651400305,186.301333323931,45.113266291909,191.238396443471,288.424311292343,3577.0640988599,-597490.842343547,19.2712374811228,16.6715718120588,20.291576385498,719.255615234375,462.121704101563,3.63254648574047,2.33463791815666,0.856663889696063,76.3552699652397,76.3552699652397,0.412180096619158
167286.869633608,4,494.587076425552,0,1824.65552138048,188.607285978805,46.0700907116405,193.70380529741,290.651373325603,3659.91678185517,-597468.338717322,19.5162499178389,17.0269862195215,20.2374153137207,719.487548828125,462.270751953125,3.64389125716124,2.3419312959342,0.853996017505797,76.2410392223016,76.2410392223016,0.408759789597151
167287.069633608,4,487.365673303604,0,1862.62655730767,190.921303267004,47.0375550657288,196.180335338614,292.896251600814,3743.97512702062,-597445.478902142,19.7623279558669,17.3852323720227,20.183256149292,719.71875,462.419281005859,3.65529912532306,2.34926498300346,0.851330103019311,76.1272117265978,76.1272117265978,0.404805366076357
167287.269633608,4,480.144270181656,0,1901.06122007372,193.243382329749,48.0157202816378,198.668044720645,295.158897839649,3829.24772333226,-597422.254959268,20.0094787425661,17.746247902277,20.1290950775146,719.949035644531,462.567260742188,3.66676996870342,2.35663878609325,0.848666334358151,76.0137948456494,76.0137948456494,0.399855711107573
167287.469633608,4,472.922867059708,0,1939.96113540826,195.573540459393,49.00484095365,201.167002728413,297.439387085472,3915.74361042853,-597398.660432838,20.257705884121,18.1099601465847,20.0749340057373,720.178466796875,462.714630126953,3.67830432147391,2.36405364852444,0.846004489470166,75.9007184378819,75.9007184378819,0.394180805763844
167287.669633608,4,465.701463937759,0,1979.32791227929,197.911791395414,50.0049836922123,203.677273423066,299.737678940783,4003.47182992031,-597374.688699876,20.5070170137303,18.4763137148837,20.0207748413086,720.406860351563,462.861419677734,3.68990159049336,2.37150922648528,0.843344810833445,75.7879718250074,75.7879718250074,0.387762773454208
167287.869633607,4,458.480060815811,0,2019.16319596872,200.258126977493,51.0163133387208,206.198917990819,302.053789642902,4092.44104077131,-597350.33189223,20.7574170327408,18.8452288758011,19.9666137695313,720.634216308594,463.007507324219,3.70156348598114,2.37900602390978,0.840687236559873,75.6755120360334,75.6755120360334,0.381209843286667
167288.069633607,4,451.258657693863,0,2059.46862754191,202.612560311403,52.0388351557991,208.731968579257,304.387623219834,4182.66036596708,-597325.586719584,21.0089117163581,19.2166493970157,19.9124526977539,720.860595703125,463.152923583984,3.71328879297024,2.3865435355609,0.838032061933432,75.5633532404303,75.5633532404303,0.375063542524254
167288.269633607,4,444.037254571915,0,2100.24585418112,204.975086729081,53.0725125751311,211.276436522687,306.739047618549,4274.13861208374,-597300.450399803,21.2615057426936,19.5904834244069,19.8582916259766,721.085845947266,463.297653198242,3.72507848530811,2.39412272564153,0.835379063311836,75.45149485225,75.45149485225,0.369903569815896
167288.469633607,4,436.815851449966,0,2141.49651343504,207.345710126323,54.1172106980596,213.832308128775,309.107860300454,4366.8847967895,-597274.922859845,21.5152037238897,19.9666499425751,19.8041324615479,721.309936523438,463.441619873047,3.73693319943452,2.40174372285092,0.832618645530539,75.3400036772524,75.3400036772524,0.366152710247211
167288.669633607,4,429.594448328018,0,2183.22218349145,209.724485371701,55.1725624988735,216.399563415399,311.493727427742,4460.90908418526,-597249.008225316,21.7700158096926,20.3450615698104,19.7499713897705,721.532775878906,463.584808349609,3.74885313566109,2.40940586086395,0.820542044087227,75.2289691976428,75.2289691976428,0.3624608071247
167288.869633607,4,422.37304520607,0,2225.42443528818,212.111380525596,56.2387675753817,218.978250966373,313.89668798128,4556.21993998706,-597222.695457964,22.0259451427978,20.7256245056464,19.6958103179932,721.754455566406,463.727203369141,3.76083821939358,2.41711059611183,0.808474393766397,75.1183335189262,75.1183335189262,0.357699209138225
167289.069633607,4,415.151642084122,0,2268.10489466449,214.506411564977,57.3160558332956,221.568457717907,316.316823533529,4652.82691168832,-597195.975637136,22.2829981881249,21.1082671973448,19.6416511535645,721.974731445313,463.868743896484,3.77288864732955,2.4248575849516,0.796418450161234,75.0080472683624,75.0080472683624,0.35202284122882
167289.269633607,4,407.930238962173,0,2311.26520974236,216.909601255607,58.4045691930472,224.170263038523,318.754160762788,4750.7397704029,-597168.841416798,22.5411828644089,21.4929192967147,19.5874900817871,722.193786621094,464.009490966797,3.78500571909266,2.43264703365376,0.784376319917451,74.8980891049748,74.8980891049748,0.345780868739512
167289.469633607,4,400.708835840225,0,2354.90702943155,219.320969134038,59.5043873018888,226.783729848461,321.208680995949,4849.9682861648,-597141.286723374,22.8005069711988,21.8794836409015,19.5333290100098,722.411437988281,464.149322509766,3.79718900472606,2.44047891242151,0.772350642359484,74.7884376113246,74.7884376113246,0.339312182345734
167289.669633607,4,393.487432718277,0,2399.03200214973,221.740532384396,60.6155475888572,229.408905675294,323.680332918751,4950.52224994183,-597113.306446335,23.0609778179935,22.2678889254387,19.4791679382324,722.627624511719,464.288238525391,3.8094387079507,2.44835406783708,0.760343633163277,74.6790931408168,74.6790931408168,0.332795711983607
167289.869633606,4,386.266029596329,0,2443.64176372811,224.168304307491,61.7380619523766,232.04582916848,326.169046836538,5052.41144106898,-597084.895771821,23.3226025179313,22.6580451978741,19.4250087738037,722.842468261719,464.42626953125,3.82175647764853,2.45627231599497,0.748357961191028,74.5700669713505,74.5700669713505,0.326350143741376
167290.069633606,4,379.04462647438,0,2488.73796710989,226.604298194035,62.87194592982,234.694538803643,328.674756866893,5155.6457146178,-597056.049816504,23.5853881638257,23.0498531772537,19.3708477020264,723.055786132813,464.563354492188,3.83414156445214,2.46423395323425,0.736396203851595,74.4613473554212,74.4613473554212,0.319915414852934
167290.269633606,4,371.823223352432,0,2534.32225540618,229.048527401443,64.0172138902152,237.355071959251,331.197397617729,5260.23500339431,-597026.763568628,23.8493418565044,23.4432282355804,19.316686630249,723.267639160156,464.699462890625,3.84659488323555,2.4722395211784,0.724460953045467,74.3529356553675,74.3529356553675,0.313498863678616
167290.469633606,4,364.601820230484,0,2580.39627335314,231.50100754082,65.1738883187892,240.027470845155,333.73691332403,5366.18937690032,-596997.031791294,24.1144711000871,23.8380737933882,19.2625274658203,723.477966308594,464.834594726563,3.85911632619392,2.48028932558967,0.712554687956126,74.244864827879,74.244864827879,0.307100186327525
167290.669633606,4,357.380417108536,0,2626.96167573321,233.961764388914,66.3419941232267,242.711783750707,336.293255651985,5473.51923953916,-596966.849133949,24.3807840944997,24.2342918990373,19.208366394043,723.686828613281,464.968780517578,3.8717072584889,2.4883834297947,0.700680180228599,74.1370875717956,74.1370875717956,0.30067335554138
167290.869633606,4,350.159013986588,0,2674.02012142958,236.430853413108,67.5215666624609,245.408090470014,338.866406275848,5582.23583235766,-596936.209847528,24.6482923126795,24.631783710885,19.1542053222656,723.893981933594,465.101898193359,3.88436758344083,2.49652197667682,0.688839815314926,74.0296430836815,74.0296430836815,0.294217737164124
167291.069633606,4,342.937610864639,0,2721.57328584616,238.908336397779,68.7126446444608,248.116480739222,341.456357734457,5692.3506916943,-596905.108133376,24.9170083364814,25.0304722688253,19.1000442504883,724.099609375,465.233978271484,3.89709752673388,2.5047058576381,0.677035949185641,73.9225091746737,73.9225091746737,0.28771792784803
167291.269633606,4,335.716207742691,0,2769.62285898137,241.394288406131,69.915268400066,250.837055033707,344.063113030495,5803.87584283273,-596873.537988231,25.1869459993142,25.4302548729715,19.0458850860596,724.303649902344,465.365081787109,3.90989848558423,2.51293489667279,0.665270949974883,73.8157017656611,73.8157017656611,0.281222893490549
167291.469633606,4,328.494804620743,0,2818.17054230976,243.888789592948,71.1294770705877,253.569923705699,346.686683692781,5916.82360181271,-596841.493473021,25.4581203799236,25.8310504529841,18.9917240142822,724.506042480469,465.4951171875,3.92277037201459,2.52120940819161,0.653547169848103,73.7092190347085,73.7092190347085,0.274703283160319
167291.669633605,4,321.273401498795,0,2867.21805405058,246.391913549458,72.3553069696149,256.315187452417,349.327074871996,6031.20628879417,-596808.968630813,25.7305456985327,26.2327588294384,18.9375629425049,724.706787109375,465.624084472656,3.93571415074213,2.52953030530504,0.64186670588136,73.6030446746425,73.6030446746425,0.268200903252298
167291.869633605,4,314.051998376846,0,2916.76712829841,248.90373143414,73.5927914598435,259.072946182067,351.984291572853,6147.03632775648,-596775.957319734,26.0042363011958,26.6352905681475,18.8834037780762,724.905822753906,465.751983642578,3.94872940206951,2.53789758334728,0.630232130654198,73.4972027347733,73.4972027347733,0.261690374897587
167292.069633605,4,306.830595254898,0,2966.81951018865,251.424315866201,74.8419788460111,261.843300799554,354.658348867665,6264.32634809415,-596742.453271677,26.279206336314,27.0385602068322,18.8292427062988,725.103210449219,465.878814697266,3.96181789942438,2.54631149209196,0.618645642532597,73.3916829403186,73.3916829403186,0.255212404978005
167292.269633605,4,299.60919213295,0,3017.3769666251,253.953747467385,76.1028890288472,264.626354074069,357.34925091232,6383.08935501636,-596708.450640607,26.5554711230136,27.4424592371445,18.7750816345215,725.298950195313,466.004547119141,3.97497956809198,2.5547723593158,0.607109621110407,73.2864985171263,73.2864985171263,0.248755232441819
167292.469633605,4,292.387789011002,0,3068.44127048424,256.492105351702,77.3755565868111,267.42221187047,360.05701339514,6503.33850206353,-596673.943100841,26.8330460355361,27.8468989720849,18.7209205627441,725.492950439453,466.12922668457,3.98821466261082,2.56328096092547,0.595626310127772,73.1816391986472,73.1816391986472,0.242304247420792
167292.669633605,4,285.166385889053,0,3120.0142244728,259.039472947642,78.6600157653847,270.230982934744,362.781655827314,6625.08724181145,-596638.924322869,27.1119469201814,28.2517749163554,18.6667613983154,725.685302734375,466.252807617188,4.00152499759519,2.57183763736672,0.58419816425743,73.0771021526315,73.0771021526315,0.235870157781016
167292.869633605,4,277.944982767105,0,3172.09763495042,261.595935386716,79.9563164749528,273.052779807764,365.523209976869,6748.34926589532,-596603.38746965,27.3921897182942,28.6569911096748,18.6126003265381,725.875915527344,466.375244140625,4.01491051132382,2.5804423920447,0.572827481834644,72.9729200017697,72.9729200017697,0.229453632716757
167293.069633605,4,270.723579645157,0,3224.69333305152,264.161600204243,81.2645011861398,275.887734834128,368.281720245481,6873.13908882393,-596567.32581522,27.6737929467135,29.0624461440459,18.5584392547607,726.064819335938,466.496612548828,4.02837188839353,2.58909619227759,0.561516543194468,72.8690593596221,72.8690593596221,0.223077565558241
167293.269633605,4,263.502176523209,0,3277.8031739858,266.736568799275,82.5846082732545,278.735978598703,371.057229828801,6999.47127350757,-596530.732775787,27.956775210093,29.468041257275,18.504280090332,726.252075195313,466.616943359375,4.041909065422,2.59779922099236,0.550267242293486,72.7655421882774,72.7655421882774,0.21672273461992
167293.469633605,4,256.28077340126,0,3331.42902690277,269.320932682905,83.9166684985322,281.597626719424,373.849768872875,7127.36032364075,-596493.601744185,28.2411538357091,29.8736830523913,18.4501190185547,726.437530517578,466.736083984375,4.05552391123192,2.60655165974548,0.539082155640435,72.6623555023907,72.6623555023907,0.210407532547845
167293.669633604,4,249.059370279312,0,3385.57278078888,271.914790501047,85.260712862244,284.472798431261,376.659372152534,7256.82115441374,-596455.926107277,28.5269467125236,30.2792597896088,18.3959579467773,726.621276855469,466.854156494141,4.06921706342799,2.61535433103322,0.535300316055805,72.5595238281456,72.5595238281456,0.204117880745808
167293.869633604,4,241.837967157364,0,3440.23639857036,274.518975739504,86.6169055320921,287.362049669763,379.486468640239,7387.89036544785,-596417.692613746,28.8142167767568,30.6846859959504,18.3417987823486,726.803344726563,466.971130371094,4.08298847649025,2.62420777083612,0.533494342772232,72.457040752699,72.457040752699,0.197891020578633
167294.069633604,4,234.616564035416,0,3495.42221876769,277.136039775112,87.9860067596323,290.26790112681,382.33325667696,7520.65656773269,-596378.872816874,29.1032295132184,31.0901457694327,18.2876377105713,726.983703613281,467.087036132813,4.09683972740084,2.63311245142999,0.531690167368161,72.3548966068897,72.3548966068897,0.191654241162566
167294.269633604,4,227.395160913467,0,3551.13304193504,279.767828823048,89.3686891388539,293.192558256074,385.201665124393,7655.19102204591,-596339.443487415,29.3942188372112,31.4960605630443,18.2334766387939,727.162475585938,467.201873779297,4.11077114104474,2.64206806082478,0.529887939208864,72.2531287162725,72.2531287162725,0.185484342425271
167294.469633604,4,220.173757791519,0,3607.37190661137,282.414972178594,90.76525685029,296.136975652905,388.092509989276,7791.53103714099,-596299.391475845,29.6872903979127,31.9026520724916,18.1793155670166,727.339416503906,467.315582275391,4.124783390149,2.65107650067409,0.528087363621541,72.1517106853914,72.1517106853914,0.179361954410237
167294.669633604,4,212.952354669571,0,3664.14180798887,285.076623648609,92.1755612765233,299.100626894572,391.005274477075,7929.67005028413,-596258.716931551,29.9823976713992,32.3098563075983,18.1251564025879,727.514831542969,467.428253173828,4.13887810870492,2.66013764821814,0.526288555382754,72.0506765107348,72.0506765107348,0.173247382588219
167294.869633604,4,205.730951547623,0,3721.44543136365,287.750698199879,93.5989634752028,302.081420231676,393.938020931722,8069.56234251754,-596217.431547597,30.2793328724727,32.7172622104834,18.0709953308105,727.688537597656,467.539855957031,4.15305494764453,2.66925165408854,0.524491573454902,71.9499956802171,71.9499956802171,0.167208982502074
167295.069633604,4,198.509548425674,0,3779.28517952282,290.436825228607,95.0351984673834,305.078501670227,396.889922483002,8211.21256337955,-596175.531850878,30.5780155487641,33.1243355164819,18.0168342590332,727.860595703125,467.650421142578,4.16731608003125,2.67841943307582,0.522696327061919,71.8497005200687,71.8497005200687,0.161188195436165
167295.269633604,4,191.288145303726,0,3837.66353093716,293.135641949395,96.4844536020103,308.092487665488,399.86148243475,8354.65660360816,-596133.005069255,30.8785170690224,33.5309204858632,17.9626731872559,728.031005859375,467.759887695313,4.18166115943604,2.68764188716313,0.520902731382019,71.7497951478927,71.7497951478927,0.155258407425697
167295.469633604,4,184.066742181778,0,3896.58311376965,295.848016959083,97.9470063001032,311.124268849438,402.853458181491,8499.93873148598,-596089.835846132,31.1809374262153,33.9370407405548,17.9085140228271,728.199829101563,467.868377685547,4.19609152197501,2.69691925269936,0.519110833073231,71.6502749893574,71.6502749893574,0.14937112865394
167295.669633603,4,176.84533905983,0,3956.04675710283,298.574956384647,99.423196626025,314.174906131941,405.866769661159,8647.10902399756,-596046.006976572,31.4853944862105,34.3427669084175,17.8543529510498,728.367004394531,467.975799560547,4.21060895041197,2.70625176674065,0.517320678440103,71.5511366696557,71.5511366696557,0.14352269611581
167295.869633603,4,169.623935937881,0,4016.05747881858,301.317479282461,100.913379063812,317.245501384333,408.902378836693,8796.21959922777,-596001.500786929,31.792010963952,34.74819486823,17.8001918792725,728.53271484375,468.082244873047,4.22521357523861,2.71564053959408,0.515532147789068,71.4523951529787,71.4523951529787,0.137757483330723
167296.069633603,4,162.402532815933,0,4076.61851071508,304.076528735271,102.41787878077,320.337087080192,411.961185090259,8947.32176174957,-595956.30025825,32.1009033371749,35.1534046480058,17.7460327148438,728.696838378906,468.187683105469,4.23990543064366,2.72508653716786,0.513745153008975,71.3540719352037,71.3540719352037,0.132066709493476
167296.269633603,4,155.181129693985,0,4137.73324000626,306.852900560628,103.936988924973,323.450560455437,415.043972502197,9100.46355508815,-595910.389075905,32.412174405904,35.558462547992,17.6918716430664,728.859436035156,468.292175292969,4.25468699112207,2.73458942605544,0.511959852788379,71.2561332465476,71.2561332465476,0.126448555384246
167296.469633603,4,147.959726572037,0,4199.40520897391,309.647186519386,105.470942443494,326.586613582143,418.151342593,9255.68762864801,-595863.752565386,32.7259061754162,35.9633886842854,17.6377105712891,729.0205078125,468.395660400391,4.26955939263518,2.74415053950922,0.510176092690011,71.1586097493215,71.1586097493215,0.120869086000898
167296.669633603,4,140.738323450089,0,4261.63803881407,312.459746304547,107.01990087811,329.745700191493,421.2836827633,9413.02994130668,-595816.377981952,33.0421563264235,36.3681518681847,17.5835494995117,729.180053710938,468.498168945313,4.28452198775692,2.75377014727399,0.508393920017576,71.0615134297423,71.0615134297423,0.115356834857277
167296.869633603,4,133.51692032814,0,4324.4354041823,315.290690557142,108.583940720165,332.928010580757,424.441139969432,9572.51877727592,-595768.254873941,33.3609556678359,36.7726625845797,17.529390335083,729.338256835938,468.599792480469,4.29957767575115,2.76344942859882,0.50661321517646,70.9648275530631,70.9648275530631,0.109922109630158
167297.069633603,4,126.295517206192,0,4387.8009743233,318.139892221811,110.163066307962,336.133485054216,427.623635672617,9734.17468599393,-595719.374926418,33.6823090888283,37.1767801764888,17.4752292633057,729.494873046875,468.700469970703,4.31472654993612,2.7731883099072,0.504834091142858,70.8685774926283,70.8685774926283,0.104600114232114
167297.269633603,4,119.074114084244,0,4451.73836710316,321.007014296102,111.757190849351,339.361827824601,430.830868070904,9898.0109915128,-595669.73230941,34.0061976559093,37.5802976639567,17.4210681915283,729.650268554688,468.800262451172,4.32996942187313,2.78298835011486,0.503056363833582,70.7727457687057,70.7727457687057,0.0994127407593042
167297.469633602,4,111.852710962296,0,4516.25112135627,323.891557384259,113.366161416286,342.612560195047,434.062363544043,10064.0350551315,-595619.323272459,34.3325837431387,37.9829589554091,17.3669090270996,729.804138183594,468.899139404297,4.34530853634421,2.7928496705477,0.501280113557078,70.6773449174043,70.6773449174043,0.0943840234082277
167297.669633602,4,104.631307840347,0,4581.34264702955,326.792868061759,114.989771353717,345.885038165796,437.317495326353,10232.2482672513,-595568.145492449,34.6614125178994,38.3844633304318,17.3127479553223,729.956756591797,468.997192382813,4.36074364427098,2.8027731180377,0.49950529031054,70.5823955685668,70.5823955685668,0.0895186401227525
167297.869633602,4,97.409904718399,0,4647.01621975109,329.71017628202,116.627761727848,349.178483146296,440.595507845206,10402.647059723,-595516.198348589,34.9926153258725,38.7844730622549,17.2585868835449,730.108032226563,469.094390869141,4.37627752819755,2.81275937903994,0.497731875123229,70.4878809741764,70.4878809741764,0.0848073203326756
167298.069633602,4,90.1885015964508,0,4713.27494094602,332.642635913229,118.279843057779,352.492024191687,443.895558672694,10575.2241291043,-595463.482301886,35.326113726189,39.1826282220579,17.2044277191162,730.257934570313,469.190704345703,4.39190884758249,2.82280931874337,0.495959819426712,70.3938169694796,70.3938169694796,0.0802524634787052
167298.269633602,4,82.9670984745026,0,4780.12174731924,335.589345844725,119.945682217688,355.824726368567,447.216735724354,10749.9690317559,-595409.999083437,35.6618231712085,39.57854264814,17.1502666473389,730.406616210938,469.286254882813,4.4076413866461,2.83292393819112,0.494189053622783,70.3001926003775,70.3001926003775,0.0758088387919711
167298.469633602,4,75.7456953525543,0,4847.55938138883,338.549320743083,121.624930583701,359.175582001186,450.558061514489,10926.8669962464,-595355.751369245,35.9996509458355,39.9718324043451,17.0961055755615,730.554077148438,469.380981445313,4.42347492388787,2.84310319333311,0.492419692427242,70.2070218638656,70.2070218638656,0.0714546849556504
167298.669633602,4,68.5242922306061,0,4915.59039704478,341.521827718863,123.317260160631,362.543647489564,453.918616208613,11105.9111822244,-595300.739081433,36.3395107324551,40.3620583936745,17.0419445037842,730.700317382813,469.474914550781,4.43940996616331,2.85334854696135,0.490651589512582,70.1143157273026,70.1143157273026,0.0672162454580125
167298.869633602,4,61.3028891086578,0,4984.21733539191,344.507218537148,125.022737604586,365.929150745238,457.298568382797,11287.1342829578,-595244.950059677,36.681438404461,40.7489428290292,16.9877853393555,730.845336914063,469.568115234375,4.45544926249296,2.86366052519142,0.488884763988014,70.0220607599441,70.0220607599441,0.0630978460484805
167299.069633602,4,54.0814859867096,0,5053.44282613706,347.50603640595,126.741543959331,369.332665609121,460.698409004057,11470.5769704708,-595188.369806858,37.0255064849298,41.1324100437142,16.9336242675781,730.989196777344,469.660552978516,4.4715933568092,2.87403965734274,0.487119235262886,69.9302567832538,69.9302567832538,0.0590784158614385
167299.269633602,4,46.8600828647614,0,5123.2696193041,350.518796529487,128.47385965362,372.754763626771,464.11862901331,11656.2799258294,-595130.983873249,37.3717878140007,41.5123852883436,16.8794631958008,731.132019042969,469.752288818359,4.48784367583831,2.8844870787891,0.485354921606277,69.838915472172,69.838915472172,0.0551879268297819
167299.469633601,4,39.6386797428131,0,5193.70055670955,353.545985357887,130.219859075381,376.19597462646,467.559685620606,11844.2837709811,-595072.777647075,37.7203511377884,41.8888108885102,16.8253040313721,731.273681640625,469.843322753906,4.50420078011147,2.89500371757346,0.483591779693276,69.748050900953,69.748050900953,0.0514032628553134
167299.669633601,4,32.4172766208649,0,5264.73857295478,356.588070798029,131.979716152159,379.656812599166,471.022024858463,12034.6294275275,-595013.736253525,38.0712639209835,42.2616034457172,16.7711429595947,731.414245605469,469.933624267578,4.52066639563255,2.90558989736721,0.481829869132101,69.6576356483271,69.6576356483271,0.0477127493981425
167299.869633601,4,25.1958734989166,0,5336.38669865218,359.645500384544,133.753600482741,383.137771535955,474.506076644637,12227.3580113077,-594953.845004289,38.4245919996389,42.6306738379833,16.7169818878174,731.553771972656,470.023284912109,4.53724224904062,2.91624675004451,0.48006911622915,69.5676872024545,69.5676872024545,0.044142156248521
167300.069633601,4,17.9744703769684,0,5408.64805232175,362.718717113403,135.541655314548,386.639329545604,478.012249852418,12422.5114270668,-594893.089448964,38.7804008807283,42.9959348948944,16.66282081604,731.692260742188,470.112274169922,4.5539281847177,2.92697528353555,0.478309471171521,69.4782063885372,69.4782063885372,0.0406440631668506
167300.269633601,4,10.7530672550201,0,5481.52583604353,365.808142279978,137.344044277639,390.16195190464,481.540952107746,12620.1317168179,-594831.454448572,39.1387543835387,43.3572959883376,16.6086616516113,731.829833984375,470.200653076172,4.57072751771801,2.93777589884004,0.476550985578166,69.3891923794765,69.3891923794765,0.0372124510545492
167300.469633601,4,3.5316641330719,0,5555.02333722624,368.914188152338,139.160925064877,393.706093112447,485.092581471968,12820.2615270532,-594768.924759558,39.4997158517031,43.7146417187037,16.554500579834,731.966430664063,470.288421630859,4.58764050952654,2.9486495721851,0.474793618477535,69.3006643097407,69.3006643097407,0.0338460797488499
167301.2296336,3,0,716.227593296863,5836.33333403838,371.089233798351,142.682395233951,397.479568545293,489.485643015814,13198.6639873384,-594649.462486807,39.8519644076337,43.2193173265362,14.9442558288574,220.907363891602,220.907363891602,1.53578516000793,1.53604071988416,0.911434170902436,68.9631795952156,68.9631795952156,0.0273310371078262
167301.4296336,3,0,715.025476413125,5910.60183295817,371.597924193282,143.542975934942,398.263717978935,490.446794906104,13295.9797256881,-594618.263097171,39.9223146350613,42.9517781165767,14.9309034347534,221.022659301758,221.022659301758,1.53833967618172,1.53859494709427,0.909921095635981,68.8738862834839,68.8738862834839,0.0276741142353645
167301.6296336,3,0,713.825353966313,5984.97202064272,372.106852341349,144.407496707692,399.050472229566,491.410946191178,13393.4594196087,-594586.825429411,39.9927855370222,42.6844262930784,14.917573928833,221.136810302734,221.136810302734,1.54088947545558,1.54114425832528,0.908415933445023,68.7844325656575,68.7844325656575,0.0272665511963482
167301.8296336,3,0,712.627215777444,6059.44396878488,372.616026278424,145.276134832255,399.83992610632,492.378233029451,13491.103806417,-594555.141614147,40.0633807096434,42.4172726112684,14.9042654037476,221.24983215332,221.24983215332,1.5434347581728,1.54368904224113,0.90691840240537,68.6948007913899,68.6948007913899,0.0264864858035894
167302.0296336,3,0,711.431051694359,6134.01776019367,373.125473675288,146.148987168356,400.632120229146,493.348718321547,13588.9142382439,-594523.211394309,40.1341003229791,42.1503231521738,14.8909788131714,221.361770629883,221.361770629883,1.54597538218257,1.54622927124825,0.905428467842806,68.6049692796863,68.6049692796863,0.0259253270085797
167302.2296336,3,0,710.236851739238,6208.69344872737,373.6352093996,147.025744705745,401.427034046206,494.322269939425,13686.8914889308,-594491.037531977,40.2049530828902,41.8835837970842,14.8777141571045,221.472579956055,221.472579956055,1.54851173864032,1.54876502418183,0.903946033220619,68.5149966039186,68.5149966039186,0.025428782750126
167302.4296336,3,0,709.044606081788,6283.47109478212,374.145224108993,147.906580659848,402.224660269488,495.298939467788,13785.0354134493,-594458.619942374,40.2759305274979,41.6170470544746,14.8644714355469,221.582336425781,221.582336425781,1.55104359482128,1.55129648719989,0.902470940630449,68.4248430582998,68.4248430582998,0.025180861959785
167302.6296336,3,0,707.854304945355,6358.35073554318,374.655451613885,148.79146382411,403.024986173654,496.278700825209,13883.3436874946,-594425.953177148,40.3470314923412,41.3506965027959,14.8512506484985,221.691009521484,221.691009521484,1.55357113685868,1.55382362610344,0.901003161800808,68.3345229804074,68.3345229804074,0.0249746596313844
167302.8296336,3,0,706.665938754454,6433.33242605522,375.165885911322,149.68041820268,403.828002412298,497.261550412986,13981.8162669695,-594393.037656996,40.4182530380191,41.0845302920571,14.8380508422852,221.798614501953,221.798614501953,1.55609433778412,1.55634631426512,0.899542722058654,68.2440511188679,68.2440511188679,0.0249389897957898
167303.0296336,3,0,705.479497947011,6508.41619248432,375.676494693107,150.573358000872,404.63368805294,498.24743621942,14080.4520761742,-594359.871927025,40.4895952002707,40.8185465249117,14.8248720169067,221.905166625977,221.905166625977,1.55861337787175,1.55886505318931,0.898089284339088,68.1534078212573,68.1534078212573,0.0249087954502421
167303.229633599,3,0,704.294973108471,6583.60207075172,376.187265106725,151.470254814677,405.442026607421,499.236330426706,14179.2507836741,-594326.456045604,40.5610562997456,40.5527235669836,14.8117151260376,222.010681152344,222.010681152344,1.56112833832318,1.56137971020917,0.89664287991321,68.0626231068616,68.0626231068616,0.0249066821530565
167303.429633599,3,0,703.112354958393,6658.89009186951,376.698143909609,152.371173189208,406.25299608942,500.228233717783,14278.2104557392,-594292.787464714,40.6326302532995,40.287063658785,14.7985792160034,222.115173339844,222.115173339844,1.56363909256124,1.56389005124979,0.895203597517088,67.9716844605968,67.9716844605968,0.0249838035127957
167303.629633599,3,0,701.931634269976,6734.28026488796,377.209126065129,153.276024787198,407.066556506836,501.22307804952,14377.3309835317,-594258.868888396,40.7043149506885,40.0215495120263,14.7854642868042,222.218643188477,222.218643188477,1.56614603093928,1.56639636531954,0.893771226106235,67.8805974702565,67.8805974702565,0.0249390690487632
167303.829633599,3,0,700.752801977356,6809.77261203574,377.72010201077,154.184990779142,407.882677850882,502.22089868108,14476.608173464,-594224.693877097,40.7760985342362,39.7561714677244,14.7723703384399,222.32112121582,222.32112121582,1.56864871106031,1.56889884215501,0.892345613613297,67.7893306972779,67.7893306972779,0.0251880405446593
167304.029633599,3,0,699.575849095131,6885.36711060186,378.231054472645,155.097756978779,408.701308225498,503.221538463741,14576.0413928794,-594190.264402331,40.8479866574817,39.4909143324235,14.7592973709106,222.422561645508,222.422561645508,1.57114774005332,1.57139745021355,0.890926735187041,67.697953940448,67.697953940448,0.0251325049641351
167304.229633599,3,0,698.400766664724,6961.06377069862,378.741899922066,156.014619675089,409.522422423865,504.225077017305,14675.6274006263,-594155.576144355,40.9199632565765,39.2257737328983,14.746244430542,222.523040771484,222.523040771484,1.57364267456241,1.57389206913976,0.88951461631368,67.6063869997089,67.6063869997089,0.0253859756456811
167304.429633599,3,0,697.227545955545,7036.86255965277,379.252662616217,156.935292371478,410.345963212143,505.231363091961,14775.3671281732,-594120.635325885,40.9920322821158,38.9607381915972,14.7332134246826,222.622543334961,222.622543334961,1.57613390818594,1.57638287683943,0.888109113952653,67.5147065888638,67.5147065888638,0.0255761609884825
167304.629633599,3,0,696.056178210181,7112.76344836596,379.763233545519,157.859991488239,411.171926553177,506.240465067334,14875.256379567,-594085.432401436,41.0641833861845,38.6957969048976,14.7202014923096,222.721054077148,222.721054077148,1.57862152466453,1.57886996260634,0.886710136462999,67.4228635293606,67.4228635293606,0.0257643244420085
167304.829633599,3,0,694.886654805332,7188.76640903077,380.273604478678,158.788608477276,412.00027793436,507.252312790225,14975.2947874097,-594049.970169794,41.1364159423295,38.4309466690764,14.7072114944458,222.818618774414,222.818618774414,1.58110528922345,1.581353404197,0.885317599648705,67.3308693820048,67.3308693820048,0.0261335834486143
167305.029633598,3,0,693.718967198161,7264.87137893029,380.7837614445,159.721043078129,412.830972278936,508.266830669833,15075.4817637063,-594014.250492758,41.2087277627996,38.1661854217918,14.6942405700684,222.91520690918,222.91520690918,1.58358539327196,1.58383318295489,0.883931474012991,67.2387406833114,67.2387406833114,0.0262789947888292
167305.229633598,3,0,692.553106979944,7341.07831836119,381.293606200698,160.657446639395,413.66399257419,509.28405367357,15175.8134169658,-593978.266433805,41.2811094876081,37.9014943505269,14.6812906265259,223.010864257813,223.010864257813,1.58606169808042,1.58630926318958,0.88255173974401,67.1464623161691,67.1464623161691,0.0265080731066115
167305.429633598,3,0,691.389065688311,7417.38716618158,381.803115770744,161.597732626323,414.499295696605,510.303912630403,15276.2887378469,-593942.019756239,41.3535585475046,37.6368777035318,14.6683616638184,223.105575561523,223.105575561523,1.58853461348713,1.58878174028151,0.881178304423324,67.0540486644297,67.0540486644297,0.0268259372705256
167305.629633598,3,0,690.226835102291,7493.79784382624,382.312254104005,162.541879603562,415.336838481465,511.32636112968,15376.9061849905,-593905.510933932,41.4260696330386,37.3723238853963,14.6554517745972,223.199356079102,223.199356079102,1.59100389847981,1.59125069842403,0.879811082808356,66.9614919069705,66.9614919069705,0.0271836665043182
167305.829633598,3,0,689.066407014327,7570.31026379229,382.82095070312,163.48983846765,416.176585044016,512.351349185129,15477.6628671425,-593868.736406163,41.498639501802,37.1078303644384,14.6425619125366,223.292221069336,223.292221069336,1.59346974650287,1.59371621191245,0.878449996012784,66.8688146294096,66.8688146294096,0.0273772286912274
167306.029633598,3,0,687.907773310734,7646.92434018687,383.329171208245,164.441679738413,417.018506183152,513.378873664216,15578.5572837449,-593831.695841554,41.5712605834677,36.8433933508397,14.6296920776367,223.384170532227,223.384170532227,1.59593213390328,1.59617804436641,0.877095136686786,66.7759877917958,66.7759877917958,0.0276039734191403
167306.229633598,3,0,686.750925918065,7723.63997183077,383.836865028607,165.397357062027,417.862561728851,514.4088821048,15679.5872569764,-593794.388241387,41.6439289527281,36.5789950107061,14.6168422698975,223.475204467773,223.475204467773,1.59839103198521,1.59863671703447,0.875746181156814,66.6830262460571,66.6830262460571,0.0278183663700834
167306.429633598,3,0,685.595856923803,7800.45704958041,384.343980953402,166.356854851395,418.708709840332,515.441331402979,15780.7505551644,-593756.812651987,41.7166391517159,36.3146267506022,14.6040124893188,223.565322875977,223.565322875977,1.60084642670978,1.60109187450409,0.874403288339484,66.5899161392864,66.5899161392864,0.028043460921525
167306.629633598,3,0,684.442558334966,7877.37544790946,384.850469555993,167.32015896156,419.556910802399,516.476180732968,15882.0449966284,-593718.968054773,41.7893859038991,36.0502998474093,14.5912017822266,223.654556274414,223.654556274414,1.60329872196038,1.60354371650579,0.873066312810403,66.4966856498301,66.4966856498301,0.0282458575991199
167306.829633598,3,0,683.29102241338,7954.39504020812,385.356278040535,168.287255232879,420.407122839281,517.513387643846,15983.4682344104,-593680.853477094,41.8621636657703,35.7860010870352,14.5784111022949,223.742904663086,223.742904663086,1.60574756689651,1.60599221959591,0.871735231913055,66.4033175645215,66.4033175645215,0.0284584067542667
167307.029633597,3,0,682.141241340407,8031.51568213059,385.861360764782,169.258128904039,421.259306651022,518.552911595726,16085.0182000761,-593642.467863498,41.9349672075834,35.5217236775473,14.5656394958496,223.830368041992,223.830368041992,1.60819294669141,1.60843746550448,0.870409966209596,66.3098179857668,66.3098179857668,0.0286306417157695
167307.229633597,3,0,680.993207485161,8108.73722525081,386.36567611188,170.232770036913,422.113434181608,519.594722699571,16186.6929715297,-593603.810125193,42.0077924521893,35.2574654470412,14.5528869628906,223.916961669922,223.916961669922,1.61063537301547,1.61087932574468,0.869090550499683,66.2161810014464,66.2161810014464,0.0287959759315194
167307.429633597,3,0,679.846913243582,8186.05950984475,386.869169710211,171.21116111411,422.969460828417,520.638775267597,16288.4900627673,-593564.879389106,42.0806336113555,34.9932240239158,14.5401544570923,224.002685546875,224.002685546875,1.6130743930269,1.61331809803186,0.867776789777483,66.1224183762893,66.1224183762893,0.0289915054483005
167307.629633597,3,0,678.702351051839,8263.48236899439,387.371783753206,172.193283573678,423.827338783023,521.685020665885,16390.4068085854,-593525.674846865,42.1534845304838,34.7290088097362,14.5274410247803,224.087539672852,224.087539672852,1.61551019882602,1.61575376824872,0.866468658474758,66.0285213284775,66.0285213284775,0.0291871173873431
167307.829633597,3,0,677.559513413158,8341.00561624893,387.87346533981,173.179116852314,424.687020150345,522.733409574262,16492.440723795,-593486.19566626,42.2263391165693,34.46480034872,14.5147466659546,224.17155456543,224.17155456543,1.61794298777069,1.61818608931642,0.865166255749615,65.9344992517139,65.9344992517139,0.0293703649898782
167308.029633597,3,0,676.418392924644,8418.62906555459,388.374188918992,174.168652735355,425.548485141843,523.783919761879,16594.5904843297,-593446.440557991,42.2991941769138,34.2005953063923,14.5020713806152,224.254684448242,224.254684448242,1.62037251704535,1.62061536863088,0.863869383876534,65.8403678288699,65.8403678288699,0.029564693177483
167308.229633597,3,0,675.278982237042,8496.3525203492,388.87393787331,175.16188820281,426.411728359738,524.836542486016,16696.8551368119,-593406.408086926,42.3720480551589,33.936423159332,14.4894151687622,224.337005615234,224.337005615234,1.62279909108332,1.62304147339343,0.862578081306142,65.7460753367158,65.7460753367158,0.0297606069750337
167308.429633597,3,0,674.141274081568,8574.17578491778,389.37269693042,176.158819950332,427.27674620984,525.89127039912,16799.2337808178,-593366.096823598,42.4448993266638,33.6722649282402,14.4767770767212,224.418472290039,224.418472290039,1.62522247409172,1.62546460181098,0.861292210510283,65.6516894296746,65.6516894296746,0.0299951739382292
167308.629633597,3,0,673.00526125649,8652.09866246046,389.870450584756,177.159445235372,428.143535033673,526.948096316946,16901.72549795,-593325.505321857,42.5177465290669,33.4081313403349,14.4641590118408,224.499099731445,224.499099731445,1.62764286067314,1.6278847283557,0.860011753666439,65.5571600965103,65.5571600965103,0.0302399726069793
167308.829633597,3,0,671.870936533255,8730.12094669719,390.367205021329,178.163762463185,429.012095071387,528.007016686508,17004.3302633471,-593284.63332209,42.5905886280809,33.1440258527386,14.4515590667725,224.578903198242,224.578903198242,1.63006011460995,1.63030172357674,0.858736747777289,65.4625154849033,65.4625154849033,0.030463381911487
167309.029633596,3,0,670.738292844243,8808.24242019164,390.862958600125,179.171713566309,429.882450617584,529.068028401259,17107.0478076193,-593243.477436492,42.6634302051656,32.8799531929358,14.4389781951904,224.65788269043,224.65788269043,1.63247432742889,1.63271567554098,0.857467115048142,65.3677608926062,65.3677608926062,0.0303449770151961
167309.229633596,3,0,669.60732309501,8886.46289759979,391.357697699116,180.183472941109,430.754635221243,530.131214045505,17209.8773671644,-593202.033251741,42.7362662041409,32.5694939563315,14.4264154434204,224.735992431641,224.735992431641,1.63488558487585,1.63512655899308,0.856202837817109,65.2728504687946,65.2728504687946,0.0301967200710093
167309.429633596,3,0,668.478020043592,8964.78218583658,391.851437074592,181.198987035337,431.628666034376,531.196566233041,17312.8193015514,-593160.300155254,42.8091000782675,32.2154988865209,14.4138708114624,224.813110351563,224.813110351563,1.63729264279334,1.63753302092654,0.854944591717521,65.177853305872,65.177853305872,0.0301218268056804
167309.629633596,3,0,667.350375831119,9043.20008375053,392.344165340189,182.218250984598,432.504544654089,532.264081337176,17415.8728584155,-593118.276800352,42.8819310967409,31.8647516843224,14.4013452529907,224.889205932617,224.889205932617,1.63969525544613,1.63993514287196,0.853692297579667,65.082707249947,65.082707249947,0.0301171899810677
167309.829633596,3,0,666.224382491428,9121.71639207599,392.835866520375,183.241252231263,433.382263438446,533.333745694748,17519.0370773647,-593075.962087598,42.9547577382034,31.5172305405487,14.3888378143311,224.964294433594,224.964294433594,1.64209328433421,1.64233289845386,0.852445933049263,64.9874480657078,64.9874480657078,0.0302407009257211
167310.029633596,3,0,665.100032199175,9200.33090530464,393.326533926269,184.267977458232,434.261819503099,534.405549356553,17622.3113957717,-593033.354881136,43.0275791166183,31.1729357157124,14.3763484954834,225.038391113281,225.038391113281,1.64448714304327,1.64472637275899,0.85120541823108,64.8920665712899,64.8920665712899,0.0304974186445074
167310.229633596,3,0,663.977317330181,9279.04340905894,393.816174852556,185.298378490118,435.143212018102,535.479472356679,17725.6958174215,-592990.45544626,43.1003962763379,30.8318408029937,14.3638782501221,225.111511230469,225.111511230469,1.64687680844666,1.64711542792365,0.84997078909329,64.7965854583308,64.7965854583308,0.0307618238035218
167310.429633596,3,0,662.856230139569,9357.85369125812,394.304780719097,186.332485672,436.026443840272,536.555524041454,17829.1897058951,-592947.26223111,43.1732069908065,30.4939455644998,14.3514251708984,225.183639526367,225.183639526367,1.64926203329216,1.64950026299292,0.848741907721665,64.700993962329,64.700993962329,0.0309819671646905
167310.629633596,3,0,661.736763070214,9436.76152995136,394.792300814838,187.370309368016,436.911527116666,537.633714598468,17932.790713785,-592903.768937354,43.2460111369994,30.1592223712924,14.3389902114868,225.254806518555,225.254806518555,1.65164323386035,1.65188107127754,0.847518640622997,64.6052776211323,64.6052776211323,0.031024455871292
167310.829633595,3,0,660.617888554458,9515.76698541886,395.284087056029,188.412948257104,437.800901311738,538.716385848057,18036.7357447274,-592859.87594813,43.3190615333794,29.8276973378019,14.326545715332,225.32502746582,225.32502746582,1.65402170868108,1.65425992082067,0.853744345661246,64.5094520357269,64.5094520357269,0.0311220318270447
167311.029633595,3,0,659.488071866734,9594.87379914732,395.805396842026,189.472204571976,438.722069611654,539.82977098768,18142.150384514,-592815.103326951,43.3952514742381,29.5011311844619,14.3139610290527,225.394317626953,225.394317626953,1.6564121307774,1.65665194159596,0.864313470816757,64.4135070950536,64.4135070950536,0.0313464617540799
167311.229633595,3,0,658.34441736132,9674.08838012104,396.358748167995,190.551130647627,439.682019764672,540.980528571886,18249.1607434609,-592769.392797293,43.4753200775077,29.182277558311,14.3012237548828,225.462661743164,225.462661743164,1.65881871721701,1.65906014170582,0.874561927326323,64.3174869913733,64.3174869913733,0.0314720968618128
167311.429633595,3,0,657.187346862511,9753.41703786387,396.943249483611,191.649473292261,440.679849136969,542.167813905332,18357.7423245421,-592722.746034466,43.5591734486416,28.8710803163074,14.2883377075195,225.53010559082,225.53010559082,1.66124106798915,1.66148434590179,0.884497158632143,64.221385178053,64.221385178053,0.0315389358113127
167311.629633595,3,0,656.017268548864,9832.86591232638,397.558047049599,192.7669937305,441.714688144646,543.390815192918,18467.8722297249,-592675.163953153,43.6467210403638,28.5671686618867,14.2753086090088,225.596664428711,225.596664428711,1.66367922051118,1.66392380739875,0.894133653173557,64.1251961853449,64.1251961853449,0.0316226450688851
167311.829633595,3,0,654.834572614726,9912.44096397725,398.202421004003,193.90329002075,442.785715735655,544.648707800104,18579.5331945559,-592626.654108105,43.7378864479165,28.2702127679488,14.2621402740479,225.662353515625,225.662353515625,1.66613242900064,1.66637867509836,0.903484087614704,64.0289591972314,64.0289591972314,0.0313465129243847
167312.029633595,3,0,653.639631981017,9992.14802178415,398.87551885172,195.058351379116,443.89216973183,545.940844147644,18692.7024540827,-592577.208124795,43.8325812427147,27.979901924511,14.248836517334,225.727142333984,225.727142333984,1.6686009509272,1.66884853353477,0.912561209756958,63.9326510742137,63.9326510742137,0.0309696511904523
167312.229633595,3,0,652.43280330106,10071.9927721743,399.576651079627,196.231845666193,445.033291051644,547.266475092584,18807.3639489769,-592526.831175931,43.9307332330124,27.6959267244639,14.2354011535645,225.791137695313,225.791137695313,1.67108402801917,1.67133330040199,0.921376714972378,63.8362868186303,63.8362868186303,0.0306796676158019
167312.429633595,3,0,651.214427859121,10151.9807523704,400.305114311158,197.423528836477,446.208346955539,548.624902786756,18923.5010198872,-592475.524557964,44.0322691410798,27.4180087512423,14.2218379974365,225.854263305664,225.854263305664,1.67358202762488,1.6738327767231,0.929942182029566,63.7398843141069,63.7398843141069,0.0305162985477714
167312.629633595,3,0,649.984832039796,10232.1173520531,401.060248885109,198.633160941032,447.416630605454,550.01545278564,19041.0987977666,-592423.290780857,44.137118713095,27.1458510358094,14.2081518173218,225.916549682617,225.916549682617,1.67609440887584,1.67634642330117,0.938268509661393,63.6434617221392,63.6434617221392,0.0305031360404655
167312.829633594,3,0,648.744327690108,10312.407807625,401.841425225768,199.860412457819,448.657478849441,551.437458249923,19160.1437145709,-592370.130177973,44.2452217741586,26.8792031824272,14.1943445205688,225.978057861328,225.978057861328,1.67862119371137,1.67887459875814,0.946366239627682,63.5470130122424,63.5470130122424,0.0301273281286947
167313.029633594,3,0,647.493213420377,10392.8572812901,402.647976112029,201.105320133192,449.930275489703,552.890409677747,19280.6205638772,-592316.036727087,44.3565054509349,26.6177977684857,14.180419921875,226.038772583008,226.038772583008,1.68116194813673,1.681416870342,0.954245013612662,63.4505497793154,63.4505497793154,0.0298947767160308
167313.229633594,3,0,646.231774550581,10473.4707855126,403.47939603765,202.367545224169,451.23440698561,554.373679219535,19402.5208870186,-592261.017400356,44.4709162368841,26.3614027611724,14.1663808822632,226.098724365234,226.098724365234,1.68371680115315,1.68397302712075,0.961914527588545,63.3540801071639,63.3540801071639,0.0297227239063189
167313.429633594,3,0,644.960284196646,10554.2532064766,404.335033032479,203.646893689515,452.569300641166,555.886719844703,19525.8300466524,-592205.062279825,44.5883984665165,26.1097758003002,14.1522312164307,226.15788269043,226.15788269043,1.68628542629745,1.68654308180296,0.969384197619,63.257633039479,63.257633039479,0.0292593891339864
167313.629633594,3,0,643.679003230213,10635.2093626251,405.214395531913,204.943327645804,453.934417531731,557.429062642532,19650.5401217421,-592148.173155226,44.7088926621733,25.8626821417775,14.1379737854004,226.216293334961,226.216293334961,1.68886783511276,1.68912681893575,0.976662592162336,63.161172812941,63.161172812941,0.0289733048127298
167313.829633594,3,0,642.388181083302,10716.343927671,406.117010940426,206.256526550424,455.329225905487,559.000154722489,19776.6439729561,-592090.35156512,44.832354838601,25.6199252593861,14.123610496521,226.273971557617,226.273971557617,1.69146380908645,1.69172424738841,0.983758129882864,63.0647411138927,63.0647411138927,0.0285529678128402
167314.029633594,3,0,641.088056271345,10797.6615066945,407.04235224529,207.58647953375,456.753228730188,560.599570999039,19904.1320898354,-592031.591998208,44.9587293569276,25.3812788644954,14.1091442108154,226.330917358398,226.330917358398,1.69407346981076,1.69433514628192,0.990678866285276,62.968331119018,62.968331119018,0.0282475428228685
167314.229633594,3,0,639.778856755279,10879.1665684853,407.989945795623,208.932855061511,458.205951851066,562.226803530278,20032.9972228301,-591971.890510895,45.087980234765,25.1465654378534,14.0945777893066,226.387161254883,226.387161254883,1.69669636549862,1.69695952077001,0.997431762626243,62.8719792582166,62.8719792582166,0.0276590990285958
167314.429633594,3,0,638.461369857307,10960.8634049895,408.956360273547,210.295116870366,459.685565038949,563.880175385184,20163.0946823029,-591911.307450057,45.2199069775779,24.9156512495595,14.0799283981323,226.442672729492,226.442672729492,1.69933203736449,1.6995958788497,1,62.775638448443,62.775638448443,0.0272653180070619
167314.629633593,3,0,637.142112111346,11042.7541193402,409.927338676665,211.665851346533,461.176227134692,565.544418173828,20293.7719492802,-591850.150583331,45.352857559369,24.6875737678889,14.0652704238892,226.497482299805,226.497482299805,1.70197147608122,1.70223543056413,1,62.6793632684238,62.6793632684238,0.0266175846728047
167314.829633593,3,0,635.822854365385,11124.8393074124,410.900961755208,213.043328750724,462.673639399908,567.215475129911,20424.9430435826,-591788.444647196,45.4863687237219,24.460945429564,14.0506114959717,226.551605224609,226.551605224609,1.70461250706567,1.70487680460053,1,62.5831163011776,62.5831163011776,0.0261648727983555
167315.029633593,3,0,634.503596619424,11207.1194936384,411.87732609908,214.42732811833,464.177794130857,568.893265385776,20556.6144786722,-591726.195307558,45.6204523587226,24.2356485327685,14.0359535217285,226.605041503906,226.605041503906,1.70725513371877,1.70751943031858,1,62.4869320046379,62.4869320046379,0.0255342106969811
167315.229633593,3,0,633.184338873464,11289.5952289327,412.856305465395,215.818076553072,465.688697571885,570.577860251171,20688.7831048254,-591663.388756987,45.7550982628424,24.0116759551733,14.021294593811,226.657760620117,226.657760620117,1.70989959314321,1.71016423436745,1,62.3907853210002,62.3907853210002,0.0250593314744696
167315.429633593,3,0,631.865081127503,11372.2670288211,413.83799849714,217.21535631647,467.206343663484,572.269181701632,20821.4555651767,-591600.0305343,45.8903185161878,23.7890286349393,14.0066366195679,226.709808349609,226.709808349609,1.71254577378707,1.712810414723,1,62.2947051794725,62.2947051794725,0.0244000842588186
167315.629633593,3,0,630.545823381542,11455.1354438155,414.822314581647,218.619392429449,468.730738591516,573.967300054061,20954.6302475184,-591536.109882172,46.0261029577355,23.5677002770694,13.9919776916504,226.761184692383,226.761184692383,1.71519368357272,1.71545855522443,1,62.1986677090354,62.1986677090354,0.0239155385878053
167315.829633593,3,0,629.226565635581,11538.2009790459,415.809242842473,220.029966677115,470.261875496782,575.672136968764,21088.3090162586,-591471.623210034,46.1624637421585,23.3476804663224,13.9773197174072,226.811904907227,226.811904907227,1.71784344065982,1.71810854369794,1,62.1027015495573,62.1027015495573,0.0232423099723987
167316.029633593,3,0,627.90730788962,11621.4641759979,416.798796604197,221.44723603858,471.79975510769,577.383737000719,21222.4947949867,-591406.568864555,46.2993936644031,23.1289689124629,13.9626607894897,226.861953735352,226.861953735352,1.72049528552055,1.72076062071251,1,62.006782724649,62.006782724649,0.0226818606150602
167316.229633593,3,0,626.588050143659,11704.925553739,417.790943519602,222.871185200093,473.344368669188,579.102083406342,21357.1884972904,-591340.941769539,46.4368936442563,22.9115603229442,13.9480028152466,226.911331176758,226.911331176758,1.72314887387551,1.7234143260059,1,61.9109147006627,61.9109147006627,0.0221742546597541
167316.429633593,3,0,625.268792397698,11788.5856249838,418.785667508179,224.301778844349,474.895710057642,580.827155555473,21492.3917523941,-591274.738093642,46.5749660890257,22.6954237936809,13.9333438873291,226.960067749023,226.960067749023,1.72580467893133,1.72607048055091,1,61.8151332297323,61.8151332297323,0.0216605971124647
167316.629633592,3,0,623.949534651738,11872.4448804962,419.7829580867,225.738910981795,476.453780136634,582.558917070331,21628.1064807378,-591207.953333859,46.713618316454,22.4805736168941,13.9186859130859,227.008163452148,227.008163452148,1.72846247144984,1.72872827495699,1,61.7194161123844,61.7194161123844,0.0207725630745724
167316.829633592,3,0,622.630276905777,11956.5038709437,420.782751585088,227.182860398728,478.018584843629,584.297453644485,21764.3321979523,-591140.579013666,46.8528369422935,22.266976102152,13.9040269851685,227.0556640625,227.0556640625,1.73112237612386,1.7313884143822,1,61.6237435073642,61.6237435073642,0.020184730523957
167317.029633592,3,0,621.311019159816,12040.7630866601,421.785128416941,228.633359022917,479.590108181949,586.042665609013,21901.0748304024,-591072.619958284,46.9926361352335,22.0546217642515,13.8893690109253,227.102493286133,227.102493286133,1.7337846352174,1.7340510254856,1,61.5281659637063,61.5281659637063,0.0195276031136814
167317.229633592,3,0,619.991761413855,12125.2230361408,422.789995720229,230.090616020629,481.168348568106,587.794610967474,22038.3325905141,-591004.06544517,47.1330053433821,21.8434924720291,13.8747110366821,227.148727416992,227.148727416992,1.7364490181791,1.73671564484748,1,61.4326516137703,61.4326516137703,0.0190085416946935
167317.429633592,3,0,618.672503667894,12209.8842077215,423.797343829658,231.554416061432,482.753298703422,589.553213857217,22176.107410028,-590934.911717483,47.2739571174397,21.6335823731935,13.8600521087646,227.194320678711,227.194320678711,1.73911588732147,1.73938275118484,1,61.3372097647196,61.3372097647196,0.0183060260242553
167317.629633592,3,0,617.353245921933,12294.7471191072,424.807207260593,233.02494382356,484.344957852468,591.318525345643,22314.4032053924,-590865.158855803,47.4154823571193,21.4248917056134,13.8453941345215,227.239334106445,227.239334106445,1.74178524541666,1.74205223025368,1,61.2418301003739,61.2418301003739,0.0178380710910596
167317.829633592,3,0,616.033988175973,12379.8122438762,425.819479961926,234.502073061868,485.94331747746,593.090495931858,22453.2175606106,-590794.795183876,47.5575885362425,21.2174122286657,13.830735206604,227.283737182617,227.283737182617,1.74445698914905,1.74472421258027,1,61.1465609053827,61.1465609053827,0.0172133794698037
167318.029633592,3,0,614.714730430012,12465.0800785383,426.834259134874,235.985822484487,487.548377334557,594.869126906477,22592.5572636926,-590723.825513646,47.700276059012,21.0111549813838,13.8160772323608,227.327529907227,227.327529907227,1.74713100288654,1.74739858291709,1,61.0513573743001,61.0513573743001,0.0165251516152548
167318.229633592,3,0,613.395472684051,12550.5511218183,427.851415037778,237.476333948533,489.16013918036,596.654458053795,22732.4188149376,-590652.23559673,47.8435385044925,20.8061164764509,13.8014183044434,227.37077331543,227.37077331543,1.74980776999897,1.75007559033313,1,60.9562217718196,60.9562217718196,0.0159780553439047
167318.429633591,3,0,612.07621493809,12636.2258463342,428.871049866602,238.973387812107,490.778592487179,598.44641076238,22872.8092473642,-590580.031366033,47.9873886321485,20.6023109338832,13.7867603302002,227.413391113281,227.413391113281,1.75248705762668,1.75275500143624,1,60.8611809268563,60.8611809268563,0.0152940802806798
167318.629633591,3,0,610.756957192129,12722.1047514183,429.89302934061,240.477201784989,492.403738692491,600.245047194939,23013.7248230862,-590507.19821779,48.1318156023297,20.3997178489885,13.7721014022827,227.455429077148,227.455429077148,1.75516899879141,1.75543730211568,1,60.7662291581335,60.7662291581335,0.014798581055048
167318.829633591,3,0,609.437699446168,12808.1882864065,430.917482510133,241.987518617826,494.035570652795,602.050280838345,23155.1738700251,-590433.743723042,48.2768349872252,20.1983450802056,13.7574434280396,227.496917724609,227.496917724609,1.75785347676684,1.75812202274032,1,60.671377856796,60.671377856796,0.0139792332856608
167319.029633591,3,0,608.118441700208,12894.4769577385,431.944232002895,243.5046397833,495.674095368188,603.862203046571,23297.1506551744,-590359.649269576,48.422431750653,19.9981875402421,13.7427845001221,227.537826538086,227.537826538086,1.76054086166777,1.76080988732906,1,60.5765983075269,60.5765983075269,0.0133129022694714
167319.229633591,3,0,606.799183954247,12980.9712363001,432.973400989299,245.028314277345,497.319301950695,605.6807265052,23439.6632408573,-590284.922505192,48.5686207424017,19.799237687971,13.7281265258789,227.578186035156,227.578186035156,1.76323115517667,1.76350030724037,1,60.4819189268081,60.4819189268081,0.0127480869390799
167319.429633591,3,0,605.479926208286,13067.6715830548,434.00486253162,246.558732347049,498.971187422654,607.505901120863,23582.7081811246,-590209.549500364,48.7153920302432,19.6014963512903,13.7134675979614,227.617965698242,227.617965698242,1.76592413832372,1.76619353569791,1,60.3873233283451,60.3873233283451,0.0121393766713702
167319.629633591,3,0,604.160668462325,13154.5784709484,435.038717631404,248.095693703161,500.629746015158,609.33765933724,23726.2925702716,-590133.535611469,48.8627583596221,19.4049453014303,13.6988096237183,227.657196044922,227.657196044922,1.76862004835189,1.76888981039992,1,60.2928321046497,60.2928321046497,0.0115421610172093
167319.829633591,3,0,602.841410716364,13241.6923645203,436.074835876476,249.639399726783,502.29497743387,611.176056327688,23870.4127846244,-590056.866310847,49.0107094557028,19.209576679832,13.6841506958008,227.695907592773,227.695907592773,1.77131889903087,1.77158890821816,1,60.1984288726722,60.1984288726722,0.0109670384842718
167320.029633591,3,0,601.522152970403,13329.0137325266,437.113321130705,251.189645560599,503.966874695305,613.021022640315,24015.076089333,-589979.547212868,49.1592583282089,19.0153794635827,13.6694927215576,227.73405456543,227.73405456543,1.77402082388472,1.7742911999437,1,60.1041517075954,60.1041517075954,0.0104349942700747
167320.229633591,3,0,600.202895224443,13416.5430254632,438.154045149774,252.746628998598,505.645439000006,614.872613405951,24160.2789469344,-589901.563754286,49.3083950730845,18.8223398287315,13.6548347473145,227.771682739258,227.771682739258,1.77672594235822,1.77699644839337,1,60.0099508566457,60.0099508566457,0.00983923323040386
167320.42963359,3,0,598.883637478482,13504.2807028758,439.197109953511,254.310151204427,507.330664523393,616.730762331387,24306.0285778196,-589822.921287072,49.4581326574952,18.6304180579355,13.640175819397,227.808807373047,227.808807373047,1.7794341559435,1.77970515010133,1,59.9158681075461,59.9158681075461,0.0092182934653615
167320.62963359,3,0,597.564379732521,13592.2272219803,440.24238912254,255.880414087952,509.022555394388,618.595527921564,24452.3215189107,-589743.604963587,49.6084612805736,18.4395267983415,13.6255178451538,227.84538269043,227.84538269043,1.78214570318784,1.78241706764436,1,59.8218810887625,59.8218810887625,0.00858090571625784
167320.82963359,3,0,596.24512198656,13680.3830461242,441.289983093952,257.4572861729,510.721104280652,620.466862492137,24599.1649476371,-589663.620227383,49.7593897480707,18.2496582299923,13.6108589172363,227.881484985352,227.881484985352,1.78486060596997,1.78513234195144,1,59.7280113389872,59.7280113389872,0.00809109456450097
167321.02963359,3,0,594.925864240599,13768.7486023724,442.339770206562,259.040748855748,512.426309512094,622.344755960619,24746.5556039222,-589582.952854676,49.9109208854262,18.0608363443061,13.5962009429932,227.917114257813,227.917114257813,1.7875789841293,1.7878509731494,1,59.6342421002708,59.6342421002708,0.00739088048117304
167321.22963359,3,0,593.606606494638,13857.3243695841,443.391786603029,260.630924178943,514.138171661887,624.229240523664,24894.4976521585,-589501.60244219,50.0630492090343,17.8730820316515,13.5815420150757,227.952224731445,227.952224731445,1.79030074088638,1.79057322358685,1,59.5405951263201,59.5405951263201,0.00693607160917005
167321.42963359,3,0,592.287348748677,13946.110761355,444.446091351736,262.22761820996,515.856682524093,626.120250463663,25042.9964151793,-589419.570203941,50.2157874757524,17.6864094904217,13.5668840408325,227.986846923828,227.986846923828,1.79302587584965,1.79329861370447,1,59.4470588907194,59.4470588907194,0.00622231411028873
167321.62963359,3,0,590.968091002717,14035.1082465276,445.502545348222,263.83105207316,517.581847371986,628.017850168514,25192.047753036,-589336.840430839,50.3691247447525,17.5008213663215,13.552225112915,228.020965576172,228.020965576172,1.79575477271595,1.79602776669909,1,59.3536266577634,59.3536266577634,0.00567962328750198
167321.82963359,3,0,589.648833256756,14124.3172550687,446.561259318467,265.441007224382,519.313654934635,629.92196474327,25341.6594501763,-589253.419290418,50.5230750204524,17.3163548991949,13.5375671386719,228.054626464844,228.054626464844,1.79848695074413,1.79876044242347,1,59.2603261631948,59.2603261631948,0.00511614445430864
167322.02963359,3,0,588.329575510795,14213.7382236629,447.62210515091,267.057687099201,521.052111801147,631.832654377387,25491.8279015144,-589169.291384731,50.6776285946962,17.1330128835909,13.5229082107544,228.087783813477,228.087783813477,1.80122279467804,1.80149666515471,1,59.1671307438405,59.1671307438405,0.0044534871213862
167322.229633589,3,0,587.010317764834,14303.3716064708,448.685126106919,268.680998781299,522.797213337807,633.749885638532,25642.5576792948,-589084.456847866,50.8327926679494,16.9508123790892,13.5082502365112,228.120468139648,228.120468139648,1.80396230416263,1.80423643400077,1,59.074058029273,59.074058029273,0.00404227434771038
167322.429633589,3,0,585.691060018873,14393.2178165473,449.750378509255,270.310813265429,524.548949227872,635.673610584816,25793.8540311358,-588998.917146126,50.9885760604544,16.7697671978855,13.4935913085938,228.152694702148,228.152694702148,1.80670562546574,1.80698013647534,1,58.9811271581363,58.9811271581363,0.00346212477450305
167322.629633589,3,0,584.371802272912,14483.2772969413,450.81772444836,271.947345441595,526.307323577036,637.603890264498,25945.7128354614,-588912.656226734,51.1449679362607,16.5898845186231,13.4789333343506,228.184432983398,228.184432983398,1.80945239495617,1.80972728839028,1,58.8882930225546,58.8882930225546,0.00292210999640766
167322.829633589,3,0,583.052544526952,14573.5504838706,451.887253989706,273.590492774913,528.072331051407,639.540688350868,26098.140993008,-588825.678041791,51.3019761748931,16.4111789109603,13.4642744064331,228.215713500977,228.215713500977,1.81220287317588,1.81247815030306,1,58.7955918072447,58.7955918072447,0.00254487096457173
167323.029633589,3,0,581.733286780991,14664.0377899726,452.958882946199,275.240168292434,529.843968032797,641.483974658476,26251.1369679994,-588737.97147776,51.4596080391482,16.23366213796,13.4496164321899,228.246520996094,228.246520996094,1.81495744379154,1.81523310593744,1,58.703015691795,58.703015691795,0.00207256062946802
167323.229633589,3,0,580.41402903503,14754.7396546899,454.032677764221,276.896480833977,531.622232882961,643.433775504599,26404.7065705094,-588649.53813028,51.6178586054043,16.0573410997506,13.4349584579468,228.27685546875,228.27685546875,1.8177156203616,1.81799166879714,1,58.6105738471133,58.6105738471133,0.00169640290334549
167323.429633589,3,0,579.094771289069,14845.656490938,455.108548966062,278.559385408771,533.407124372012,645.390074512162,26558.8480009432,-588560.366288604,51.776732850011,15.8822202977022,13.4202995300293,228.306762695313,228.306762695313,1.82047779465346,1.82075435239868,1,58.5182625415009,58.5182625415009,0.00133425783078394
167323.629633589,3,0,577.775513543108,14936.7887297309,456.186564798688,280.228889630032,535.198639184533,647.352868335827,26713.5671924134,-588470.457756777,51.9362321255981,15.7083151574687,13.4056415557861,228.336212158203,228.336212158203,1.82324384332631,1.82352079014309,1,58.4260896657976,58.4260896657976,0.00112393812315194
167323.829633589,3,0,576.456255797147,15028.1367794143,457.266636580048,281.904982021222,536.99677626014,649.322150243312,26868.8623827933,-588379.800667922,52.0963593677791,15.5356210842708,13.3909826278687,228.365219116211,228.365219116211,1.82601403885722,1.82629125409018,1,58.3340522383936,58.3340522383936,0.00113616134483005
167324.029633589,3,0,575.136998051187,15119.7010762276,458.348813079141,283.587706721876,538.801536116787,651.297930200903,27024.7385904868,-588288.394782885,52.2571141428105,15.3641463442846,13.3763246536255,228.393768310547,228.393768310547,1.82878801314727,1.82906574213954,1,58.2421392358666,58.2421392358666,0.00134589447357124
167324.229633588,3,0,573.817740305226,15211.4820142321,459.433071873403,285.276946608101,540.612916240974,653.280171295745,27181.1973350894,-588196.23398821,52.418506159554,15.1939022370398,13.361665725708,228.421890258789,228.421890258789,1.83156628430696,1.83184440639795,1,58.1503796681105,58.1503796681105,0.00178683748834277
167324.429633588,3,0,572.498482559265,15303.4800302376,460.519372735623,286.972843653868,542.430913598118,655.268907528593,27338.2392281482,-588103.31079809,52.5805281364761,15.0248698766625,13.3470077514648,228.449600219727,228.449600219727,1.83434860559278,1.83462699957705,1,58.0587411011642,58.0587411011642,0.00221124292215578
167324.629633588,3,0,571.179224813304,15395.6955231328,461.607775493163,288.675250395766,544.255523985217,657.264092513541,27495.8698983216,-588009.626096634,52.7431916550795,14.8570647978059,13.3323488235474,228.476852416992,228.476852416992,1.83713513028572,1.83741391989357,1,57.9672452686328,57.9672452686328,0.00270551506216323
167324.829633588,3,0,569.859967067343,15488.1289067909,462.698189185424,290.384300354735,546.086751053471,659.265763357444,27654.0874741882,-587915.167248039,52.9064909344002,14.6904795260755,13.3176908493042,228.503707885742,228.503707885742,1.83992573254271,1.8402051648869,1,57.8758959064781,57.8758959064781,0.00322726539965469
167325.029633588,3,0,568.540709321382,15580.7806019398,463.790642321306,292.099928538124,547.924590473213,661.273896300812,27812.8960240495,-587819.932655483,53.0704321928049,14.5251137605685,13.3030319213867,228.530120849609,228.530120849609,1.84272093599937,1.8430007670849,1,57.7846837254927,57.7846837254927,0.00365146272564484
167325.229633588,3,0,567.221451575422,15673.6510009123,464.885173508847,293.822050587703,549.769036918494,663.288461761518,27972.3001721936,-587723.921454375,53.2350229069465,14.3609613018075,13.2883739471436,228.556137084961,228.556137084961,1.84552036901639,1.84580047696983,1,57.6936203934356,57.6936203934356,0.00411776118355212
167325.429633588,3,0,565.902193829461,15766.7405134442,465.98168804946,295.550799637894,551.620090732648,665.309493847177,28132.2978392381,-587627.120880761,53.4002568541205,14.198013606252,13.2737150192261,228.581756591797,228.581756591797,1.84832418759316,1.84860482028699,1,57.6027064715589,57.6027064715589,0.00462982729008445
167325.629633588,3,0,564.5829360835,15860.0495530765,467.080216672457,297.286109597434,553.477747465654,667.336968709831,28292.8932599693,-587529.529291107,53.5661404705441,14.036254758516,13.2590570449829,228.606948852539,228.606948852539,1.85113251177467,1.85141342381672,1,57.5119326597365,57.5119326597365,0.0050172881318141
167325.829633588,3,0,563.263678337539,15953.5785073158,468.180800131402,299.027898996735,555.342005300086,669.370860803174,28454.0912321253,-587431.145651138,53.7326817181813,13.8756851750299,13.2443981170654,228.631790161133,228.631790161133,1.85394524255091,1.85422668246238,1,57.4213314969883,57.4213314969883,0.00550392655792334
167326.029633587,3,0,561.944420591578,16047.3277854599,469.283345866461,300.776303347096,557.212867398947,671.411207051357,28615.8897972717,-587331.956895864,53.899874621748,13.716289418306,13.2297401428223,228.656219482422,228.656219482422,1.85676277659802,1.85704474622213,1,57.3308479251935,57.3308479251935,0.00601832231938105
167326.229633587,3,0,560.625162845617,16141.2977933796,470.387886934502,302.53125838468,559.090332818837,673.457987302477,28778.2933732586,-587231.961241378,54.0677261637436,13.5538082881358,13.2150821685791,228.680252075195,228.680252075195,1.85958486290236,1.8598673639962,1,57.2405350689213,57.2405350689213,0.00642197459005321
167326.429633587,3,0,559.305905099656,16235.4889336678,471.494418448367,304.292750400514,560.97439709197,675.511192163114,28941.304454976,-587131.153933933,54.2362394541255,13.3897338187374,13.2004232406616,228.703918457031,228.703918457031,1.86241190995021,1.86269482010267,1,57.1503683298668,57.1503683298668,0.00669302088502033
167326.629633587,3,0,557.986647353696,16329.9015721366,472.603006633512,306.060661431653,562.865057394163,677.570786035051,29104.9292562275,-587029.535692404,54.4054250766899,13.2271325761868,13.1857652664185,228.72721862793,228.72721862793,1.86524341687847,1.86552686192207,1,57.0603736263125,57.0603736263125,0.0073164488714735
167326.829633587,3,0,556.667389607735,16424.5361242612,473.713505688076,307.835214073399,564.76232301349,679.636833836259,29269.1630791883,-586927.088518073,54.5752719609145,13.0659698347982,13.171106338501,228.75016784668,228.75016784668,1.86808004276186,1.86836389995942,1,56.9705162663988,56.9705162663988,0.00796945757923529
167327.029633587,3,0,555.348131861774,16519.3929916795,474.825971566022,309.616313215935,566.666192655375,681.709307283907,29434.0116045949,-586823.812270558,54.7457893786058,12.9062162581489,13.1564483642578,228.772750854492,228.772750854492,1.87092153502961,1.87120580585973,1,56.880832314153,56.880832314153,0.00854340723003349
167327.229633587,3,0,554.028874115813,16614.4725666004,475.940205147241,311.403949299873,568.576666104788,683.78820181351,29599.466258698,-586719.708957342,54.9169809320916,12.7478471470776,13.1417903900146,228.794982910156,228.794982910156,1.87376818205374,1.87405311803001,0.999324483116323,56.7912957305625,56.7912957305625,0.00903023128245468
167327.429633587,3,0,552.710418417381,16709.7749548863,477.052695288047,313.196946144358,570.491616789994,685.871438400318,29765.3277252868,-586614.901164265,55.0886217186805,12.5907821113273,13.1271514892578,228.816864013672,228.816864013672,1.87661850205872,1.87690371813632,0.992716283217906,56.7019184337794,56.7019184337794,0.00942662560998195
167327.629633587,3,0,551.3998979,16805.2979396753,478.147898684268,314.984910572857,572.392160810992,687.940586854794,29930.6978103579,-586509.955208615,55.2586835276861,12.4346119977342,13.1126098632813,228.838424682617,228.838424682617,1.8794614089949,1.87974553334379,0.986229360174253,56.612705103425,56.612705103425,0.00969112017245889
167327.829633587,3,0,550.09795135855,16901.0381020625,479.226140288457,316.766816874517,574.276543148879,689.993925991593,30095.5829374329,-586404.867679192,55.42697470198,12.2788086622155,13.098162651062,228.859664916992,228.859664916992,1.88229543983827,1.88257923632022,0.979846659409788,56.5236451106845,56.5236451106845,0.00981945367321513
167328.029633586,3,0,548.80443896948,16996.9920694286,480.287703627513,318.542725844831,576.145054437625,692.0317213381,30259.9873874347,-586299.639198534,55.5935258644841,12.1234492557328,13.0838088989258,228.88053894043,228.88053894043,1.88512153248972,1.88540410023633,0.97353292821709,56.4347279548767,56.4347279548767,0.00999079326536597
167328.229633586,3,0,547.519265138862,17093.1565260274,481.33270780839,320.312745544768,577.997869021926,694.054153892481,30423.9065708582,-586194.267342212,55.7583473941313,11.9686086669929,13.0695476531982,228.901092529297,228.901092529297,1.88793881215586,1.88822065435935,0.967288646911817,56.3459994284477,56.3459994284477,0.0100890726685877
167328.429633586,3,0,546.242338336318,17189.5281645189,482.361389468086,322.076810299649,579.835152967854,696.061352652683,30587.342343076,-586088.759359597,55.9214609055134,11.8143511597538,13.0553779602051,228.921325683594,228.921325683594,1.89074769559677,1.89102891587386,0.961112498897577,56.257395738797,56.257395738797,0.0103361959144536
167328.629633586,3,0,544.973568412803,17286.1037376492,483.373822227985,323.835099315164,581.657073668322,698.053511145971,30750.2881681336,-585983.108002388,56.0828708576619,11.6607568011093,13.0412979125977,228.94123840332,228.94123840332,1.8935486038404,1.89382881332257,0.955005261748471,56.1689541970684,56.1689541970684,0.0106806735238955
167328.829633586,3,0,543.712864535313,17382.8800265648,484.370215966196,325.587600293102,583.463805045435,700.03077870297,30912.7449326847,-585877.317641544,56.2425964225169,11.5078874086672,13.0273084640503,228.960800170898,228.960800170898,1.89634116685835,1.89662061943976,0.948965438979117,56.080650493363,56.080650493363,0.0109805177409387
167329.029633586,3,0,542.460137708154,17479.8538450657,485.350736392789,327.334349004532,585.255510729688,701.993308542207,31074.7113727819,-585771.389543451,56.4006519440648,11.3558027150815,13.01340675354,228.980056762695,228.980056762695,1.89912542988235,1.89940398877533,0.942992688911352,55.9924808146118,55.9924808146118,0.0112046231696031
167329.229633586,3,0,541.21529939161,17577.0220363305,486.31555170898,329.075382074435,587.032356571297,703.941255946675,31236.1865828169,-585665.324833061,56.5570521437041,11.2045713360222,12.9995927810669,228.998992919922,228.998992919922,1.90190169380318,1.90217946252161,0.937086461013684,55.9044533844535,55.9044533844535,0.0113791644551584
167329.429633586,3,0,539.978261676281,17674.3814771691,487.264829423042,330.810738365471,588.794508890017,705.874777155643,31397.1698322096,-585559.124505022,56.7118117624132,11.0542420794856,12.9858646392822,229.017608642578,229.017608642578,1.90466958976439,1.90494671063624,0.931246160979804,55.8165643703149,55.8165643703149,0.0115140025232973
167329.629633586,3,0,538.748937444023,17771.9290814248,488.198728467029,332.540452695254,590.542126283024,707.794020918112,31557.6600892408,-585452.789804265,56.8649447956174,10.904876979544,12.972222328186,229.035903930664,229.035903930664,1.90742994303362,1.90770587210701,0.925471272804708,55.7288219406484,55.7288219406484,0.0115745481285058
167329.829633586,3,0,537.52724050205,17869.661786431,489.117413135521,334.264564570572,592.275372615556,709.699141555301,31717.6568416619,-585346.321588602,57.0164657891744,10.7565205175801,12.958664894104,229.053894042969,229.053894042969,1.91018189174042,1.9104572672399,0.919761224146082,55.6411984339904,55.6411984339904,0.0115678312649851
167330.029633585,3,0,536.313085113553,17967.5765662813,490.02104342283,335.983111113499,593.994406327049,711.590288231623,31877.1595248341,-585239.720857537,57.1663887617507,10.6092270742638,12.9451913833618,229.071563720703,229.071563720703,1.91292623997178,1.91320067029891,0.914115493224663,55.5537071822185,55.5537071822185,0.0115193388546041
167330.229633585,3,0,535.106386306154,18065.6704275565,490.909827192739,337.696101090189,595.699391875547,713.467607950485,32036.1703906637,-585132.992157123,57.3147308435052,10.4630359771822,12.9317998886108,229.088943481445,229.088943481445,1.91566277660518,1.91593639277745,0.908533477676267,55.466337599274,55.466337599274,0.0114898753820025
167330.429633585,3,0,533.907060032834,18163.9403850101,491.783833442084,339.403606887118,597.39048958267,715.331260339451,32194.6843428289,-585026.12839072,57.4615039597263,10.3179942385934,12.9184904098511,229.106002807617,229.106002807617,1.91839154599977,1.91866445243782,0.903014130529491,55.3791096512631,55.3791096512631,0.011774307716638
167330.629633585,3,0,532.715023547447,18262.3835281587,492.643243480172,341.105722878594,599.067854379578,717.181405932967,32352.7025001311,-584919.132887311,57.6067176484678,10.1741421800649,12.9052610397339,229.122772216797,229.122772216797,1.9211123383634,1.92138453955063,0.897558303416994,55.2920059314116,55.2920059314116,0.0120738581612042
167330.829633585,3,0,531.530193030966,18360.9969577292,493.488219943867,342.802465643142,600.731649652291,719.018192652968,32510.2252379357,-584812.005733701,57.7503885953791,10.0315131067169,12.8921127319336,229.139236450195,229.139236450195,1.92382584063408,1.92409719938826,0.892164463211673,55.2050228642726,55.2050228642726,0.0123776356011946
167331.029633585,3,0,530.352486582138,18459.7777987472,494.318920905328,344.493885017965,602.382041743964,720.841779235946,32667.2528486407,-584704.747044654,57.8925315717923,9.8901445046918,12.8790426254272,229.155410766602,229.155410766602,1.92653186101233,1.92680248189881,0.886832151749513,55.1181429344494,55.1181429344494,0.0126827574524246
167331.229633585,3,0,529.1818228898,18558.7232175682,495.1355041412,346.180028415176,604.019192493265,722.652319993756,32823.7857882475,-584597.356948973,58.0331609552611,9.75006780827619,12.8660507202148,229.171279907227,229.171279907227,1.92923003644828,1.92950005305915,0.881560869199588,55.0313929714927,55.0313929714927,0.0130243528762844
167331.429633585,3,0,528.018121527917,18657.8304066155,495.938120684509,347.860940912467,605.643258513119,724.449964233135,32979.8242849829,-584489.835725829,58.1722906099477,9.61130818497799,12.8531360626221,229.186874389648,229.186874389648,1.93192120363232,1.9321902214622,0.87635005729496,54.9447420322661,54.9447420322661,0.0133437430920531
167331.629633585,3,0,526.86130252643,18757.0965913032,496.726922666864,349.536667066624,607.254395502197,726.234860314844,33135.36881177,-584382.183576174,58.3099344023651,9.4738936063632,12.8402976989746,229.202194213867,229.202194213867,1.93460477385334,1.93487316970618,0.871199198078165,54.8582170862064,54.8582170862064,0.0136545124883706
167331.829633584,3,0,525.711286679707,18856.5190231724,497.502060442776,351.207251964729,608.852757865885,728.00715559534,33290.4199046361,-584274.400623114,58.4461060620538,9.33784762011368,12.8275346755981,229.217208862305,229.217208862305,1.93728131712636,1.93754908250369,0.866107746644271,54.7717839289793,54.7717839289793,0.0139551293991433
167332.029633584,3,0,524.567995586783,18956.0949867911,498.263687762969,352.872743660192,610.438504356054,729.767001744171,33444.9784815694,-584166.486782317,58.5808198560069,9.20318665434857,12.8148460388184,229.231948852539,229.231948852539,1.93995048848718,1.94021761483435,0.861075127424799,54.6854790997763,54.6854790997763,0.0142261358123559
167332.229633584,3,0,523.431351651351,19055.8218016059,499.011956151853,354.533188919111,612.011792015959,731.514548624472,33599.0454960478,-584058.442042469,58.7140899921939,9.0699234900132,12.8022317886353,229.246429443359,229.246429443359,1.94261261895833,1.94287896852665,0.856100761257161,54.5992718611995,54.5992718611995,0.0144976749857268
167332.429633584,3,0,522.301277840372,19155.6968072278,499.747011660862,356.188632644486,613.57277271441,733.249941250007,33752.6217300842,-583950.266470246,58.8459301304113,8.93807913731889,12.7896900177002,229.260650634766,229.260650634766,1.94526762351885,1.94553346209688,0.851184120094245,54.5131756513522,54.5131756513522,0.0147219566316333
167332.629633584,3,0,521.177697958994,19255.7173784884,500.469000372343,357.839120497022,615.121596994896,734.973323652274,33905.7081340093,-583841.960008401,58.9763537674126,8.80766088445955,12.7772197723389,229.274597167969,229.274597167969,1.94791609686722,1.94818088244267,0.846324712247098,54.4271731260795,54.4271731260795,0.0149483359076148
167332.829633584,3,0,520.060536382336,19355.880918005,501.178069855308,359.484698154132,616.658416446314,736.684840679015,34058.3059090544,-583733.522485577,59.1053746572848,8.67867755457844,12.7648210525513,229.288284301758,229.288284301758,1.95055743846361,1.95082155114004,0.841521953144237,54.3412808698556,54.3412808698556,0.0151144356121317
167333.029633584,3,0,518.949718384057,19456.1848584692,501.874365172855,361.125412603525,618.183382554412,738.384637351269,34210.4162641491,-583624.95372353,59.2330065358844,8.5511358556247,12.7524929046631,229.301712036133,229.301712036133,1.95319184105269,1.95345541858468,0.83677530364457,54.2554813172011,54.2554813172011,0.0152759374112926
167333.229633584,3,0,517.845169874842,19556.6266584505,502.55803321268,362.761313072978,619.696648598795,740.072860672384,34362.0406825191,-583516.253292967,59.3592633395106,8.42503596627779,12.7402334213257,229.314895629883,229.314895629883,1.95581987367399,1.95608266445866,0.832084205289227,54.1697843891868,54.1697843891868,0.0154101629425559
167333.429633584,3,0,516.746817489568,19657.2038122185,503.229220678935,364.392448721758,621.19836799212,741.749657671459,34513.1807896267,-583407.420761638,59.4841591296992,8.30038161164168,12.7280435562134,229.32780456543,229.32780456543,1.95844098522756,1.95870333951206,0.82744808229358,54.0841730584015,54.0841730584015,0.0155093299040102
167333.629633584,3,0,515.654588600725,19757.9138347957,503.888068918765,366.018867615815,622.688689718836,743.415171333433,34663.8380331281,-583298.455730182,59.6077074658835,8.17716197082285,12.7159214019775,229.340515136719,229.340515136719,1.96105587908058,1.96131726745455,0.822866386182739,53.998677591511,53.998677591511,0.0156286465309114
167333.829633583,3,0,514.568411318406,19858.7542773334,504.534716519291,367.640616956914,624.167758965857,745.069541182609,34814.013842079,-583189.357776132,59.7299214813264,8.0553808203583,12.7038660049438,229.352966308594,229.352966308594,1.96366420079914,1.96392503992123,0.818338642260198,53.9132601491894,53.9132601491894,0.0157032555964186
167334.029633583,3,0,513.488214429964,19959.7227130707,505.169304558384,369.257745665484,625.635724069432,746.712909727228,34963.7099419613,-583080.126350193,59.8508147564799,7.93502120889691,12.6918773651123,229.365188598633,229.365188598633,1.96626620179355,1.96652631994816,0.813864279488531,53.827943589358,53.827943589358,0.0157784423271791
167334.229633583,3,0,512.413927393304,20060.816742633,505.791971082927,370.870302342295,627.092730619502,748.34541702481,35112.9280208371,-582970.760851739,59.9704005641358,7.81607764366784,12.6799535751343,229.377166748047,229.377166748047,1.96886190413804,1.96912158943374,0.809442766081843,53.7427083007795,53.7427083007795,0.015859074932358
167334.429633583,3,0,511.345480457583,20162.0339980172,506.402852479791,372.478336212311,628.538923330857,749.967202476726,35261.6698035216,-582861.260625695,60.0886920827096,7.6985355869018,12.6680946350098,229.388946533203,229.388946533203,1.97145139826576,1.97171049562543,0.80507359237238,53.6575702042505,53.6575702042505,0.015917133451848
167334.629633583,3,0,510.28280443522,20263.3721399733,507.002086001212,374.081897931764,629.974448258435,751.578406877106,35409.9372128493,-582751.624858376,60.205702677876,7.58237505251712,12.6562995910645,229.400497436523,229.400497436523,1.97403489060681,1.97429341017161,0.800756200052482,53.5725156708954,53.5725156708954,0.0159938595121065
167334.829633583,3,0,509.225831037176,20364.8288487478,507.589804468904,375.681036243815,631.399446837688,753.179166611318,35557.7320267705,-582641.852853745,60.3214452357544,7.46758377109033,12.6445684432983,229.411834716797,229.411834716797,1.97661245814708,1.97687037542103,0.796490090038983,53.4875572833077,53.4875572833077,0.0160744256165346
167335.029633583,3,0,508.174492551086,20466.4018384957,508.166139597274,377.275799881299,632.814058950036,754.769616683427,35705.0560908252,-582531.943802605,60.4359324875288,7.35413417310814,12.6328992843628,229.422958374023,229.422958374023,1.97918402990976,1.97944133766749,0.792274763120923,53.4026689099284,53.4026689099284,0.0161692914488208
167335.229633583,3,0,507.128721801028,20568.0888444748,508.731224562253,378.866240841877,634.218428524802,756.349896196381,35851.9114782602,-582421.896718052,60.5491776260905,7.24200530068666,12.6212921142578,229.433898925781,229.433898925781,1.9817499482967,1.98200665730387,0.788109668886632,53.3178760593376,53.3178760593376,0.016269399880838
167335.429633583,3,0,506.088452569967,20669.8876302164,509.285188217383,380.452408463739,635.612693347779,757.920138386336,35998.3001166459,-582311.710701837,60.6611931790635,7.13116909053553,12.6097450256348,229.444625854492,229.444625854492,1.98431003053959,1.98456598391154,0.783994315282431,53.2331555136908,53.2331555136908,0.0163839994577708
167335.629633582,3,0,505.053619103552,20771.7959862571,509.828161584393,382.034353689616,636.996994223415,759.480479325425,36144.2242011325,-582201.38468753,60.7719921069239,7.02159887934763,12.598258972168,229.455184936523,229.455184936523,1.98686449037057,1.98712009537833,0.779928184355506,53.1485234769689,53.1485234769689,0.016533586616644
167335.829633582,3,0,504.02415635151,20873.8117285477,510.360274082308,383.612128661885,638.37147129222,761.031054735085,36289.6859529037,-582090.917527928,60.8815872538908,6.91325909425352,12.5868330001831,229.465530395508,229.465530395508,1.98941339281123,1.98966851107104,0.77591073400302,53.0639663865789,53.0639663865789,0.016711652527874
167336.029633582,3,0,503.000000121876,20975.9326999377,510.881648267298,385.185782114374,639.73625775809,762.571993626958,36434.6872819365,-581980.308237087,60.989990728487,6.80611848181084,12.5754652023315,229.475708007813,229.475708007813,1.99195695469185,1.99221144736788,0.771941513232548,52.9794869053587,52.9794869053587,0.0169138662519491
167336.229633582,3,0,501.981086611604,21078.1567632015,511.392411957996,386.75536625387,641.091491954778,764.103430060838,36579.2305499668,-581869.555575115,61.0972152505748,6.7001430496835,12.5641555786133,229.485717773438,229.485717773438,1.99449499697195,1.99474912265678,0.768019996426033,52.8950751179052,52.8950751179052,0.0171229883247364
167336.429633582,3,0,500.967352956423,21180.4818121607,511.89268789671,388.320930472406,642.437306828612,765.625492828767,36723.3179176375,-581758.658389931,61.2032729989283,6.59529099745706,12.552903175354,229.495544433594,229.495544433594,1.99702800461894,1.99728162458681,0.764145692576717,52.8107537596786,52.8107537596786,0.0173760502920722
167336.629633582,3,0,499.958736754741,21282.9057635053,512.382600794847,389.882526407462,643.773837591021,767.138313074588,36866.951789705,-581647.615346676,61.3081764091212,6.49156773561202,12.5417070388794,229.505218505859,229.505218505859,1.9995556491898,1.99980875714943,0.760318100758994,52.7265058513627,52.7265058513627,0.0176757522018994
167336.829633582,3,0,498.955176248697,21385.4265566657,512.862273995477,391.440206669889,645.101220351131,768.642022885055,37010.134596781,-581536.425071334,61.4119380620802,6.38900741992291,12.5305681228638,229.514709472656,229.514709472656,2.00207857119807,2.0023307423579,0.756536694673501,52.6423243307239,52.6423243307239,0.0179673789242198
167337.029633582,3,0,497.956610471681,21488.0421537397,513.331828788966,392.994022604858,646.419588033628,770.136751165899,37152.8687546831,-581425.086190525,61.5145702141548,6.28762610028365,12.5194835662842,229.524032592773,229.524032592773,2.00459602490338,2.00484795697342,0.752800983726465,52.558213057786,52.558213057786,0.0182759628858949
167337.229633582,3,0,496.9629790807,21590.7505489307,513.791384143957,394.544023869841,647.7290698777,771.622623369597,37295.1566384247,-581313.597368826,61.6160847538906,6.18743762003992,12.5084543228149,229.533203125,229.533203125,2.00710865374846,2.00736005509469,0.749110504071042,52.4741765664513,52.4741765664513,0.0185919342608698
167337.429633582,3,0,495.974222336252,21693.5497554404,514.241057076969,396.090260799373,649.029795461433,773.099765279518,37437.0006078184,-581201.957229124,61.7164936453469,6.08845193996793,12.4974784851074,229.542221069336,229.542221069336,2.00961624504817,2.00986712924243,0.745464757365235,52.3901961813542,52.3901961813542,0.0189570815217061
167337.629633581,3,0,494.990281223037,21796.4378060882,514.680966205928,397.632783511621,650.321893314863,774.568301668732,37578.4032287233,-581090.164296282,61.8158087794818,5.99067913768442,12.4865570068359,229.551055908203,229.551055908203,2.01211893190749,2.01236940704463,0.741863280958965,52.3063040035248,52.3063040035248,0.019314929800793
167337.829633581,3,0,494.011097161611,21899.412763883,515.111229201186,399.171643197673,651.605493499546,776.028358767983,37719.3671149176,-580978.217057838,61.9140422824745,5.8941311656569,12.4756870269775,229.55973815918,229.55973815918,2.01461705781015,2.01486685032132,0.738305549870377,52.2224644011071,52.2224644011071,0.0196864310966934
167338.029633581,3,0,493.036612457659,22002.4727137162,515.531962467263,400.706890149631,652.880724130868,777.480060884444,37859.8949022312,-580866.113970132,62.0112061208701,5.79881438182426,12.4648704528809,229.568283081055,229.568283081055,2.01711014354545,2.0173596695295,0.734791085035303,52.138707948693,52.138707948693,0.020096291057773
167338.229633581,3,0,492.066769933192,22105.6157735159,515.943204267988,402.238665651783,654.147708664492,778.923549519728,37999.9847091821,-580753.847120208,62.1073037251976,5.7047387010798,12.4541044235229,229.57666015625,229.57666015625,2.01959859435951,2.01984755988855,0.731319702477354,52.0549830829623,52.0549830829623,0.0202881700693615
167338.429633581,3,0,491.10151275891,22208.8400935023,516.345223865541,403.766838623953,655.406577349455,780.358908343303,38139.6483484841,-580641.427814007,62.2023631871341,5.61190792942202,12.4433898925781,229.584884643555,229.584884643555,2.02208246864233,2.02233088829136,0.727890793117595,51.9713390526041,51.9713390526041,0.0201005873062997
167338.629633581,3,0,490.140784802882,22312.1438059296,516.738081973492,405.29152421268,656.65745852959,781.786276778287,38278.885505717,-580528.849608801,62.2963911946323,5.52033000922919,12.4327249526978,229.592926025391,229.592926025391,2.02456159674266,2.02480986858161,0.724502760754296,51.8877779742891,51.8877779742891,0.0198156906941512
167338.829633581,3,0,489.184531998484,22415.5250868001,517.121889642891,406.812766473715,657.900472315703,783.205770679348,38417.6988569361,-580416.111250293,62.3893992867207,5.43000824714304,12.4221096038818,229.600845336914,229.600845336914,2.02703634815368,2.02728406337371,0.721156190367224,51.8042507952917,51.8042507952917,0.0194745297657131
167339.029633581,3,0,488.232699655474,22518.9821396041,517.496758733285,408.330610850023,659.135739250969,784.617506514974,38556.0912314471,-580303.211341959,62.4813990300204,5.34094717140422,12.4115428924561,229.608612060547,229.608612060547,2.02950682525106,2.02975382233657,0.717850353283851,51.7208040947453,51.7208040947453,0.019109903240533
167339.229633581,3,0,487.285233955331,22622.5131867287,517.862798537965,409.845103181386,660.363378418838,786.021599546141,38694.0653878126,-580190.148370749,62.5724017928151,5.25314483517777,12.4010257720947,229.616226196289,229.616226196289,2.03197241416018,2.03221926950472,0.714584784457462,51.6374262398111,51.6374262398111,0.0187022954819404
167339.42963358,3,0,486.342081669616,22726.1164738548,518.220117401349,411.356290617547,661.583509176557,787.418165493715,38831.624117431,-580076.920773418,62.6624189481266,5.16660638667713,12.3905553817749,229.62370300293,229.62370300293,2.03443393528174,2.03468019630647,0.711359026090502,51.554104478015,51.554104478015,0.018274327663834
167339.62963358,3,0,485.403190227036,22829.7902641151,518.568822312563,412.864219597099,662.796248740135,788.807318081199,38968.770212592,-579963.526941835,62.7514616529502,5.08133219067425,12.3801326751709,229.63102722168,229.63102722168,2.03689118123609,2.03713713440375,0.708172618122043,51.4708475277944,51.4708475277944,0.017816333747377
167339.82963358,3,0,484.468507666497,22933.5328494882,518.90901919057,414.368937922315,664.00171489107,790.189171622173,39105.5064888749,-579849.965149113,62.8395411069444,4.99732184583499,12.3697566986084,229.638198852539,229.638198852539,2.03934425782906,2.03958962726691,0.705025092125182,51.3876404205713,51.3876404205713,0.0173437007085328
167340.02963358,3,0,483.537982630405,23037.3425346578,519.240809912391,415.870492500731,665.200021139101,791.563836675566,39241.8355836648,-579736.233713999,62.9266679551172,4.9145727165052,12.3594264984131,229.645248413086,229.645248413086,2.0417931146788,2.04203818817991,0.701916037323284,51.3045080112368,51.3045080112368,0.016893377999352
167340.22963358,3,0,482.61156430431,23141.2176519014,519.564296326332,417.368930716463,666.391281465649,792.93142419937,39377.7602191697,-579622.330836394,63.0128529457886,4.83308102674924,12.349142074585,229.652160644531,229.652160644531,2.04423788131856,2.04448249656882,0.698845006306779,51.2214361168107,51.2214361168107,0.016469918210504
167340.42963358,3,0,481.689202470555,23245.1565475734,519.879578638086,418.864300393969,667.575608811011,794.292044302017,39513.2830902209,-579508.25467365,63.0981066814184,4.75284291480857,12.3389024734497,229.658935546875,229.658935546875,2.0466786226963,2.04692263862035,0.695811570961344,51.1384197603392,51.1384197603392,0.0160982975646834
167340.62963358,3,0,480.770847454631,23349.1575900514,520.186754705977,420.35664932777,668.753114121139,795.645805334965,39648.4068243213,-579394.003343205,63.18243950164,4.67385824286584,12.3287076950073,229.665557861328,229.665557861328,2.04911533470934,2.04935901827024,0.692815311074905,51.0554536828334,51.0554536828334,0.0157716372392229
167340.82963358,3,0,479.856450239169,23453.2191687471,520.485920378065,421.846024709435,669.923906373102,796.992813782327,39783.1339933898,-579279.574954147,63.2658615356535,4.59611911114756,12.3185567855835,229.672073364258,229.672073364258,2.05154808336178,2.05179145235043,0.689855824831728,50.9725635535796,50.9725635535796,0.0154978805446297
167341.02963358,3,0,478.945962175605,23557.3396908749,520.777170933614,423.332474725592,671.0880944929,798.333176238009,39917.4672114101,-579164.967501792,63.3483828760539,4.51961788026118,12.3084487915039,229.678436279297,229.678436279297,2.05397713914356,2.0542200300953,0.686932696985761,50.8897249978428,50.8897249978428,0.015309696000491
167341.22963358,3,0,478.039335252398,23661.5175977953,521.060577360682,424.816079547545,672.245788277146,799.667007224883,40051.4077158389,-579050.176643221,63.4300109026429,4.44435101408655,12.2983837127686,229.684677124023,229.684677124023,2.05640204648171,2.05664488713056,0.684045786648897,50.806926398229,50.806926398229,0.0149918338319096
167341.429633579,3,0,477.136521706113,23765.7513283935,521.336265338929,426.296821700502,673.397097228746,800.994398773757,40184.9600873344,-578935.203067645,63.510761913558,4.3703073874049,12.2883605957031,229.690795898438,229.690795898438,2.0588236018085,2.05906581836258,0.681193942318682,50.724186429471,50.724186429471,0.014686285808427
167341.629633579,3,0,476.237475060775,23870.0393561793,521.604350251954,427.774806033242,674.542126557084,802.315466928129,40318.1283483665,-578820.046705909,63.5906403844504,4.29748028393033,12.2783794403076,229.696792602539,229.696792602539,2.06124132744715,2.06148321170983,0.678377582160317,50.6414969848771,50.6414969848771,0.0142666421486971
167341.829633579,3,0,475.342148619124,23974.3801578073,521.864910038722,429.250014872274,675.680984432579,803.630302451844,40450.9143716187,-578704.703997492,63.6696625828169,4.22585806299767,12.2684392929077,229.702667236328,229.702667236328,2.06365552179833,2.06389690910263,0.675595421493324,50.5588689905863,50.5588689905863,0.0138773196886416
167342.029633579,3,0,474.450497092065,24078.7722367878,522.118034393993,430.722520486073,676.813773249566,804.939011564073,40583.3207587767,-578589.17302655,63.7478356180372,4.15543227527751,12.2585401535034,229.708419799805,229.708419799805,2.0660660946885,2.06630714089999,0.672847612932087,50.4762929634765,50.4762929634765,0.0135099687208923
167342.229633579,3,0,473.562475170381,24183.2141260599,522.363788898246,432.192399538566,677.940597144637,806.241702835033,40715.3487423499,-578473.449451007,63.8251665073666,4.08619318229491,12.2486820220947,229.71403503418,229.71403503418,2.06847291188621,2.06871388758885,0.670133903921032,50.3937591993868,50.3937591993868,0.0130880278932328
167342.429633579,3,0,472.67803782649,24287.7043631021,522.602312117888,433.659635537771,679.061555749001,807.538459940745,40847.0039856816,-578357.535890695,63.9016702139145,4.0181243204858,12.2388620376587,229.71955871582,229.71955871582,2.07087677893297,2.07111726792285,0.667453246886894,50.3112968375045,50.3112968375045,0.0126281627948065
167342.629633579,3,0,471.797141333682,24392.2414984797,522.833670641397,435.124295632194,680.176748625166,808.829385336242,40978.2878921569,-578241.428519317,63.9773539963803,3.95121631813569,12.2290821075439,229.724960327148,229.724960327148,2.0732769430249,2.07351721622594,0.664805729436339,50.2288720443177,50.2288720443177,0.0121860458942162
167342.829633579,3,0,470.91974198536,24496.824114839,523.057951834685,436.586424685737,681.286275849785,810.114576803343,41109.2031829413,-578125.1252087,64.0522273210079,3.88545487802154,12.2193412780762,229.730239868164,229.730239868164,2.07567379880002,2.07591371451104,0.662190847476236,50.1464992504943,50.1464992504943,0.011832424866329
167343.029633579,3,0,470.045796604668,24601.450799458,523.275242573507,438.046068129369,682.390237513311,811.394132195127,41239.7526121746,-578008.623786516,64.1262996600179,3.82082468234979,12.2096385955811,229.735412597656,229.735412597656,2.07806746746115,2.0783070215576,0.659608223899221,50.0641924416833,50.0641924416833,0.0114924592346471
167343.229633578,3,0,469.175262618243,24706.1201691786,523.485602238417,439.503300037079,683.488732373948,812.668154595698,41369.937313629,-577891.919863194,64.1995776016662,3.75731200195087,12.1999731063843,229.740478515625,229.740478515625,2.08045820966435,2.08069739809589,0.657057450508614,49.9819137131277,49.9819137131277,0.0111292842099347
167343.429633578,3,0,468.308097935521,24810.8308578843,523.689164912793,440.958107643383,684.581856935843,813.936725653939,41499.763001691,-577775.015670121,64.2720756156925,3.69490089626686,12.1903457641602,229.745468139648,229.745468139648,2.08284540885367,2.08308422749061,0.654538473465944,49.8996948166714,49.8996948166714,0.0107101224384415
167343.629633578,3,0,467.444260693927,24915.581505015,523.885994443089,442.410556130455,685.669707853612,815.199944573839,41629.2312028488,-577657.907316241,64.3438008975877,3.63357257622432,12.1807546615601,229.750335693359,229.750335693359,2.08522990443299,2.08546834926979,0.652050134566854,49.8175121094582,49.8175121094582,0.0103277769517639
167343.829633578,3,0,466.583710197645,25020.3707679703,524.07617244878,443.860688667941,686.752379682059,816.457903787584,41758.3445579425,-577540.592636131,64.4147624127987,3.57331348521985,12.1712007522583,229.755096435547,229.755096435547,2.08761107971658,2.08784914666826,0.649592635069115,49.7353864506041,49.7353864506041,0.00999501665401122
167344.029633578,3,0,465.726405878265,25125.1973268548,524.25978009822,445.308548573327,687.829966893094,817.71069562641,41887.1057401458,-577423.069414466,64.4849691519368,3.51410402016568,12.1616821289063,229.759750366211,229.759750366211,2.08998919787358,2.0902270217388,0.647165491039078,49.653329866929,49.653329866929,0.00971001562265838
167344.229633578,3,0,464.872307589824,25230.0598769146,524.436897423513,446.754179365407,688.902562657113,818.958411307782,42015.5174063315,-577305.335366898,64.554429914634,3.45592465616314,12.1521987915039,229.764312744141,229.764312744141,2.09236466293708,2.09260240427118,0.644768327150834,49.5712950709689,49.5712950709689,0.00948652561038449
167344.429633578,3,0,464.021375776446,25334.9571530072,524.607552318148,448.19768531389,689.9702605217,820.201155843191,42143.5790740423,-577187.383636345,64.6231477356858,3.39875709280019,12.1427507400513,229.768783569336,229.768783569336,2.0947371606766,2.09497451280612,0.642401354813659,49.4893131345251,49.4893131345251,0.00894550117865488
167344.629633578,3,0,463.173570580506,25439.8878656917,524.771934611164,449.638983750238,691.033153544886,821.438992089472,42271.3002098687,-577069.221585516,64.6911436944179,3.34258056957164,12.1333379745483,229.773162841797,229.773162841797,2.09710695809982,2.09734405635083,0.640062734721868,49.4073702932176,49.4073702932176,0.00836882851936058
167344.829633578,3,0,462.328854337086,25544.8507548447,524.930073427072,451.07816555308,692.091329182396,822.672016852444,42398.6804912912,-576950.843118699,64.7584212046515,3.28737602490184,12.1239595413208,229.777465820313,229.777465820313,2.09947399385761,2.09971072086631,0.637753183119573,49.3254847794128,49.3254847794128,0.00781352782133992
167345.029633578,3,0,461.487188784474,25649.844580126,525.082046419028,452.515271657205,693.14487681135,823.900317349584,42525.7226285101,-576832.245998981,64.8249888802936,3.23312011146608,12.11461353302,229.781661987305,229.781661987305,2.1018384490721,2.10207491499761,0.635472113190582,49.2436500118033,49.2436500118033,0.00726626482056986
167345.229633577,3,0,460.648536351629,25754.8681157455,525.227929322904,453.950341573801,694.193883797459,825.123978731758,42652.4292476658,-576713.428076244,64.8908551745533,3.17979424613223,12.1053018569946,229.785781860352,229.785781860352,2.10420037731917,2.10443643884129,0.633219172184885,49.1618539431984,49.1618539431984,0.00674459409348811
167345.429633577,3,0,459.81285979608,25859.9201526189,525.367800531449,455.383418853333,695.238441685305,826.343090500555,42778.8032207548,-576594.38683119,64.9560289251216,3.12455328160621,12.0960235595703,229.789810180664,229.789810180664,2.10655963037146,2.10679544968423,0.630993982020183,49.0800929545871,49.0800929545871,0.00623892900181206
167345.629633577,3,0,458.980122566024,25964.9994953274,525.50173356973,456.814544493263,696.278637763138,827.557737952081,42904.8471315909,-576475.120016562,65.0205185268238,3.06989229844016,12.0867776870728,229.793762207031,229.793762207031,2.10891634007295,2.1091519139396,0.628796184164417,48.9984071461899,48.9984071461899,0.0057929225189397
167345.829633577,3,0,458.150288424818,26070.1049621523,525.629801252423,458.243758813643,697.314557635812,828.768004758962,43030.5635666684,-576355.625292246,65.0843321950018,3.01618329162608,12.0775632858276,229.797653198242,229.797653198242,2.11127047287029,2.11150621869329,0.62662546673848,48.9167340090559,48.9167340090559,0.00538733768830199
167346.029633577,3,0,457.32332152474,26175.2353892257,525.752076032027,459.671102746997,698.346286363228,829.973974251988,43155.9551409334,-576235.900237514,65.1474780369693,2.96339837570653,12.0683813095093,229.80143737793,229.80143737793,2.11362244295139,2.11385777039146,0.624481486449623,48.8351190269252,48.8351190269252,0.00497560485510968
167346.229633577,3,0,456.499186601448,26280.3896231106,525.868629053008,461.096617520622,699.373909497382,831.175730060849,43281.0244228869,-576115.942461226,65.2099642611468,2.91151002929105,12.0592308044434,229.80517578125,229.80517578125,2.11597221870122,2.1162074318189,0.622363894001702,48.7535617511058,48.7535617511058,0.00462550222644993
167346.429633577,3,0,455.677848873397,26385.5665292625,525.979531228598,462.520343699878,700.39751094718,832.373354345839,43405.7740158465,-575995.749501274,65.2717989017357,2.86049237506013,12.0501108169556,229.808837890625,229.808837890625,2.11831948722237,2.1185545831383,0.620272366161885,48.6720267144194,48.6720267144194,0.00429070781849973
167346.629633577,3,0,454.859273847381,26490.7649836983,526.084851091998,463.942321662174,701.417172689711,833.566927510288,43530.2064070044,-575875.318900215,65.3329897150938,2.81031936974497,12.0410213470459,229.812423706055,229.812423706055,2.12066466558127,2.12089935983951,0.618206579329704,48.5905445494782,48.5905445494782,0.00402779542316173
167346.829633577,3,0,454.043427539811,26595.983877959,526.184657130332,465.362591836169,702.432977496719,834.756530581604,43654.3241224193,-575754.648201659,65.3935446370911,2.76096238746418,12.0319623947144,229.815933227539,229.815933227539,2.12300775045476,2.12324215333143,0.616166205163025,48.5091015021339,48.5091015021339,0.0038161301095064
167347.029633576,3,0,453.230276322493,26701.2221138743,526.279017756194,466.781194390139,703.445006803123,835.942243349833,43778.1297273274,-575633.734863404,65.4534714371449,2.71239251847001,12.0229330062866,229.819412231445,229.819412231445,2.12534896654364,2.1255831020817,0.614150925594185,48.4276943511421,48.4276943511421,0.00366598941066137
167347.229633576,3,0,452.419787083559,26806.4786122425,526.367997882111,468.198168453498,704.453339639523,837.124143301042,43901.6255924267,-575512.576448511,65.5127776065314,2.66458132275669,12.013934135437,229.822799682617,229.822799682617,2.12768771915095,2.12792158421612,0.612160422381523,48.3463451023638,48.3463451023638,0.00357308840765059
167347.429633576,3,0,451.61192706653,26911.7523028731,526.45166394308,469.613554086398,705.458056148209,838.302309005931,44024.8142317906,-575391.170392529,65.5714707813647,2.6175006753133,12.0049638748169,229.826141357422,229.826141357422,2.13002490864281,2.13025864167226,0.610194389674044,48.2650269126579,48.2650269126579,0.00354761720268978
167347.629633576,3,0,450.806664031256,27017.0421338341,526.530079954753,471.027389149931,706.45923327436,839.476815812223,44147.6980326016,-575269.514255362,65.6295582941352,2.57112038476005,11.9960222244263,229.829406738281,229.829406738281,2.13235988568465,2.13259334230002,0.608252521900429,48.1837410109446,48.1837410109446,0.00360553756120002
167347.829633576,3,0,450.003965972279,27122.3470539146,526.603309810244,472.43971285695,707.456949300481,840.647740435974,44270.2794161276,-575147.605499694,65.6870476197431,2.52545677203108,11.9871082305908,229.832626342773,229.832626342773,2.13469307350614,2.13492653415622,0.606334500073008,48.1024996965892,48.1024996965892,0.0037118047635976
167348.029633576,3,0,449.203801447404,27227.6660391934,526.671416675378,473.850563006292,708.451279732343,841.815156896533,44392.5607931995,-575025.441579212,65.7439459216712,2.48054192960101,11.9782238006592,229.835784912109,229.835784912109,2.13702430213215,2.13725748062201,0.604440044129347,48.0213117679031,48.0213117679031,0.00392024596616412
167348.229633576,3,0,448.406139316185,27332.9980708547,526.734463137871,475.25997879189,709.442302461222,842.979141474043,44514.5445729354,-574903.019934182,65.8002606888086,2.43636923282393,11.9693660736084,229.838897705078,229.838897705078,2.13935388385471,2.13958691923674,0.602568822890403,47.9401544184118,47.9401544184118,0.00418860176264281
167348.429633576,3,0,447.610948887446,27438.3421497659,526.79248332983,476.668025173862,710.430089647912,844.139771156785,44636.231414935,-574780.335731534,65.8559957341354,2.39293457313628,11.9605360031128,229.841949462891,229.841949462891,2.14168145058312,2.14191451092,0.60072086481283,47.8590187748803,47.8590187748803,0.00439917349722102
167348.629633576,3,0,446.818199396252,27543.6972869165,526.845592984149,478.07468312468,711.414717713549,845.297108262319,44757.6270969699,-574657.3911639,65.9111644117092,2.35023352998881,11.9517335891724,229.844940185547,229.844940185547,2.14400762933083,2.14424022809953,0.598895134830463,47.7779510139246,47.7779510139246,0.00458611863372005
167348.829633576,3,0,446.027861512646,27649.0625069365,526.89380223855,479.480036993864,712.396255537445,846.451231120341,44878.7308360504,-574534.179719275,65.965767997015,2.308259693236,11.9429569244385,229.847869873047,229.847869873047,2.1463319096969,2.14656421467079,0.597092171421424,47.6968982868062,47.6968982868062,0.0046041372835639
167349.029633575,3,0,445.239905222711,27754.4368358006,526.937227114634,480.884063222772,713.374776334325,847.60219831116,44999.5484941334,-574410.70379997,66.0198198705684,2.2670089142121,11.9342069625854,229.85075378418,229.85075378418,2.14865443580897,2.14888690104751,0.595310798313405,47.6158981894404,47.6158981894404,0.00460571823839274
167349.229633575,3,0,444.454301806694,27859.8193156918,526.975903767325,482.286818266243,714.350349080922,848.750082119424,45120.0809787958,-574286.959137926,66.0733243214956,2.22647451665036,11.9254837036133,229.853561401367,229.853561401367,2.15097549584459,2.15120766202708,0.593551282112427,47.5349336064218,47.5349336064218,0.00456764887313867
167349.429633575,3,0,443.671022578372,27965.2090045991,527.009890733633,483.688335746549,715.323044118066,849.894950992263,45240.3306269919,-574162.943363398,66.1262883123887,2.18665226103804,11.9167852401733,229.856323242188,229.856323242188,2.15329477880021,2.15352692890329,0.591813203559945,47.4540087068393,47.4540087068393,0.00454882530545707
167349.629633575,3,0,442.890039139857,28070.6049702984,527.039245700256,485.088648304231,716.292929473288,851.036871174111,45360.2997480775,-574038.65413293,66.1787185280708,2.14753444672043,11.9081125259399,229.859039306641,229.859039306641,2.15561283100832,2.1558447060556,0.590096287735821,47.3731350444797,47.3731350444797,0.00450177972007097
167349.829633575,3,0,442.111323549236,28176.0062917164,527.06402757368,486.487789260708,717.260074820603,852.175910398513,45479.9907647447,-573914.089058984,66.2306219205952,2.10911477438661,11.8994655609131,229.861694335938,229.861694335938,2.15792908494094,2.15816079591392,0.58840024161317,47.2922882485169,47.2922882485169,0.00444921984125431
167350.029633575,3,0,441.334848213287,28281.412060973,527.084291650264,487.885789772203,718.224546089153,853.31213273978,45599.4058847346,-573789.245880426,66.2820050284841,2.0713880307432,11.8908424377441,229.864303588867,229.864303588867,2.16024391547715,2.16047548962714,0.586724786008704,47.2114865872038,47.2114865872038,0.0044044024351359
167350.229633575,3,0,440.560585994759,28386.8213819185,527.100092753186,489.282682044863,719.186409189563,854.44560244113,45718.5473182693,-573664.122216097,66.3328743125758,2.03434595293429,11.8822450637817,229.86686706543,229.86686706543,2.16255735796906,2.1627887630581,0.585069674695474,47.1307074286013,47.1307074286013,0.00433717012399363
167350.429633575,3,0,439.788509984391,28492.2333663682,527.111487717234,490.678498586191,720.145731243116,855.576384787521,45837.4174423605,-573538.715643089,66.3832364610323,1.99798277678317,11.8736715316772,229.869369506836,229.869369506836,2.16486921493737,2.16510076598057,0.583434602818167,47.0499812577983,47.0499812577983,0.00427087703050645
167350.629633575,3,0,439.018593715487,28597.6471382268,527.118530340328,492.07327063104,721.102577128881,856.704542863676,45956.0184556958,-573413.023820642,66.4330979256492,1.962290673979,11.8651208877563,229.871826171875,229.871826171875,2.16718024173108,2.16741115718878,0.581819314639373,46.9692994426494,46.9692994426494,0.00418767696854222
167350.829633575,3,0,438.250811009688,28703.0618337184,527.121273334154,493.467028745065,722.057009703662,857.830137869023,46074.3525112312,-573287.044406636,66.4824648943887,1.92726307957004,11.8565950393677,229.874237060547,229.874237060547,2.16948949207612,2.16972040517756,0.580223547362255,46.8886544864599,46.8886544864599,0.00413205646849262
167351.029633574,3,0,437.485136077554,28808.4766011626,527.11976984538,494.85980435555,723.009093149842,858.953232263701,46192.4218219043,-573160.774999913,66.5313437431364,1.89289222821959,11.8480920791626,229.876586914063,229.876586914063,2.17179757891203,2.1720283435994,0.578647041740136,46.80803616348,46.80803616348,0.00408469127831928
167351.229633574,3,0,436.721543531977,28913.8905934577,527.114071466752,496.251627693708,723.958889480207,860.073886387275,46310.2285205665,-573034.213238585,66.5797406125069,1.85916915103984,11.8396120071411,229.878890991211,229.878890991211,2.17410430494292,2.17433520766737,0.577089532552091,46.7274480741849,46.7274480741849,0.00402924033819317
167351.429633574,3,0,435.960008207133,29019.3029775494,527.104229971508,497.642529099045,724.906460518496,861.192160405292,46427.774782786,-572907.356706586,66.6276616318056,1.82608849149872,11.8311557769775,229.88117980957,229.88117980957,2.17640985346153,2.17664057274189,0.575550768474616,46.6469251129819,46.6469251129819,0.00399767528210373
167351.629633574,3,0,435.20050537976,29124.7129326577,527.090295721574,499.032538932423,725.851867616325,862.308114052898,46545.0627131579,-572780.20300781,66.675112876086,1.79364081789574,11.8227205276489,229.883392333984,229.883392333984,2.17871446091961,2.1789448496693,0.574030499403808,46.56644585257,46.56644585257,0.00395873490325741
167351.829633574,3,0,434.443010614935,29230.1196427133,527.072318224821,500.421686632567,726.795170796079,863.421805747334,46662.0943818215,-572652.749801639,66.7221003093001,1.76181811988952,11.8143091201782,229.885559082031,229.885559082031,2.18101752705926,2.18124804806419,0.572528471819642,46.4859717206815,46.4859717206815,0.00397038307570496
167352.029633574,3,0,433.687499806306,29335.5223059653,527.050347576499,501.810001710068,727.736429940096,864.533293665795,46778.8719266558,-572524.994649578,66.7686298938234,1.73061229029565,11.8059186935425,229.887680053711,229.887680053711,2.18331963993893,2.18355000182901,0.571044434118059,46.4055706646434,46.4055706646434,0.00394648637298516
167352.229633574,3,0,432.933949243144,29440.9201290241,527.024431651364,503.197513846412,728.675704145457,865.642635414565,46895.3973627958,-572396.935115258,66.8147074623208,1.70001545337383,11.797550201416,229.889755249023,229.889755249023,2.18562095554373,2.18585115621284,0.569578148658455,46.3251910250648,46.3251910250648,0.00392509524986819
167352.429633574,3,0,432.182335375655,29546.3123285407,526.994619424262,504.584252379552,729.613052224087,866.7498882626,47011.6728037359,-572268.56873838,66.8603388662182,1.67001770676924,11.7892036437988,229.891784667969,229.891784667969,2.1879208414668,2.1881508469971,0.568129362123059,46.2448508294606,46.2448508294606,0.00387721878927692
167352.629633574,3,0,431.432635150255,29651.6981375125,526.960931043479,505.970273657957,730.548531840128,867.855114083521,47127.6985514701,-572139.890739746,66.9055267375313,1.64061188919788,11.7808771133423,229.893783569336,229.893783569336,2.19021971184781,2.19044987441652,0.566698148145107,46.1645425182496,46.1645425182496,0.00371753095252972
167352.829633573,3,0,430.6848254463,29757.0767925663,526.923466744663,507.355551880444,731.482199792561,868.958356700074,47243.4799830051,-572010.903517117,66.950282795194,1.61178804375219,11.772572517395,229.895736694336,229.895736694336,2.19251804676266,2.19274801001019,0.565283524342972,46.0842946767736,46.0842946767736,0.00344345476903777
167353.029633573,3,0,429.938884155685,29862.4475336665,526.882251450162,508.740134744312,732.414111374508,870.059674172235,47359.0177508638,-571881.602830487,66.9946102805407,1.58353838721814,11.7642889022827,229.897674560547,229.897674560547,2.19481506726252,2.19504500666469,0.563885778777421,46.0040713755847,46.0040713755847,0.0031408415519516
167353.229633573,3,0,429.194789042897,29967.8096139645,526.837330345174,510.124048709002,733.344320800158,871.159119120949,47474.3137930564,-571751.98641486,67.0385146392754,1.55585346498935,11.7560243606567,229.899536132813,229.899536132813,2.19711118975131,2.19734110352746,0.562504569048087,45.9238879608753,45.9238879608753,0.00278979184325975
167353.429633573,3,0,428.45251826805,30073.162298583,526.788749210716,511.507320159951,734.272883006343,872.256744729012,47589.3701178569,-571622.051905787,67.0820014957221,1.52872313202899,11.74778175354,229.9013671875,229.9013671875,2.19940657310375,2.19963631350706,0.561139653488921,45.8437488460986,45.8437488460986,0.00245896666877095
167353.629633573,3,0,427.712050400293,30178.5048609916,526.736552579889,512.889975992086,735.199852019936,873.352603489125,47704.1886691229,-571491.796956525,67.1250762765315,1.5021389805203,11.7395582199097,229.90315246582,229.90315246582,2.2017010524637,2.20193061743907,0.559790808006299,45.7636423556811,45.7636423556811,0.00212437653036871
167353.829633573,3,0,426.973364109362,30283.8365808605,526.680783978733,514.272041978112,736.125280032551,874.446746081151,47818.771339924,-571361.219224257,67.167744217914,1.4760912380677,11.7313537597656,229.904922485352,229.904922485352,2.20399493409845,2.20422443502481,0.558457817780209,45.6835836702167,45.6835836702167,0.00185950586960741
167354.029633573,3,0,426.236438494142,30389.1567491946,526.621485971276,515.653543641385,737.049219310522,875.539223165487,47933.1199754965,-571230.316453045,67.2100106303003,1.45057071982603,11.7231702804565,229.906631469727,229.906631469727,2.20628772791335,2.20651719574646,0.557140452675468,45.6035552201526,45.6035552201526,0.0016862066258726
167354.229633573,3,0,425.501252821158,30494.4646647681,526.558700524065,517.034505131965,737.97171981442,876.630083144362,48047.2364005796,-571099.086376313,67.2518805729241,1.42556796266521,11.7150049209595,229.908325195313,229.908325195313,2.20857985407347,2.20880928708003,0.555838518907651,45.5235834418477,45.5235834418477,0.00166157381413772
167354.429633573,3,0,424.767786792795,30599.7596337497,526.49246842744,518.41495117884,738.89283159449,877.719374587333,48161.1223788708,-570967.526737425,67.2933590847584,1.40107251562306,11.706859588623,229.909973144531,229.909973144531,2.2108715077849,2.21110061078361,0.554551793943863,45.4436427133145,45.4436427133145,0.00179504300050533
167354.629633573,3,0,424.036020279073,30705.0409701049,526.422831171297,519.794906534446,739.812604255367,878.80714566604,48274.7797471392,-570835.635152409,67.3344511468776,1.37707500693484,11.6987323760986,229.911575317383,229.911575317383,2.21316231147186,2.2133915563301,0.553280083675845,45.3637395215017,45.3637395215017,0.00211770632048226
167354.829633572,3,0,423.305933525525,30810.3079984358,526.349830206697,521.174396712772,740.731088384283,879.893445509259,48388.2103595458,-570703.409238271,67.3751618697952,1.35356551519979,11.6906242370605,229.913146972656,229.913146972656,2.21545231380056,2.21568151871773,0.552023148571991,45.2838889630019,45.2838889630019,0.00250260542339141
167355.029633572,3,0,422.577506878264,30915.5600509145,526.273504432767,522.553446436676,741.648333105929,880.978321821794,48501.4159133455,-570570.846651169,67.4154962048564,1.33053381314326,11.6825342178345,229.914703369141,229.914703369141,2.2177419386997,2.21797110199683,0.550780790331991,45.2040580746347,45.2040580746347,0.00299867754211883
167355.229633572,3,0,421.850721172907,31020.7964666106,526.193893367799,523.932079758697,742.564386435251,882.061821205523,48614.3981640796,-570437.945049507,67.4554589957791,1.30797069652947,11.6744623184204,229.916229248047,229.916229248047,2.2200310224816,2.22025996113911,0.549552824660212,45.1242840843455,45.1242840843455,0.00352033217177871
167355.429633572,3,0,421.125557359066,31126.0165915963,526.111035596906,525.310321374616,743.479295721444,883.143989808611,48727.1588250612,-570304.701986245,67.495054909186,1.28586445381508,11.6664085388184,229.917694091797,229.917694091797,2.22231940094614,2.22254814679709,0.548339041408199,45.0445560327988,45.0445560327988,0.00407141539106924
167355.629633572,3,0,420.401996694804,31231.2197802732,526.024969461512,526.688194687675,744.393108170397,884.22487336289,48839.6996038118,-570171.115211312,67.5342887646447,1.26420663327038,11.6583728790283,229.919143676758,229.919143676758,2.22460720450648,2.22483608523472,0.547139231308938,44.9648429142998,44.9648429142998,0.00461693751586981
167355.829633572,3,0,419.680020773464,31336.4053970234,525.935732599768,528.065723295425,745.305870344761,885.304517072421,48952.0221836241,-570037.182300565,67.5731652616416,1.24298535737951,11.650354385376,229.920562744141,229.920562744141,2.22689456426658,2.22712324871197,0.545953207400781,44.8852026730998,44.8852026730998,0.00520022230309744
167356.029633572,3,0,418.959611282264,31441.5728086313,525.843362023287,529.442931304914,746.217628399681,886.382965878538,49064.1282214472,-569902.900853399,67.6116889872137,1.22219116311303,11.6423530578613,229.921951293945,229.921951293945,2.22918138526035,2.22941031535576,0.544780784027867,44.8055757330498,44.8055757330498,0.00577972870630132
167356.229633572,3,0,418.240750337575,31546.7213947636,525.747894392565,530.819842379806,747.128428277641,887.460264425277,49176.0193653586,-569768.268463039,67.6498645661031,1.2018130985681,11.6343688964844,229.923309326172,229.923309326172,2.23146802644073,2.23169660874554,0.543621757325402,44.7260090267471,44.7260090267471,0.0063362526894185
167356.429633572,3,0,417.523420163058,31651.850536584,525.649365854902,532.196478851405,748.03831419154,888.536455598674,49287.6972394827,-569633.282827327,67.6876964706577,1.18184093723909,11.6264019012451,229.924652099609,229.924652099609,2.23375409765555,2.23398277468807,0.542475942509457,44.6464770882869,44.6464770882869,0.00689544539081429
167356.629633571,3,0,416.807603411526,31756.9596300427,525.547810457336,533.572863486377,748.947329793347,889.611581878402,49399.1633438005,-569497.941562191,67.7251890373254,1.16226433812093,11.6184520721436,229.925933837891,229.925933837891,2.23603951293625,2.23626831846553,0.541343161426798,44.5669892717099,44.5669892717099,0.00743896055333488
167356.829633571,3,0,416.093282843083,31862.0480690756,525.443264001692,534.949018883612,749.855518714139,890.685685667915,49510.4193158309,-569362.242262246,67.7623466441851,1.14307205571376,11.6105184555054,229.927215576172,229.927215576172,2.23832510416805,2.23855385343041,0.540223235860811,44.4875383923813,44.4875383923813,0.00796843698894246
167357.029633571,3,0,415.380441405583,31967.1152602294,525.335760767648,536.324967873268,750.762924728849,891.758809514765,49621.4667024551,-569226.182531709,67.7991736948606,1.12425331142037,11.6026010513306,229.928482055664,229.928482055664,2.24061004404497,2.24083873535586,0.539115969425707,44.408128265494,44.408128265494,0.00847937821661707
167357.229633571,3,0,414.669062429099,32072.1606205233,525.225334013996,537.700732075067,751.66958955576,892.8309939617,49732.3069938839,-569089.760011689,67.8356743595454,1.10579774658793,11.5946998596191,229.9296875,229.9296875,2.24289464966312,2.24312346593778,0.538021194521463,44.3287620083689,44.3287620083689,0.0089833218460867
167357.429633571,3,0,413.959129344285,32177.1835635272,525.112017728236,539.076333795648,752.575555761501,893.902280383935,49842.9417460673,-568952.972291823,67.8718529168219,1.08769434288141,11.5868148803711,229.930892944336,229.930892944336,2.24517938902476,2.24540781071363,0.536938737491638,44.2494474623936,44.2494474623936,0.00943631897410267
167357.629633571,3,0,413.250625950599,32282.1835167491,524.995843695565,540.451794255898,753.480863850213,894.972708173544,49953.3723763559,-568815.816996115,67.907713393747,1.06993237829102,11.5789461135864,229.932083129883,229.932083129883,2.24746343156891,2.24769212465592,0.53586842138548,44.1701715261162,44.1701715261162,0.00991676000964755
167357.829633571,3,0,412.543536208431,32387.1599114039,524.876844744299,541.82713578764,754.385555714061,896.04231809775,50063.6003903054,-568678.291684636,67.943259980605,1.05250051472084,11.5710926055908,229.933242797852,229.933242797852,2.24974743053639,2.24997624506781,0.534810078410018,44.0909351089233,44.0909351089233,0.0103297130485829
167358.029633571,3,0,411.837844272632,32492.1121860286,524.755052704224,543.202379035602,755.289670904106,897.111148583245,50173.6272351736,-568540.394024974,67.978496633367,1.03538807126543,11.5632543563843,229.934387207031,229.934387207031,2.25203137254249,2.25225982292572,0.533763538990845,44.0117342220567,44.0117342220567,0.0107263290455148
167358.229633571,3,0,411.133534559568,32597.0397872233,524.630499212324,544.577545482339,756.193250230494,898.179239267558,50283.4543636183,-568402.121539181,68.0134274792368,1.01858393070023,11.5554323196411,229.935485839844,229.935485839844,2.25431509464748,2.25454381359843,0.532728627626409,43.932580909252,43.932580909252,0.0111056548654309
167358.429633571,3,0,410.430591693476,32701.9421641855,524.503213824005,545.952654760791,757.09633101231,899.246626447692,50393.0830847494,-568263.47199593,68.0480561998521,1.00207680296549,11.5476245880127,229.936584472656,229.936584472656,2.25659873276653,2.25682723376161,0.531705202572936,43.8534774833776,43.8534774833776,0.011440722595837
167358.62963357,3,0,409.72900049976,32806.8187741105,524.373227840299,547.327728382685,757.998953715797,900.313349435169,50502.5148550716,-568124.442890697,68.0823868961487,0.985855900720879,11.5398321151733,229.937652587891,229.937652587891,2.25888227354859,2.25911070466442,0.530693077176157,43.7744089146928,43.7744089146928,0.0117561320317964
167358.82963357,3,0,409.028746065336,32911.6690807797,524.240571947209,548.702786185665,758.90115610324,901.379444901249,50611.7510966007,-567985.031853057,68.1164233590861,0.96990911347566,11.5320539474487,229.938705444336,229.938705444336,2.26116589064415,2.26139410026299,0.529692104455385,43.6953813458415,43.6953813458415,0.0120179476239615
167359.02963357,3,0,408.329813564297,33016.4925530171,524.10527515405,550.077848321261,759.802975915127,902.44494954281,50720.7931253039,-567845.236501877,68.15016935774,0.954226906731354,11.5242910385132,229.939743041992,229.939743041992,2.26344923414132,2.26367770815357,0.528702115587762,43.6164030991267,43.6164030991267,0.0122630666296694
167359.22963357,3,0,407.632188539534,33121.2886646583,523.967366247991,551.452934607246,760.704450799876,903.509899891475,50829.6422531584,-567705.054500271,68.1836287071699,0.938796140792673,11.5165424346924,229.940765380859,229.940765380859,2.26573262821216,2.26596087766327,0.527722962957927,43.537468882534,43.537468882534,0.0124878974987247
167359.42963357,3,0,406.935856755226,33226.0568997838,523.826873900825,552.828063479679,761.605615771867,904.574329959294,50938.2997968808,-567564.483481666,68.2168048863388,0.923606750902077,11.5088090896606,229.941772460938,229.941772460938,2.26801606047425,2.26824442199737,0.526754499599048,43.4585700848039,43.4585700848039,0.0126534866830283
167359.62963357,3,0,406.240804056012,33330.7967421468,523.683826601173,554.203255369352,762.506508874798,905.638276697355,51046.7670732976,-567423.521044998,68.2497017564847,0.908647325484159,11.5010890960693,229.942764282227,229.942764282227,2.27029951853962,2.27052780297561,0.525796557115959,43.3797265666384,43.3797265666384,0.0128011355592573
167359.82963357,3,0,405.547016534641,33435.5076841699,523.538251565172,555.578528179486,763.407163796119,906.7017728553,51155.0453222475,-567282.164862843,68.2823226384029,0.893905819192499,11.4933824539185,229.943725585938,229.943725585938,2.27258283923521,2.27281153527191,0.524849010316542,43.3009164284799,43.3009164284799,0.0129065648579172
167360.02963357,3,0,404.85448043138,33540.1892251179,523.390176929125,556.953901024387,764.307616917482,907.76485364291,51263.1358567734,-567140.41252652,68.3146712649552,0.879371308609169,11.4856910705566,229.944702148438,229.944702148438,2.27486646260321,2.27509481512464,0.523911682467141,43.2221552569501,43.2221552569501,0.0128489204885586
167360.22963357,3,0,404.163182241307,33644.8408658116,523.239629792407,558.329393234072,765.207903852699,908.827553759974,51371.0399325878,-566998.261637025,68.3467512104849,0.865032563683734,11.4780120849609,229.94563293457,229.94563293457,2.27715015109706,2.27737857361608,0.522984435521083,43.1434262614198,43.1434262614198,0.0126837128937921
167360.429633569,3,0,403.473108607022,33749.4621158206,523.086636897386,559.705022481113,766.108058139905,909.889905664355,51478.7587862139,-566855.709867051,68.3785658551267,0.850907235440292,11.47034740448,229.946563720703,229.946563720703,2.27943411939585,2.27966245946228,0.522067133772975,43.0647688551888,43.0647688551888,0.012374229386495
167360.629633569,3,0,402.784246486284,33854.0524925672,522.931225516333,561.080807620887,767.008115069294,910.951943649999,51586.2937109804,-566712.754772499,68.4101188103876,0.837008089352379,11.4626960754395,229.947479248047,229.947479248047,2.28171775041202,2.28194653757118,0.521159613812645,42.9861300415967,42.9861300415967,0.0119397514185764
167360.829633569,3,0,402.096582930729,33958.6115078771,522.773419898663,562.45676522427,767.908105713774,912.01369787982,51693.6457831413,-566569.394102721,68.441413134599,0.823333109120927,11.4550580978394,229.948379516602,229.948379516602,2.28400186580151,2.28423056828747,0.520261754523293,42.9075450440499,42.9075450440499,0.0114210448397915
167361.029633569,3,0,401.410105119398,34063.1386914228,522.613246898535,563.832914119498,768.808065389327,913.075202560453,51800.8162854223,-566425.625423676,68.4724524871658,0.809879856776153,11.4474334716797,229.949264526367,229.949264526367,2.28628626512542,2.286514920218,0.519373399953393,42.8290038124909,42.8290038124909,0.010790334637996
167361.229633569,3,0,400.724800546493,34167.6335693405,522.450731536347,565.20927039832,769.708024827982,914.136487467662,51907.806372878,-566281.446462586,68.5032399600011,0.796646800374427,11.4398212432861,229.950119018555,229.950119018555,2.28857097632957,2.28879939210749,0.518494427346854,42.7505060694064,42.7505060694064,0.0101284724114215
167361.429633569,3,0,400.040656800091,34272.0956778522,522.285897655013,566.585851849249,770.608016661336,915.197584304744,52014.6171352518,-566136.854828167,68.5337788350673,0.783630366033983,11.432222366333,229.950973510742,229.950973510742,2.29085545480901,2.29108382053409,0.517624692719525,42.6720467730062,42.6720467730062,0.00937177015171758
167361.629633569,3,0,399.357661716375,34376.5245561651,522.118770971796,567.962675011115,771.50807253493,916.258523676128,52121.2497989428,-565991.848186578,68.5640723737283,0.770829444466296,11.424635887146,229.95182800293,229.95182800293,2.29314026193338,2.293369033039,0.516764062447977,42.5936494385083,42.5936494385083,0.0085561598963624
167361.829633569,3,0,398.675803218698,34480.9197477173,521.949373858938,569.33975623072,772.408222812421,917.319335053269,52227.705361467,-565846.424280015,68.5941236165655,0.758241700711338,11.4170627593994,229.95263671875,229.95263671875,2.29542546129274,2.29565383649434,0.515912412295032,42.5152973833449,42.5152973833449,0.0076956506794008
167362.029633569,3,0,397.995069418171,34585.2808002824,521.77773077318,570.717111460297,773.308497576665,918.380047576397,52333.9849815443,-565700.580732537,68.6239356159448,0.745864357202863,11.4095010757446,229.95344543457,229.95344543457,2.29771077702572,2.29793925127799,0.515069617710002,42.4369806712203,42.4369806712203,0.00678702391889271
167362.229633569,3,0,397.315448687416,34689.6072666923,521.603864762781,572.094756841642,774.208927119201,919.440690585754,52440.0897237178,-565554.315250287,68.6535114619309,0.73369615120437,11.401951789856,229.954238891602,229.954238891602,2.29999635086076,2.30022522858547,0.514235544688549,42.3586991426307,42.3586991426307,0.00588398442876022
167362.429633568,3,0,396.636929425882,34793.8987086257,521.427799281889,573.472709131025,775.109542764963,920.501294401254,52546.0206952638,-565407.6254803,68.682854398509,0.721733376346505,11.3944158554077,229.955032348633,229.955032348633,2.30228251779422,2.30251099501257,0.513410047251622,42.2804777817419,42.2804777817419,0.00500723366113372
167362.629633568,3,0,395.959500334761,34898.1546857468,521.2495558297,574.850982101701,776.010370884156,921.561884556364,52651.7788665876,-565260.509191158,68.7119670491564,0.709974503404908,11.3868913650513,229.955795288086,229.955795288086,2.30456857699821,2.30479764936239,0.512593039713524,42.2023052798197,42.2023052798197,0.00427918923408978
167362.829633568,3,0,395.283150209126,35002.3747667699,521.069156918098,576.229591957967,776.911441692767,922.622490298674,52757.3652925869,-565112.964083719,68.7408525365638,0.698417074030091,11.3793783187866,229.95654296875,229.95654296875,2.30685520939718,2.30708387836068,0.51178438083176,42.1241844397889,42.1241844397889,0.00380160929624508
167363.029633568,3,0,394.607868031805,35096.1413398614,520.909937762866,577.606440542811,777.812768127404,923.682701984282,52852.570853747,-564980.225944228,68.7697965273581,0.687059232261169,11.3726263046265,229.957214355469,229.957214355469,2.30914209809599,2.30937024691404,0.510979058949973,42.0463334617355,42.0463334617355,0.00626943295367487
167363.209633568,3,0,394.00106002696,35189.8576971781,520.809700600181,578.789877790819,778.621923795116,924.623798305934,52951.5755851821,-564852.7930494,68.8027831401339,0.677003361582327,11.3658857345581,229.957870483398,229.957870483398,2.31120043720153,2.31142842772041,0.509653999123553,41.9822839102124,41.9822839102124,0.248905460000364
167363.389633568,3,0,393.395581955187,35283.5044850643,520.695936239979,579.974648466796,779.429367481499,925.563537324173,53049.6751424656,-564724.217695133,68.8350842435392,0.667100347270325,11.3591594696045,229.958511352539,229.958511352539,2.31325771443697,2.31348573560069,0.508485018133588,41.9179931528245,41.9179931528245,0.93700118131569
167363.569633568,3,0,392.791533004573,35377.0863249403,520.522142444366,581.206146868902,780.235548850827,926.511371902415,53143.8340603221,-564590.404940923,68.8605899816125,0.657349105351632,11.3524494171143,229.95915222168,229.95915222168,2.31531378503034,2.31554165199727,0.507964609082577,41.8485208796795,41.8485208796795,1.94133966515979
167363.749633568,3,0,392.188273086069,35470.6182927107,520.283890698953,582.49180714368,781.039357361568,927.46782541508,53233.7382007857,-564451.116025931,68.8779790621857,0.647750128174781,11.3457469940186,229.95979309082,229.95979309082,2.31737011151493,2.31759802850887,0.508031182334475,41.7729565037232,41.7729565037232,3.02319871008408
167363.929633568,3,0,391.585080209378,35564.109443557,519.995498954992,583.818921100236,781.84093315528,928.430448461348,53320.3089168218,-564307.55484367,68.8889464325589,0.638301539439076,11.3390455245972,229.960403442383,229.960403442383,2.31942832134016,2.31965629326785,0.508348425872871,41.6926594994111,41.6926594994111,4.02264066740339
167364.109633568,3,0,390.981543755132,35657.5627751851,519.672664208155,585.174950387333,782.641717555254,929.397931076826,53404.5701056932,-564160.904466405,68.8954632978394,0.629003281730494,11.3323383331299,229.961013793945,229.961013793945,2.3214895330573,2.32171814653353,0.508801346711656,41.6091572152091,41.6091572152091,4.86029088847496
167364.289633567,3,0,390.377487428443,35750.9768739898,519.328134238659,586.550348954649,783.443434173125,930.369806590237,53487.3592492595,-564012.054356534,68.8991734278657,0.619857167036564,11.325626373291,229.961608886719,229.961608886719,2.32355406600959,2.32378292923652,0.509314489784086,41.5236197113069,41.5236197113069,5.51527657877298
167364.469633567,3,0,389.772829757214,35844.347914645,518.971455828777,587.938338663706,784.247693697495,931.346071878395,53569.306736229,-563861.633128369,68.9013342053865,0.610863916272699,11.3189067840576,229.962173461914,229.962173461914,2.32562190275811,2.32585120870599,0.509842175627767,41.4369406091482,41.4369406091482,6.00089134062611
167364.649633567,3,0,389.167547453166,35937.6711489018,518.609001115227,589.334487793469,785.055678546735,932.326834581419,53650.8345448007,-563710.048308892,68.9028007849035,0.602023940989718,11.312180519104,229.962768554688,229.962768554688,2.32769363579233,2.32792338178861,0.510360020546746,41.3496995983297,41.3496995983297,6.34694917567527
167364.829633567,3,0,388.561649005491,36030.9419036022,518.244459576615,590.736219484136,785.86809953112,933.312177083071,53732.1874225814,-563557.532844171,68.9040785641427,0.593337244419129,11.3054475784302,229.963317871094,229.963317871094,2.32976862294359,2.32999880657092,0.510859189174943,41.2622351734838,41.2622351734838,6.587843989013
167365.009633567,3,0,387.955155402473,36124.1561593254,517.879709123732,592.142198884189,786.685320841505,934.302138528566,53813.4901434915,-563404.204178752,68.9054303041867,0.584801627864217,11.2987079620361,229.963882446289,229.963882446289,2.33184699790573,2.33207761737056,0.511340239220648,41.1747235904247,41.1747235904247,6.75527136003821
167365.189633567,3,0,387.348088202367,36217.3107342484,517.515254207003,593.552022240685,787.50745539968,935.296732111136,53894.7763882097,-563250.091328374,68.9069364304702,0.576415149558704,11.2919626235962,229.964431762695,229.964431762695,2.33392890087482,2.33415975801398,0.511806798396917,41.0872427834584,41.0872427834584,6.87515270728696
167365.369633567,3,0,386.740465188218,36310.4033339412,517.150958030516,594.965746093553,788.33449294055,936.295958818112,53976.0372325144,-563095.181905708,68.908586424689,0.568176598939558,11.285210609436,229.964965820313,229.964965820313,2.33601381676692,2.33624510799187,0.512265571374255,40.9997621290137,40.9997621290137,6.96624769274009
167365.549633567,3,0,386.132296438427,36403.4323915582,516.786410651708,596.383634446113,789.166380327697,937.299824572291,54057.245596544,-562939.444648993,68.9103307181262,0.560082609554262,11.2784519195557,229.965484619141,229.965484619141,2.33810240475833,2.33833413024569,0.512721343119332,40.9122506133294,40.9122506133294,7.04083137200884
167365.729633567,3,0,385.523586083594,36496.3969073385,516.421173482497,597.805988472714,790.003062320666,938.308340680999,54138.3724555802,-562782.845581301,68.9121132460261,0.552131431709261,11.2716884613037,229.966018676758,229.966018676758,2.340194158782,2.34042612104627,0.513177558562181,40.8246671312245,40.8246671312245,7.10609225288165
167365.909633567,3,0,384.914334137132,36589.2962689523,516.054909293749,599.233050181164,790.84450381341,939.321523488357,54219.3954548928,-562625.357058706,68.9138900295722,0.544320807192516,11.2649183273315,229.966522216797,229.966522216797,2.34228923804436,2.34252163560539,0.513636160195895,40.7370088901106,40.7370088901106,7.16560554164794
167366.089633567,3,0,384.30453797718,36682.1301148296,515.687438870094,600.664965421755,791.69069647147,940.33939271852,54300.3027114403,-562466.961334102,68.9156361830425,0.53664837578182,11.2581415176392,229.967025756836,229.967025756836,2.34438769172735,2.34462052556174,0.514097568417637,40.6492441774233,40.6492441774233,7.22058881801035
167366.269633566,3,0,383.694194385088,36774.8982258335,515.318726992391,602.101774928388,792.54165338951,941.361965303068,54381.0918572714,-562307.650672138,68.917346380873,0.52911205667439,11.2513599395752,229.967514038086,229.967514038086,2.34648948442265,2.34672255667472,0.51456116632803,40.5613592333984,40.5613592333984,7.27103723325437
167366.449633566,3,0,383.083300638415,36867.600459391,514.948854511643,603.543444576151,793.397404430087,942.389257520263,54461.7682318892,-562147.425064805,68.9190297934964,0.521709638083215,11.244571685791,229.967987060547,229.967987060547,2.34859451157236,2.34882782275519,0.515025763033426,40.4733836791263,40.4733836791263,7.31643589743405
167366.629633566,3,0,382.471855422877,36960.2367011345,514.577988675117,604.98987188814,794.257989661189,943.421280826161,54542.3429047115,-561986.290873207,68.9207079553476,0.514438960971046,11.2377767562866,229.968475341797,229.968475341797,2.35070285041877,2.35093680005174,0.515489669217671,40.3852995220885,40.3852995220885,7.35619522143144
167366.809633566,3,0,381.8598592548,37052.8068565023,514.20632908074,606.440928102203,795.123449521053,944.458041912602,54622.8291006718,-561824.257097772,68.9224066541055,0.507297962770492,11.2309761047363,229.968933105469,229.968933105469,2.3528146398479,2.35304883009009,0.515951289068358,40.2971630281078,40.2971630281078,7.38984459135606
167366.989633566,3,0,381.247314682282,37145.3108311411,513.834083891205,607.896474056905,795.993821452967,945.499542810039,54703.2406217654,-561661.333905275,68.9241529251884,0.500284494504995,11.2241697311401,229.969390869141,229.969390869141,2.35492960153794,2.35516423300097,0.516409171045677,40.2089728747692,40.2089728747692,7.41721222391582
167367.169633566,3,0,380.634225983447,37237.7485530184,513.461471293634,609.356353375983,796.869138086091,946.545778836619,54783.5919342471,-561497.532935703,68.9259757029745,0.493396521370415,11.2173566818237,229.969848632813,229.969848632813,2.35704798755086,2.35728306141496,0.516861830007275,40.1207503588228,40.1207503588228,7.43828626269058
167367.349633566,3,0,380.020599126209,37330.1199543618,513.088694716927,610.820417463467,797.749424061917,947.596739632426,54863.8965316685,-561332.86547319,68.9279014168565,0.486632172447073,11.2105379104614,229.970291137695,229.970291137695,2.35917012011533,2.35940543689415,0.517307938999798,40.0325017366891,40.0325017366891,7.4532338437701
167367.529633566,3,0,379.406441714631,37422.4249811757,512.71594227241,612.288518294068,798.634695804044,948.652408665368,54944.1668866134,-561167.342553935,68.9299550019051,0.479988917307605,11.2037134170532,229.970733642578,229.970733642578,2.36129529407256,2.361531055307,0.517746327672672,39.9442906912519,39.9442906912519,7.46244949293467
167367.709633566,3,0,378.791762767641,37514.6635980678,512.34338053205,613.76052179836,799.524963293126,949.712766373475,55024.4140569437,-561000.974150752,68.9321582507285,0.473465101121986,11.1968832015991,229.971145629883,229.971145629883,2.36342376281149,2.36365976839637,0.51817600319968,39.8560909316037,39.8560909316037,7.4664318013839
167367.889633566,3,0,378.176572477632,37606.8357848175,511.971139101918,615.236307927467,800.42022508026,950.777786861876,55104.6466333943,-560833.768525899,68.9345286485582,0.467058277308518,11.1900472640991,229.971557617188,229.971557617188,2.36555560320276,2.36579205537255,0.518596268868504,39.7679389810916,39.7679389810916,7.4656915862537
167368.069633565,3,0,377.560881969066,37698.9415427886,511.599332035636,616.715767891138,801.320474734262,951.847442067092,55184.8721864941,-560665.733162535,68.9370811529473,0.460766873960294,11.1832056045532,229.971984863281,229.971984863281,2.3676907117775,2.36792761176554,0.519006497149899,39.6798291754101,39.6798291754101,7.46081378348231
167368.249633565,3,0,376.944703110718,37790.9808939174,511.228050096993,618.198802709356,802.225698298506,952.921699660452,55265.0967270877,-560496.874543784,68.939827799666,0.454588108152263,11.1763582229614,229.972396850586,229.972396850586,2.36982925486619,2.37006660392555,0.519406203021112,39.5917817634454,39.5917817634454,7.45227307740016
167368.429633565,3,0,376.328048280981,37882.9538773029,510.857361652219,619.685325549198,803.135877073104,954.000525880164,55345.3247872368,-560327.197858254,68.9427779312842,0.448520115612143,11.169506072998,229.972793579102,229.972793579102,2.37197108472544,2.37220868159274,0.519795015097987,39.5038247921371,39.5038247921371,7.44060850482831
167368.609633565,3,0,375.710930341049,37974.8605499433,510.487314087217,621.175257794133,804.050983132061,955.083880796074,55425.5594729169,-560156.707699435,68.9459377221247,0.442951563344138,11.1626482009888,229.973190307617,229.973190307617,2.37411616547588,2.37435421365728,0.520172723239582,39.4159318950702,39.4159318950702,7.42624355064168
167368.789633565,3,0,375.093362473977,38066.7009846922,510.117945100327,622.668526168155,804.970985067837,956.171722689939,55505.8032488851,-559985.408138726,68.9493118798919,0.437595116223084,11.1557855606079,229.973556518555,229.973556518555,2.3762641908473,2.37650269159556,0.520539222349387,39.3281266850344,39.3281266850344,7.40955655431499
167368.969633565,3,0,374.475357949994,38158.4752670951,509.749288355183,624.16506365283,805.895852047536,957.264011617209,55586.0583306114,-559813.302787396,68.9529044044685,0.43232781950445,11.1489191055298,229.973937988281,229.973937988281,2.37841564258276,2.378654393757,0.520894286231732,39.2404185959185,39.2404185959185,7.39083089410594
167369.149633565,3,0,373.8569303679,38250.1834886642,509.381369687653,625.664804832556,806.825553083711,958.360707883589,55666.326418022,-559640.39480767,68.9567191229709,0.427147802270274,11.1420469284058,229.974304199219,229.974304199219,2.38057041824726,2.38080942054161,0.521237687472383,39.1528095917191,39.1528095917191,7.3704181564298
167369.329633565,3,0,373.23809352766,38341.8257535694,509.014205129815,627.167691119047,807.760052032313,959.46176884506,55746.6085466903,-559466.687036829,68.9607577261613,0.422053734309514,11.1351699829102,229.974685668945,229.974685668945,2.38272823172837,2.3829678939835,0.521569467127821,39.0652983498289,39.0652983498289,7.3485630092761
167369.649633565,3,0,372.136948614189,38504.5828261545,508.363409798739,629.847146108844,809.433188711069,961.429929158936,55889.3729250126,-559155.896440541,68.9685006769634,0.413203644144277,11.1229343414307,229.975311279297,229.975311279297,2.38657228291488,2.38681239565301,0.522163354433539,38.9099906090193,38.9099906090193,7.30669873083383
167369.829633565,3,0,371.517003498625,38596.0425193368,507.998374649641,631.358652620526,810.38094838418,962.543031426654,55969.6970973104,-558979.963053751,68.9731691437918,0.408338987461635,11.1160459518433,229.975662231445,229.975662231445,2.38873898267769,2.38897934981692,0.522428356743024,38.8227773097832,38.8227773097832,7.28144930595146
167370.009633564,3,0,370.896742620013,38687.4367248942,507.634065332833,632.872983697654,811.333240159924,963.660209762182,56050.03244935,-558803.250761833,68.9780541179183,0.403553746419707,11.1091537475586,229.975997924805,229.975997924805,2.39090843607541,2.39114926351497,0.522717303717308,38.7356975103343,38.7356975103343,7.2551515770047
167370.189633564,3,0,370.276141764711,38778.7655442115,507.270557303403,634.390168607503,812.290148679583,964.781540518683,56130.3848989876,-558625.749845858,68.9831718203184,0.398846347721796,11.1022577285767,229.976318359375,229.976318359375,2.39308137898258,2.39332246249773,0.522991983434749,38.6487306267544,38.6487306267544,7.22808928801344
167370.369633564,3,0,369.655212942311,38870.0291006048,506.907964308985,635.910134019998,813.251646736275,965.906986089288,56210.761918557,-558447.471132344,68.9885288189379,0.394215328417625,11.0953578948975,229.976654052734,229.976654052734,2.39525709200223,2.39549863810202,0.523255467352806,38.5618924459294,38.5618924459294,7.20053121317797
167370.549633564,3,0,369.033969744906,38961.2275212414,506.546030653562,637.432964196335,814.217663572831,967.036502629587,56291.1464769826,-558268.399514275,68.9940965489056,0.389658623256675,11.0884552001953,229.976989746094,229.976989746094,2.39743578869875,2.39767759252212,0.523508278959512,38.4751721872992,38.4751721872992,7.17246091397376
167370.729633564,3,0,368.412425006866,39052.3609312576,506.184921379942,638.958514598989,815.188185513898,968.17005026759,56371.5495448372,-558088.547572387,68.9998960263387,0.385174894083884,11.0815486907959,229.977310180664,229.977310180664,2.3996174775493,2.39985953976203,0.52374854049855,38.3885855829191,38.3885855829191,7.14402036717114
167371.049633564,3,0,367.306740595574,39214.2157327008,505.544702060182,641.677392620398,816.924554972852,970.195105230644,56514.5155380099,-557766.864121491,69.0107413753129,0.377378727698927,11.0692625045776,229.97785949707,229.97785949707,2.40350338761408,2.40374611798247,0.524170462992471,38.2349555620894,38.2349555620894,7.09290785154673
167371.229633564,3,0,366.684401729227,39305.1692026802,505.185621238938,643.210497647087,817.907426111148,971.339708853334,56594.952967901,-557584.828775937,69.0171531019947,0.373088912057448,11.0623474121094,229.978164672852,229.978164672852,2.4056934374389,2.40593642841417,0.524354443015881,38.1487297707437,38.1487297707437,7.06393812999043
167371.409633564,3,0,366.061843216789,39396.0581081902,504.827235512172,644.746103178248,818.89454357109,972.488081941339,56675.3994832416,-557402.024842222,69.0237761082306,0.368865875294098,11.0554294586182,229.978454589844,229.978454589844,2.40788625511534,2.40812971503072,0.524553052613897,38.0626372144819,38.0626372144819,7.03504607629277
167371.589633564,3,0,365.439050788909,39486.8825492742,504.469471803889,646.284308167832,819.885936554583,973.640267758191,56755.8508453919,-557218.437369236,69.0306025923574,0.36470752895732,11.0485095977783,229.978759765625,229.978759765625,2.4100818955805,2.41032561769751,0.52473953818757,37.9766835289637,37.9766835289637,7.00631946024617
167371.769633564,3,0,364.816035335356,39577.6426458679,504.112358483625,647.82505400459,820.88157696059,974.796231104427,56836.3088644433,-557034.070732738,69.0376367262152,0.360612520704572,11.0415868759155,229.979049682617,229.979049682617,2.41228068653372,2.41252467153859,0.524915535884108,37.8908632093826,37.8908632093826,6.9777766650479
167371.949633563,3,0,364.192809563093,39668.3384951527,503.755867391959,649.368312016203,821.881423328251,975.955931309079,56916.7716252671,-556848.924951207,69.0448746768146,0.35657910260527,11.0346612930298,229.97932434082,229.97932434082,2.41448210725667,2.41472656442985,0.525080625345228,37.80515828906,37.80515828906,6.94950637550099
167372.129633563,3,0,363.56938634002,39758.9701914893,503.399965068921,650.914053589539,822.885430682123,977.119324782438,56997.2368310405,-556663.000071772,69.0523117461556,0.352605562232534,11.0277347564697,229.979614257813,229.979614257813,2.41668600382987,2.41693072541241,0.525235296980925,37.7196086788561,37.7196086788561,6.92168586349283
167372.449633563,3,0,362.460619212344,39919.9350604253,502.768619208468,653.668123222854,824.680507589523,979.196605796986,57140.2866603517,-556330.537577026,69.0660130888908,0.345684503177371,11.0154142379761,229.980102539063,229.980102539063,2.42061163573247,2.42085703854366,0.525499215628816,37.5678353892853,37.5678353892853,6.87359931364723
167372.629633563,3,0,361.836692927572,40010.3889865149,502.414187523484,655.220693541715,825.695910054966,980.370106436274,57220.7477612408,-556142.440619677,69.073982606524,0.341868812250818,11.0084819793701,229.980361938477,229.980361938477,2.42282342888712,2.42306909814256,0.525610940686376,37.4826615980279,37.4826615980279,6.84756705129337
167372.809633563,3,0,361.212633028562,40100.7790517351,502.060166229201,656.7756179283,826.71525528433,981.547091143457,57301.1987922702,-555953.567071206,69.0821251716388,0.338106671924624,11.0015478134155,229.980621337891,229.980621337891,2.42503820499735,2.42528414132025,0.52572942264181,37.3976010176319,37.3976010176319,6.82238566003171
167372.989633563,3,0,360.588433299293,40191.1053976738,501.706212247556,658.333103752879,827.738518036346,982.7275779418,57381.6172228064,-555763.88778846,69.0904010218043,0.334396417346899,10.9946117401123,229.980880737305,229.980880737305,2.42725564964829,2.42750185375812,0.525841134112855,37.3126685363955,37.3126685363955,6.7972531793594
167373.169633563,3,0,359.964100076486,40281.3681242142,501.352759982979,659.892911429257,828.76572849767,983.911546549612,57462.0319874751,-555573.431794511,69.0988586904082,0.330736253739582,10.9876747131348,229.981155395508,229.981155395508,2.42947555878809,2.4297220311942,0.525941770065077,37.2278639541418,37.2278639541418,6.77191101659956
167373.349633563,3,0,359.339645852527,40371.5672996296,500.999692203696,661.455047433509,829.796835948878,985.098955308212,57542.4351561799,-555382.193681797,69.1074860444525,0.327124599196655,10.9807367324829,229.981384277344,229.981384277344,2.43169826047473,2.43194500176434,0.526034289541038,37.143193022014,37.143193022014,6.74633188531845
167373.529633563,3,0,358.715080712523,40461.7029700619,500.646966120923,663.019515398123,830.831801508379,986.289772088047,57622.8238448587,-555190.171491274,69.1162741944942,0.323559887214015,10.9737968444824,229.981628417969,229.981628417969,2.43392364938318,2.43417066016437,0.526116959496367,37.0586603641932,37.0586603641932,6.72069890539306
167373.849633562,3,0,357.604498741926,40621.7875459312,500.020689403604,665.80637740288,832.681185289482,988.415093289879,57765.6977451113,-554846.861663496,69.1323077927575,0.317332525755828,10.9614562988281,229.982070922852,229.982070922852,2.43788644094612,2.43813414437379,0.526247891746424,36.9087036756989,36.9087036756989,6.67500370900988
167374.029633562,3,0,356.979675244851,40711.7471070024,499.668864277342,667.377118456846,833.726715744465,989.615209593275,57846.0427234973,-554652.663883033,69.1415465291616,0.313888603622918,10.9545135498047,229.982315063477,229.982315063477,2.44011907224223,2.44036704709073,0.526299567508752,36.8245437719807,36.8245437719807,6.64944336908189
167374.209633562,3,0,356.354789748516,40801.6433611838,499.317312467678,668.949997284601,834.775956075817,990.818572183986,57926.3681869938,-554457.686462763,69.1509475310432,0.310485013022584,10.9475708007813,229.982559204102,229.982559204102,2.4423543122151,2.44260255901865,0.526348944213064,36.7405276562656,36.7405276562656,6.62404037657864
167374.389633562,3,0,355.729845350873,40891.4763740978,498.966127793431,670.525025193706,835.828890670332,992.025170082606,58006.6804902544,-554261.93367404,69.1605062827621,0.307119913490832,10.9406270980835,229.982772827148,229.982772827148,2.44459205495916,2.44484057425148,0.526390943143699,36.6566411476625,36.6566411476625,6.59863197931468
167374.569633562,3,0,355.104850078432,40981.2461857523,498.615063174624,672.102255970881,836.885474586411,993.234975591005,58086.9630940133,-554065.389957607,69.1702035378501,0.303791699565884,10.9336824417114,229.983016967773,229.983016967773,2.44683246807195,2.44708126046665,0.526424372669121,36.5728911084223,36.5728911084223,6.57325918475105
167374.749633562,3,0,354.479814016299,41070.9528104739,498.26430601138,673.681544316419,837.945699884762,994.447954729822,58167.2284266314,-553868.069144905,69.1800638026612,0.300498371952085,10.9267377853394,229.98323059082,229.98323059082,2.44907534347073,2.44932440947455,0.526447034998357,36.4892886139101,36.4892886139101,6.54824368050124
167374.929633562,3,0,353.854749569689,41160.5963133097,497.913789893525,675.262922504892,839.009510401209,995.664066342451,58247.471893927,-553669.969343971,69.1900687766936,0.297265008408264,10.919792175293,229.983459472656,229.983459472656,2.45132073757466,2.45157007771883,0.526464801893837,36.4058265085169,36.4058265085169,6.52334182949635
167375.249633562,3,0,352.743476534664,41319.8067785692,497.29100288621,678.079416823492,840.909480670323,997.833691488341,58390.0566681813,-553315.853246464,69.2081920502119,0.292129429437931,10.9074449539185,229.983840942383,229.983840942383,2.45531871864198,2.45556854751557,0.5264737423612,36.2577714227617,36.2577714227617,6.47942453499011
167375.429633562,3,0,352.118377433914,41409.2750902713,496.941000805493,679.666456191052,841.983090478257,999.058343447667,58470.2286614459,-553115.583808027,69.2185907353523,0.289271498280452,10.9004993438721,229.984069824219,229.984069824219,2.45757099206149,2.45782109654009,0.526468750019872,36.174693391147,36.174693391147,6.45509215400163
167375.609633562,3,0,351.493282906331,41498.6804081288,496.591027161815,681.255580689416,843.060148890329,1000.28601230179,58550.364309084,-552914.524559298,69.2291051547745,0.286433596074459,10.8935537338257,229.984283447266,229.984283447266,2.45982591433579,2.46007629501319,0.526457749361957,36.0917529331408,36.0917529331408,6.43073403885141
167375.789633561,3,0,350.868199878718,41588.0227225204,496.241188121028,682.846664375809,844.140654250174,1001.51667324214,58630.4706612951,-552712.682855674,69.2397584091584,0.283613897407298,10.8866081237793,229.984512329102,229.984512329102,2.46208300040561,2.46233365775963,0.526436551842993,36.0089461059772,36.0089461059772,6.40668701879083
167375.969633561,3,0,350.243139334723,41677.3020660508,495.891548106735,684.439650018453,845.224575566015,1002.75028965896,58710.5518683561,-552510.06508362,69.2505541836546,0.280810815990328,10.8796634674072,229.984710693359,229.984710693359,2.46434252872083,2.46459346321574,0.526408867580506,35.92628720377,35.92628720377,6.38284956992834
167376.149633561,3,0,349.6181099647,41766.5184654361,495.541926307895,686.034606971932,846.311861859181,1003.98683173457,58790.5957653914,-552306.659930908,69.2614683465282,0.278022518320415,10.8727188110352,229.984924316406,229.984924316406,2.4666043924647,2.46685560464412,0.526374847308753,35.8437652128302,35.8437652128302,6.35911548834513
167376.329633561,3,0,348.99311925872,41855.6719181306,495.192341246981,687.631497496801,847.402491386437,1005.22627430142,58870.6035249252,-552102.469015201,69.2725032795148,0.275247186680205,10.8657741546631,229.985122680664,229.985122680664,2.46886892339453,2.4691204138014,0.526333186844866,35.7613756016064,35.7613756016064,6.33560251441235
167376.649633561,3,0,347.882150936041,42014.0115654176,494.571066188523,690.475006092479,849.349557394339,1007.43678392491,59012.7577938292,-551737.536364808,69.292433904224,0.270339797791271,10.8534307479858,229.985473632813,229.985473632813,2.47290025663524,2.47315202549918,0.52623461097689,35.6152641300863,35.6152641300863,6.29436056148525
167376.829633561,3,0,347.257323080377,42102.9902233917,494.221562452327,692.077073815732,850.449291003415,1008.68409458696,59092.6630088227,-551531.170737638,69.3037989392618,0.267591020588443,10.8464879989624,229.985687255859,229.985687255859,2.47517127737682,2.47542354312813,0.526180228848068,35.5332770206309,35.5332770206309,6.27143480595422
167377.009633561,3,0,346.632558122512,42191.9059597043,493.872144412206,693.68093892337,851.552295444849,1009.93422034481,59172.535148381,-551324.022741091,69.31529550985,0.264857994611342,10.8395462036133,229.985885620117,229.985885620117,2.47744448901807,2.4776970347852,0.52611177493084,35.4514223832983,35.4514223832983,6.24876294443144
167377.189633561,3,0,346.007870740836,42280.7587937169,493.52271084566,695.286658935358,852.658499532585,1011.1871120366,59252.3671492459,-551116.089798748,69.3268959317838,0.262150198302821,10.8326053619385,229.986083984375,229.986083984375,2.47972000613712,2.47997283241379,0.526038439534201,35.3697095460105,35.3697095460105,6.22614629194008
167377.369633561,3,0,345.383269109379,42369.5487041266,493.173185121676,696.894189278514,853.767878904688,1012.44274130348,59332.1538107839,-550907.367095273,69.3386032170346,0.259467585279017,10.825665473938,229.986267089844,229.986267089844,2.48199772148652,2.48225061010305,0.525957835677844,35.2881329269063,35.2881329269063,6.20373775983449
167377.549633561,3,0,344.758761308297,42458.2756860679,492.823654920684,698.503452108339,854.880416341018,1013.70107945324,59411.900867844,-550697.861598785,69.3504284841687,0.256810077205494,10.8187265396118,229.986465454102,229.986465454102,2.48427786017077,2.48453102990696,0.52586944149795,35.2067044155369,35.2067044155369,6.18154228192824
167377.72963356,3,0,344.134356416866,42546.9397326128,492.4740621352,700.114478613308,855.996066571872,1014.96209452585,59491.604281686,-550487.570888015,69.3623553797065,0.254177565692235,10.81178855896,229.98664855957,229.98664855957,2.48656009569342,2.48681376634369,0.525776007342498,35.1254264380675,35.1254264380675,6.15955332052159
167378.04963356,3,0,343.024582434892,42704.4092880317,491.852368492718,702.982786956452,857.987045909208,1017.21042095225,59633.1882958002,-550111.783012039,69.3838085189126,0.249558726815093,10.7994585037231,229.98698425293,229.98698425293,2.49062314903824,2.49087710207067,0.525583096694721,34.9812626946754,34.9812626946754,6.12071028605329
167378.22963356,3,0,342.400516004702,42792.8984521646,491.502547963895,704.598484321153,859.111175374904,1018.47869025122,59712.7659974588,-549899.316083415,69.3960226826438,0.246994756565904,10.7925243377686,229.987167358398,229.987167358398,2.49291145558768,2.49316569142613,0.52548446126676,34.9003678912209,34.9003678912209,6.09911665069318
167378.40963356,3,0,341.776565492878,42881.3246394283,491.152634515038,706.215931197052,860.238359034812,1019.74958579293,59792.2979469192,-549686.057599159,69.40833006676,0.244455259673425,10.7855920791626,229.987335205078,229.987335205078,2.49520225591422,2.49545655440733,0.525369228224348,34.8196125179537,34.8196125179537,6.07754295768407
167378.58963356,3,0,341.152747421826,42969.6877992729,490.80254058143,707.835056433284,861.368545410652,1021.02305138893,59871.7779090945,-549472.007259946,69.4207316683135,0.241940056337091,10.778660774231,229.987518310547,229.987518310547,2.49749500140356,2.49774958328973,0.525246086964913,34.7389994855254,34.7389994855254,6.05628599401445
167378.76963356,3,0,340.529073485976,43057.9879271473,490.452440277364,709.455742428252,862.501712133618,1022.29904698717,59951.217339898,-549257.178825679,69.4332451404591,0.239449073773602,10.7717313766479,229.987686157227,229.987686157227,2.49979002598329,2.50004489166569,0.525117955936384,34.6585323127828,34.6585323127828,6.03517691571473
167378.94963356,3,0,339.905550377442,43146.2250068471,490.102049323509,711.078115773102,863.637801639638,1023.57754767256,60030.5970763521,-549041.553638641,69.4458322434174,0.236982206415851,10.7648029327393,229.987869262695,229.987869262695,2.5020872222089,2.50234237217089,0.524985099267448,34.578214452954,34.578214452954,6.01410060289408
167379.12963356,3,0,339.282183775799,43234.3989927927,489.751537232463,712.702063988977,864.776813906667,1024.8585332244,60109.9283921258,-548825.142940117,69.458515568247,0.234539227255252,10.7578773498535,229.988037109375,229.988037109375,2.50438648133561,2.50464191597484,0.524845109816852,34.4980361759307,34.4980361759307,5.99324176579591
167379.44963356,3,0,338.174392905123,43390.9968821565,489.128024495879,715.592897412605,866.808830846611,1027.14187099354,60250.836113926,-548438.47598168,69.4812898356773,0.230254636338035,10.7455682754517,229.988327026367,229.988327026367,2.50847945144445,2.50873539324023,0.524566678797309,34.3558404974412,34.3558404974412,5.9565555510763
167379.629633559,3,0,337.551522941289,43478.9954760354,488.776922874323,717.22112261719,867.95572501151,1028.42954360992,60330.014656778,-548219.880781344,69.494202137743,0.227877391638305,10.7386484146118,229.988494873047,229.988494873047,2.51078439895231,2.51104040359325,0.524431157332112,34.2760463611628,34.2760463611628,5.93591108337862
167379.809633559,3,0,336.928813286377,43566.9308403016,488.425726522518,718.850872186119,869.105523856997,1029.71967837183,60409.1465894557,-548000.494057312,69.507220055195,0.225523496984526,10.7317295074463,229.988647460938,229.988647460938,2.51309147364307,2.5133477641852,0.524269691476136,34.1964072407888,34.1964072407888,5.91558786950321
167379.989633559,3,0,336.306288496011,43654.8029754802,488.074309487743,720.482172009365,870.258122945413,1031.0121923301,60488.2228006347,-547780.317614823,69.5203116087436,0.223192724994608,10.7248125076294,229.988800048828,229.988800048828,2.51540084507359,2.51565742195533,0.524105945343485,34.1169140494498,34.1169140494498,5.89522805760532
167380.169633559,3,0,335.683957501947,43742.6118139554,487.7226379752,722.114955370633,871.413499266095,1032.30705439619,60567.2409168589,-547559.349289517,69.5334847438132,0.220885264204085,10.7178983688354,229.988983154297,229.988983154297,2.51771218176242,2.51796882136161,0.523935641420687,34.0375520226982,34.0375520226982,5.87508633080913
167380.349633559,3,0,335.061827043234,43830.3573214498,487.370730906372,723.749186218325,872.571631281922,1033.60424034377,60646.2020532445,-547337.591129737,69.5467418839939,0.218600694647379,10.7109861373901,229.989135742188,229.989135742188,2.52002542855849,2.52028235492418,0.523759095987221,33.9583471564236,33.9583471564236,5.85508078350834
167380.529633559,3,0,334.439904556298,43918.0394809149,487.018638036121,725.384863449492,873.732486046121,1034.90372267843,60725.109366729,-547115.047609958,69.5600754557752,0.216338888862177,10.7040758132935,229.989288330078,229.989288330078,2.52234097899546,2.52259819256696,0.52358031905907,33.8792834163457,33.8792834163457,5.83504180020127
167380.849633559,3,0,333.334800192806,44073.7622508083,486.391975013472,728.296230692802,875.802868901089,1037.21950270117,60865.2379964273,-546717.462884861,69.5839643590613,0.212374019834037,10.6917972564697,229.989547729492,229.989547729492,2.52646195255929,2.52671967763107,0.523225618729952,33.7390750626875,33.7390750626875,5.79981272825995
167381.029633559,3,0,332.713513174813,44161.2681237736,486.039015566719,729.935770929956,876.97107461632,1038.52515951426,60943.9709937037,-546492.727106872,69.5974889453883,0.210174976453404,10.6848945617676,229.989700317383,229.989700317383,2.52878295483794,2.529040742502,0.523054193396273,33.6604011749481,33.6604011749481,5.78017416884421
167381.209633559,3,0,332.092428972049,44248.7104550522,485.685947477497,731.57669604009,878.142021335017,1039.8331190869,61022.6555346962,-546267.199357648,69.6111116172272,0.207998178275162,10.6779937744141,229.989837646484,229.989837646484,2.53110587511211,2.53136395105497,0.522855403342796,33.5818862883196,33.5818862883196,5.7605642288549
167381.389633558,3,0,331.471573568413,44336.0891803323,485.332497830642,733.219047492007,879.315595926419,1041.14329374653,61101.2725711404,-546040.872653755,69.624794071217,0.205843515769588,10.6710958480835,229.989990234375,229.989990234375,2.53343077273184,2.53368891095881,0.522652119688021,33.5035100638029,33.5035100638029,5.74115411020585
167381.569633558,3,0,330.85095832306,44423.4042483082,484.978784241518,734.862705446501,880.491775701879,1042.45564334689,61179.8297989564,-545813.756373896,69.6385553765923,0.203710819213649,10.6641998291016,229.990127563477,229.990127563477,2.53575753258336,2.53601618629172,0.522442807190825,33.4252876766815,33.4252876766815,5.72192528254178
167381.749633558,3,0,330.230590048802,44510.6556383283,484.624754175492,736.507725466461,881.670518957744,1043.77014325446,61258.3234975793,-545585.847937408,69.6523738425451,0.201599997991385,10.6573076248169,229.990280151367,229.990280151367,2.53808610453931,2.53834482055597,0.522231685474882,33.3471879221728,33.3471879221728,5.70252899673659
167381.929633558,3,0,329.610471950877,44597.8432426099,484.270455218666,738.154015100957,882.851828618978,1045.08677987255,61336.7568190495,-545357.149407067,69.666270248328,0.199510886016381,10.6504173278809,229.99040222168,229.99040222168,2.54041676777219,2.54067577324688,0.522012874144559,33.2692556855578,33.2692556855578,5.6835134457178
167382.249633558,3,0,328.508688141941,44752.6858515317,483.639644337538,741.083936093314,884.958127660083,1047.43263219796,61476.0247395338,-544948.61564636,69.6911209110606,0.195849961181033,10.6381759643555,229.990646362305,229.990646362305,2.5445649132724,2.54482420614926,0.521590345427969,33.1310526812029,33.1310526812029,5.64963037430329
167382.429633558,3,0,327.889333829836,44839.6960418419,483.284411401231,742.733654987889,886.146295709561,1048.75496127007,61554.2759773876,-544717.72974685,69.705184447403,0.193820274436057,10.6312952041626,229.990783691406,229.990783691406,2.54690060376712,2.54715995822841,0.521388185286715,33.0535051912749,33.0535051912749,5.63081290225422
167382.609633558,3,0,327.270219642486,44926.6422678627,482.928741188931,744.384762424173,887.337027841877,1050.079448707,61632.4556995538,-544486.02888333,69.7193050695241,0.191811626350955,10.6244163513184,229.990905761719,229.990905761719,2.54923839039897,2.549498035013,0.521155143162681,32.976116825782,32.976116825782,5.61186662819411
167382.789633558,3,0,326.651374018011,45013.5244359184,482.572872048461,746.037044698781,888.53025541121,1051.40599882342,61710.5791326816,-544253.542211476,69.733508996108,0.189823948614077,10.6175403594971,229.99104309082,229.99104309082,2.55157810536131,2.55183804044179,0.520915198943763,32.8988865769801,32.8988865769801,5.59319209414302
167382.969633558,3,0,326.032811433636,45100.3425089814,482.216540025999,747.690581377031,889.725897973433,1052.73455850994,61788.628185519,-544020.255313617,69.7477581066012,0.187857082004714,10.610668182373,229.991149902344,229.991149902344,2.55391958048327,2.55417957684844,0.52067380928315,32.8217807888174,32.8217807888174,5.57446028106443
167383.149633558,3,0,325.414535061072,45187.0963979795,481.859884442414,749.345290572935,890.923958591873,1054.06511634441,61866.6121730402,-543786.176282542,69.7620714930343,0.185910772016279,10.6037979125977,229.991287231445,229.991287231445,2.55626258640195,2.55652310348618,0.520426434626752,32.7448222968092,32.7448222968092,5.55596282768693
167383.329633557,3,0,324.796550828,45273.7860501233,481.502855402417,751.001155638983,892.124412910325,1055.39764942314,61944.5275400308,-543551.302713409,69.7764469321596,0.183984982847981,10.5969324111938,229.991409301758,229.991409301758,2.55860786229623,2.55886844064514,0.520175506651941,32.6680308363837,32.6680308363837,5.53757295750229
167383.649633557,3,0,323.698658837186,45427.7422137317,480.86722614561,753.947753858256,894.264353863075,1057.77138012256,62082.8741497874,-543131.797198619,69.8021319284811,0.18061115200538,10.5847339630127,229.991607666016,229.991607666016,2.56278153675634,2.56304240268327,0.519690596188877,32.5318480681872,32.5318480681872,5.50469109877394
167383.829633557,3,0,323.081552517924,45514.2530870747,480.509051999121,755.606699945549,895.471201217334,1059.10916383204,62160.5898886333,-542894.727887185,69.8166400159955,0.178741243515263,10.5778779983521,229.991744995117,229.991744995117,2.56513139534896,2.56539255300375,0.519460351223641,32.4554372245587,32.4554372245587,5.48635784603213
167384.009633557,3,0,322.464719884557,45600.6994547466,480.150613080504,757.266809916383,896.680494711683,1060.44897106001,62238.2447159172,-542656.853610442,69.8312279367318,0.17689110914503,10.5710248947144,229.991851806641,229.991851806641,2.56748341853796,2.56774463663471,0.519192828869497,32.3791879738582,32.3791879738582,5.46819226288995
167384.189633557,3,0,321.848195074899,45687.0812711534,479.791743192663,758.928086419579,897.892096171202,1061.79068610024,62315.826388234,-542418.180081775,69.8458564913171,0.175060601308022,10.5641746520996,229.991958618164,229.991958618164,2.56983697418205,2.57009848434486,0.518923682230633,32.3030832714633,32.3030832714633,5.44999823598094
167384.369633557,3,0,321.231989354228,45773.3984496726,479.432441768194,760.590438791842,899.105975906492,1063.13426842826,62393.3346666752,-542178.708316857,69.8605376680342,0.173249583784943,10.5573282241821,229.992095947266,229.992095947266,2.57219240298875,2.57245420558128,0.518649144519276,32.2271228880032,32.2271228880032,5.4318922494757
167384.549633557,3,0,320.616108194251,45859.6509308515,479.072831442501,762.253801159562,900.322121716471,1064.4796967587,62470.7776313783,-541938.447281121,69.8752833806576,0.171457776320088,10.5504856109619,229.992202758789,229.992202758789,2.5745495966802,2.57481145924086,0.518371867476088,32.1513188801221,32.1513188801221,5.41379728698748
167384.729633557,3,0,320.000555531108,45945.8386193477,478.712712452214,763.918255150784,901.540495691074,1065.82695417758,62548.141677341,-541697.383238145,69.890066091462,0.169685174911909,10.543646812439,229.992309570313,229.992309570313,2.57690849346375,2.57717041562525,0.518089881017726,32.0756466433303,32.0756466433303,5.39589491887221
167385.049633557,3,0,318.907078429394,46098.9010063602,478.071512802679,766.879717500851,903.711927281387,1068.22649284134,62685.4998734695,-541266.87165998,69.9164785300279,0.16658032309181,10.5314979553223,229.992492675781,229.992492675781,2.58110630757886,2.58136851646251,0.517547890276719,31.9415002866266,31.9415002866266,5.36413353120044
167385.229633556,3,0,318.292509392621,46184.9083604071,477.710257217553,768.546815449001,904.936268560949,1069.5785783504,62762.6613347305,-541023.617963652,69.9313897287464,0.1648596572733,10.5246696472168,229.992599487305,229.992599487305,2.58346972724028,2.58373222891461,0.517290687958633,31.8662532871398,31.8662532871398,5.34629512993752
167385.409633556,3,0,317.678245725336,46270.8506277966,477.348569177301,770.215028252996,906.162904713745,1070.93255604247,62839.7494531581,-540779.546846063,69.9463566654869,0.163157420842998,10.5178442001343,229.992706298828,229.992706298828,2.58583508350844,2.58609787835293,0.516994305494294,31.7911373407809,31.7911373407809,5.3286774887689
167385.589633556,3,0,317.064323664182,46356.7277600033,476.986415204447,771.88423470219,907.391715152559,1072.28830342449,62916.7608441784,-540534.67441089,69.9613717177937,0.161473476260641,10.5110235214233,229.992813110352,229.992813110352,2.58820173629655,2.58846482458373,0.516694770110222,31.7161706758966,31.7161706758966,5.31105457915412
167385.769633556,3,0,316.450756425744,46442.5397047604,476.623881255143,773.55439459304,908.622651739838,1073.64577325194,62993.7010327328,-540289.008567371,69.9764307193938,0.159807434168772,10.5042066574097,229.992904663086,229.992904663086,2.59057049827528,2.59083364514197,0.516393544327507,31.641373999809,31.641373999809,5.29315869602733
167385.949633556,3,0,315.83754637707,46528.2863314553,476.260955162256,775.225451551714,909.85570948929,1075.00495234133,63070.569098252,-540042.547854662,69.9915459845419,0.158159260971027,10.4973936080933,229.993011474609,229.993011474609,2.59294055534701,2.59320399588701,0.516085736110049,31.5667142013045,31.5667142013045,5.27553684275216
167386.129633556,3,0,315.224700062752,46613.9675569548,475.897588073386,776.89742005906,911.090855647925,1076.36581619886,63147.3615137952,-539795.290277348,70.0067057821643,0.156528711148759,10.4905843734741,229.993103027344,229.993103027344,2.59531248606943,2.59557622060553,0.515775423415037,31.492201337118,31.492201337118,5.25822275776965
167386.449633556,3,0,314.13611850198,46766.1280985097,475.250299486183,779.872061005734,913.291714531953,1078.78919655366,63283.6790292262,-539353.749642847,70.0337358370907,0.153672709819805,10.4784898757935,229.993286132813,229.993286132813,2.59953326931662,2.59979729069887,0.515181047007683,31.360096615619,31.360096615619,5.22717357900612
167386.629633556,3,0,313.524352936817,46851.6272805842,474.885602381965,781.546346039672,914.532402858871,1080.1544873571,63360.2521295368,-539104.294053714,70.0489964624372,0.152089992342524,10.4716930389404,229.993392944336,229.993392944336,2.60190937079969,2.60217344961025,0.514898612899553,31.2860049901404,31.2860049901404,5.21000516013628
167386.809633556,3,0,312.912922842232,46937.0607928702,474.520361602912,783.221689069597,915.77524052252,1081.52154294263,63436.7431565002,-538854.012358819,70.0642911303318,0.150524061645374,10.4649000167847,229.99348449707,229.99348449707,2.60428734525,2.60455148114921,0.514577145157703,31.2120430236271,31.2120430236271,5.19268866475196
167386.989633556,3,0,312.301864112886,47022.4285342719,474.154803519093,784.897842034298,917.020131319243,1082.8902393114,63513.1662789389,-538602.938955276,70.0796484928857,0.148974780852644,10.4581108093262,229.993560791016,229.993560791016,2.60666695526765,2.60693138547478,0.514249276790494,31.1382319359023,31.1382319359023,5.17544303253236
167387.169633555,3,0,311.69119299626,47107.7304027521,473.788782021882,786.574815930661,918.267004613956,1084.26051936285,63589.5112508226,-538351.067947849,70.0950459645208,0.147441961110543,10.4513263702393,229.99365234375,229.99365234375,2.60904809171367,2.60931257841024,0.513919325435085,31.0645881894534,31.0645881894534,5.15850509800436
167387.349633555,3,0,311.080913073103,47192.9663462811,473.42217461487,788.25265479278,919.515831888409,1085.63236737311,63665.7696193032,-538098.390598815,70.1104658880391,0.145925226697373,10.4445457458496,229.993743896484,229.993743896484,2.61143068894135,2.61169547017856,0.513587823410231,30.9910766210837,30.9910766210837,5.14145695087301
167387.529633555,3,0,310.471026334956,47278.1362573522,473.055199114279,789.931244430541,920.766622705647,1087.005772366,63741.9560134462,-537844.920843946,70.1259386844262,0.144424562638059,10.4377698898315,229.993835449219,229.993835449219,2.61381498436299,2.61407982155637,0.513250688484118,30.917716765049,30.917716765049,5.12456350376322
167387.849633555,3,0,309.387784388344,47429.386162988,472.401463290865,792.917333379916,922.99494672992,1089.45111224598,63877.1905991904,-537392.337744426,70.1535161230019,0.141795370277483,10.4257345199585,229.993988037109,229.993988037109,2.61805708721491,2.61832244848876,0.512607396623334,30.787672325652,30.787672325652,5.09449084682526
167388.029633555,3,0,308.779068702622,47514.3722094818,472.033006054623,794.597925818764,924.250869051665,1090.82855863961,63953.1435663314,-537136.664396485,70.1690625550805,0.140337861978395,10.4189720153809,229.994064331055,229.994064331055,2.62044523069407,2.62071064724159,0.512302600544652,30.7147149732411,30.7147149732411,5.07775470581318
167388.209633555,3,0,308.170715068168,47599.2919038808,471.664193910387,796.279369815502,925.508836237481,1092.2076514054,64029.0260256431,-536880.176083026,70.1846681298598,0.138895480653985,10.4122123718262,229.994155883789,229.994155883789,2.62283524307915,2.62310095471236,0.51195490718297,30.6419266185092,30.6419266185092,5.06103395260061
167388.389633555,3,0,307.562762920159,47684.1451700045,471.29479469663,797.961622727082,926.768696161073,1093.5882550362,64104.8209661748,-536622.878455959,70.2002970369578,0.137467952174954,10.4054584503174,229.994247436523,229.994247436523,2.62522636152433,2.62549212789747,0.51160407578948,30.5692744872549,30.5692744872549,5.04426730197623
167388.569633555,3,0,306.955226474304,47768.9319092226,470.925008033521,799.644540554938,928.030417429998,1094.97031885059,64180.5416095998,-536364.787829835,70.2159747097106,0.136055118100366,10.3987083435059,229.99430847168,229.99430847168,2.62761952198974,2.6278853426408,0.511248787494591,30.4967727568924,30.4967727568924,5.02756411666799
167388.749633555,3,0,306.348110739627,47853.6520261081,470.554694088805,801.328165438825,929.293964139068,1096.35382051353,64256.1782463217,-536105.895869087,70.2316812833668,0.134656717029652,10.3919630050659,229.994400024414,229.994400024414,2.63001389338827,2.63028000918227,0.510891644531672,30.4244338779876,30.4244338779876,5.01101032170446
167388.929633555,3,0,305.741418552564,47938.3054393334,470.183846835676,803.012487830605,930.559321329974,1097.7387465034,64331.7303239187,-535846.201513484,70.2474155278465,0.13327247168437,10.3852224349976,229.994491577148,229.994491577148,2.6324096073851,2.63267577685311,0.510531280439806,30.3522288680282,30.3522288680282,4.99449257892638
167389.249633554,3,0,304.663927362511,48088.6354156798,469.523339021628,806.008404384792,932.813224495947,1100.20425240947,64465.8413622918,-535382.562146078,70.2754684862314,0.130845829131078,10.373251914978,229.994613647461,229.994613647461,2.63667230854977,2.63693876071208,0.509843027710433,30.2242345593805,30.2242345593805,4.9652641497656
167389.429633554,3,0,304.058488692388,48173.1030522261,469.151086811283,807.694334968629,934.083343656729,1101.592856075,64541.161328336,-535120.672770346,70.2912809472081,0.12949955358655,10.3665246963501,229.994689941406,229.994689941406,2.63907194876462,2.6393386962497,0.509516838691941,30.1524470071659,30.1524470071659,4.94888543611245
167389.609633554,3,0,303.45343699796,48257.5036441328,468.778329478879,809.381076363792,935.355373927465,1102.98299192975,64616.3993322167,-534857.956716099,70.3071300937843,0.128166599939475,10.3598022460938,229.994766235352,229.994766235352,2.64147310121099,2.6417399011544,0.509145562491147,30.0808145748905,30.0808145748905,4.93251566502169
167389.789633554,3,0,302.848814215564,48341.8370909876,468.405144302099,811.068431019697,936.629183292416,1104.37451495839,64691.5592459483,-534594.442744033,70.323023228888,0.126846560044508,10.3530855178833,229.994842529297,229.994842529297,2.64387580424347,2.64414265611537,0.508769867764778,30.0093191236436,30.0093191236436,4.91629452851294
167389.969633554,3,0,302.244636357987,48426.1033303795,468.031338252733,812.756430370112,937.904696457184,1105.76736750843,64766.6275765314,-534330.121505225,70.3389300020721,0.125539312879125,10.3463726043701,229.994903564453,229.994903564453,2.64627959802659,2.6465467452743,0.508393852044953,29.9379800368972,29.9379800368972,4.89989876703246
167390.149633554,3,0,301.640904887034,48510.3022490507,467.657131175322,814.444964754331,939.181923111137,1107.16153987364,64841.6191469964,-534065.006884746,70.3548815132398,0.124244467063242,10.3396654129028,229.994995117188,229.994995117188,2.64868483146028,2.64895202998979,0.508012560521229,29.8667952018852,29.8667952018852,4.88358682450132
167390.329633554,3,0,301.037624764791,48594.4337413997,467.282416549581,816.134061791607,940.460832271158,1108.55701143462,64916.5264945698,-533799.092737967,70.3708624345321,0.122961894502689,10.3329620361328,229.995056152344,229.995056152344,2.65109185470149,2.65135934873046,0.507629119599944,29.7957406453852,29.7957406453852,4.86750706316459
167390.649633554,3,0,299.966267511666,48743.834134195,466.614831501622,819.138257259046,942.738486294129,1111.04095540057,65049.4740836526,-533324.385407141,70.3993200313096,0.120710900660327,10.3210592269897,229.995193481445,229.995193481445,2.65537350336837,2.65564127789816,0.506898137180198,29.6698171283918,29.6698171283918,4.83872112062172
167390.829633554,3,0,299.364319723072,48827.7778806012,466.238604287454,820.828663531407,944.021775885824,1112.43974793142,65124.1379581504,-533056.273806889,70.4153574535254,0.119460612742461,10.3143720626831,229.995254516602,229.995254516602,2.65778381896592,2.6580516434407,0.506552813480172,29.5991953221579,29.5991953221579,4.82268405429856
167391.009633553,3,0,298.762782265508,48911.6538427245,465.861937259855,822.519744604495,945.306866183488,1113.83996214638,65198.7230322134,-532787.338276065,70.4314393774022,0.118221532801886,10.3076887130737,229.995315551758,229.995315551758,2.66019563510095,2.66046350904245,0.506158263398667,29.5287205595502,29.5287205595502,4.80689306586422
167391.189633553,3,0,298.161700273844,48995.46197584,465.484642083959,824.211412573358,946.593589990185,1115.24144195207,65273.214951135,-532517.592296024,70.4475347059952,0.116993329563416,10.3010101318359,229.995391845703,229.995391845703,2.66260863492435,2.66287680435837,0.505762816130428,29.4583858932467,29.4583858932467,4.79089192449792
167391.369633553,3,0,297.561087561457,49079.2021532883,465.106933411951,825.903519605668,947.881914877244,1116.64413559652,65347.6280297727,-532247.052920296,70.4636712190654,0.11577574981873,10.294337272644,229.995452880859,229.995452880859,2.66502281554926,2.66529128064679,0.5053626315185,29.388209815911,29.388209815911,4.77500897745743
167391.549633553,3,0,296.960948781979,49162.8742764719,464.72866781799,827.596109652191,949.171807329591,1118.04802297366,65421.9522649643,-531975.711651425,70.4798282403161,0.114568451408681,10.287670135498,229.995513916016,229.995513916016,2.66743884565122,2.66770711213603,0.50496051468245,29.3181861778995,29.3181861778995,4.75930861499659
167391.729633553,3,0,296.361286885841,49246.4782644945,464.349872605598,829.289159074427,950.463255816815,1119.45309107791,65496.1893582925,-531703.569789413,70.4960092046215,0.113371103732616,10.2810077667236,229.995590209961,229.995590209961,2.66985562822242,2.67012419007379,0.504556852563199,29.2482979474378,29.2482979474378,4.74364866187109
167392.049633553,3,0,295.296424239575,49394.9390610667,463.675097898039,832.300069649235,952.762900625047,1121.95380318698,65627.9462167217,-531217.797892958,70.5248263308441,0.111266692585713,10.2691764831543,229.995697021484,229.995697021484,2.67415556754429,2.67442440672384,0.503785607655766,29.1244337182902,29.1244337182902,4.71571215320376
167392.229633553,3,0,294.698167458825,49478.3532682154,463.294783779732,833.994102725997,954.058371575041,1123.36185165348,65701.9353067856,-530943.462584817,70.5410560762954,0.110097302048889,10.2625303268433,229.995758056641,229.995758056641,2.67657594686681,2.67684483286243,0.503421660227104,29.0549655584713,29.0549655584713,4.70015617882673
167392.409633553,3,0,294.100342815463,49561.6989717094,462.913983015978,835.688731802524,955.355527053294,1124.77121626666,65775.8410699335,-530668.298787819,70.5573221207368,0.108938407531574,10.2558879852295,229.995803833008,229.995803833008,2.67899756398352,2.67926674542786,0.503006979348098,28.9856526144264,28.9856526144264,4.68464544448103
167392.589633553,3,0,293.502997134153,49644.9760856824,462.532657210025,837.383792647941,956.654205289444,1126.18173278698,65849.6592824194,-530392.331917356,70.5736142636326,0.107790128123249,10.2492513656616,229.995864868164,229.995864868164,2.68142059479704,2.6816898224025,0.502589635881432,28.9164773368326,28.9164773368326,4.66916313595934
167392.769633553,3,0,292.906146273454,49728.1845239609,462.150759555808,839.079247903905,957.954343905986,1127.59334279039,65923.3863733421,-530115.562568615,70.5899226143655,0.106652323822006,10.2426204681396,229.995941162109,229.995941162109,2.68384471602726,2.68411423913268,0.502170768253631,28.8474549759354,28.8474549759354,4.65360836422901
167392.949633552,3,0,292.309792352312,49811.3241765647,461.768402632214,840.775037222279,959.255940077678,1129.00603459971,65997.0298676577,-529837.997984175,70.6062632132262,0.105524939288581,10.2359952926636,229.995971679688,229.995971679688,2.68626971175861,2.68653928022507,0.501747990841074,28.7785798314786,28.7785798314786,4.63816525761649
167393.129633552,3,0,291.713939387334,49894.3949482021,461.385478944103,842.471190765805,960.558966073162,1130.41979058721,66070.5822088412,-529559.63164967,70.6226202144909,0.104408005513248,10.2293748855591,229.996047973633,229.996047973633,2.68869664910856,2.68896626247073,0.501323722756583,28.709857408947,28.709857408947,4.62277645044966
167393.449633552,3,0,290.655909138617,50041.9063613084,460.722710220459,845.515529397916,962.90986987264,1132.96665812525,66202.6478426323,-529056.38843363,70.6547667862753,0.102451166395108,9.51762008666992,229.996154785156,229.996154785156,2.89106287864855,2.89136789837433,0.50034658536049,28.5879311677384,28.5879311677384,4.59702163674423
167393.629633552,3,0,290.061686614695,50124.7938065677,460.394379297695,847.342812694725,964.358030723267,1134.52510403189,66280.9926693274,-528756.038748342,70.6847303088392,0.101380649083637,9.51101875305176,229.996200561523,229.996200561523,2.89380849158263,2.89411359727576,0.498699878908255,28.518866314114,28.518866314114,4.58231463599835
167393.809633552,3,0,289.469129822993,50207.6220594654,460.063658498812,849.16664831821,965.803499832678,1136.08045696773,66359.0992860432,-528455.425667619,70.7143602052648,0.100331296772829,9.50443744659424,229.99626159668,229.99626159668,2.89655158062261,2.89685618898987,0.497612632090291,28.4499787751821,28.4499787751821,4.5669618419105
167393.989633552,3,0,288.87801158712,50290.3907188864,459.731186813256,850.987778821752,967.247093057563,1137.6335363269,66437.0243730521,-528154.325006623,70.7437374809467,0.0992905065747405,9.49787044525146,229.996307373047,229.996307373047,2.89929327960767,2.89959796962282,0.496542451470172,28.3812829963751,28.3812829963751,4.55087770846406
167394.169633552,3,0,288.288168473379,50373.0994209129,459.3973082256,852.806646032748,968.689413788567,1139.18493058593,66514.7937381604,-527852.706465285,70.7729513213167,0.098258537055144,9.49131870269775,229.996368408203,229.996368408203,2.90203376643477,2.90233824506344,0.495470372810934,28.3127734686061,28.3127734686061,4.53473915683865
167394.349633552,3,0,287.699597792856,50455.7478722706,459.061725096255,854.623399122777,970.130427764893,1140.73463716162,66592.3864487086,-527550.552159571,70.8019506705635,0.097235408770174,9.48478031158447,229.99641418457,229.99641418457,2.90477340850644,2.90507796566107,0.494408621782317,28.2444482980457,28.2444482980457,4.51851072016066
167394.529633552,3,0,287.112290493094,50538.3357429814,458.724523641682,856.437976967561,971.570171628004,1142.28267886321,66669.8081735073,-527247.86366764,70.8307651052061,0.0962211666237555,9.47825622558594,229.996459960938,229.996459960938,2.90751209542428,2.90781643727517,0.493350271581139,28.1762920271017,28.1762920271017,4.5026162719931
167394.849633551,3,0,286.07133321509,50685.0082345298,458.121130751491,859.658472667447,974.126435325346,1145.03051531988,66807.025905845,-526708.479933734,70.8814993335894,0.0944399509095982,9.46669292449951,229.996566772461,229.996566772461,2.91237825792099,2.91268237441937,0.491376758409915,28.0555821263272,28.0555821263272,4.47437129813407
167395.029633551,3,0,285.487661884245,50767.4263718524,457.779483350495,861.466550783612,975.562112970132,1146.57340698174,66883.9693783656,-526404.393856103,70.9097407490424,0.0934502786292716,9.46020889282227,229.996612548828,229.996612548828,2.91511372745834,2.91541791642893,0.49046029439981,27.9879406962056,27.9879406962056,4.45856837647669
167395.209633551,3,0,284.905080878042,50849.7828400001,457.436381717353,863.273057526548,976.99709591117,1148.11522935636,66960.7564062823,-526099.686091392,70.9378353163723,0.0924694220023941,9.45373725891113,229.996658325195,229.996658325195,2.91784876536578,2.91815273136063,0.48942642918461,27.9204730969052,27.9204730969052,4.44312703613728
167395.389633551,3,0,284.323696418659,50932.0774447543,457.091828033743,865.077600271729,978.43098765374,1149.65558163583,67037.3827150491,-525794.435309514,70.9657526245432,0.0914975130482265,9.44727897644043,229.996704101563,229.996704101563,2.920582668182,2.92088670378021,0.488403200850459,27.8531677136669,27.8531677136669,4.42742415673256
167395.569633551,3,0,283.743529708958,51014.3098593742,456.745802352612,866.880051233399,979.863705671444,1151.19437396773,67113.8462768929,-525488.64515664,70.9934995675728,0.0905344502041084,9.44083404541016,229.99674987793,229.99674987793,2.92331600854715,2.92361981721362,0.48738388064047,27.7860465254754,27.7860465254754,4.41202557766969
167395.749633551,3,0,283.164574298229,51096.4798236941,456.398194089021,868.68049106566,981.29524849879,1152.73162002462,67190.1391410611,-525182.306695998,71.021053960145,0.0895802142012665,9.43440341949463,229.996810913086,229.996810913086,2.92604818041922,2.92635175993658,0.486372868234684,27.7190996388746,27.7190996388746,4.39677780212195
167395.929633551,3,0,282.586821489406,51178.5870868473,456.049166753855,870.47887639904,982.725647152789,1154.26734059979,67266.2722765065,-524875.427587498,71.0484394011355,0.0886347940556314,9.42798519134521,229.996856689453,229.996856689453,2.92877926850569,2.92908291289688,0.485368158969235,27.6523191538332,27.6523191538332,4.38154662462008
167396.249633551,3,0,281.562694381855,51324.3998719187,455.424901424461,873.670921336852,985.265626730899,1156.99363927242,67401.2040327279,-524328.549554704,71.0966679838177,0.0869757739329242,9.4166088104248,229.996917724609,229.996917724609,2.933632867188,2.93393626072413,0.483487713187407,27.5340215034282,27.5340215034282,4.35489017382432
167396.429633551,3,0,280.988401441521,51406.3315038729,455.071602211674,875.463220935912,986.692327337032,1158.52462567379,67476.8646048683,-524020.224710703,71.1235085509622,0.0860546432247915,9.41022872924805,229.996963500977,229.996963500977,2.9363612633311,2.93666471761596,0.482616900854301,27.4677300161028,27.4677300161028,4.34001043968272
167396.609633551,3,0,280.415145221882,51488.1994306039,454.717028978801,877.254038088501,988.118441727433,1160.05466134476,67552.3787914378,-523711.271302169,71.1502210656781,0.085142367550743,9.4038610458374,229.997009277344,229.997009277344,2.93908930414095,2.93939251998185,0.481633423835558,27.4015930374737,27.4015930374737,4.32510076379836
167396.78963355,3,0,279.843026989738,51570.0034026942,454.361096910428,879.042982586993,989.543590684088,1161.58336077338,67627.7364941947,-523401.760504945,71.1767805838218,0.0842388393987551,9.39750576019287,229.997055053711,229.997055053711,2.94181667799493,2.94211965322564,0.48065608812176,27.3356374732925,27.3356374732925,4.31029604351089
167396.96963355,3,0,279.272070784385,51651.7431649258,454.003759689344,880.829978887157,990.967671065615,1163.11062519179,67702.9337648456,-523091.696332413,71.2031721390311,0.0833440283995638,9.39116287231445,229.997100830078,229.997100830078,2.94454307122164,2.94484610266354,0.479686251563034,27.2698540965881,27.2698540965881,4.29558975403358
167397.14963355,3,0,278.702268083105,51733.4184693326,453.645033632097,882.615045953658,992.390702670928,1164.6364760156,67777.9715065171,-522781.076424609,71.2293981503325,0.082457884180542,9.38483333587646,229.997146606445,229.997146606445,2.9472687671799,2.94757155411369,0.478722225400675,27.2042296703257,27.2042296703257,4.28099558980659
167397.32963355,3,0,278.133611516529,51815.0290691388,453.284932070779,884.398198868905,993.812700828444,1166.16093020262,67852.8503753735,-522469.899147962,71.2554605385773,0.0815804164794898,9.37851619720459,229.997177124023,229.997177124023,2.94999325554784,2.95029609573636,0.477763927643438,27.1387700068744,27.1387700068744,4.26645301859767
167397.64963355,3,0,277.125517031308,51959.954050779,452.641298702594,887.563419829781,996.338033475413,1168.86751449534,67985.5690800854,-521915.35276956,71.3013803242495,0.0800417871583748,9.36731815338135,229.997268676758,229.997268676758,2.95483506249573,2.95513762663944,0.475969837121954,27.02282540485,27.02282540485,4.24077501604392
167397.82963355,3,0,276.560160795433,52041.3835941388,452.27725026114,889.340801551523,997.756666887227,1170.38760162588,68059.9919580944,-521602.696323424,71.3269423862258,0.0791881885639218,9.3610372543335,229.997299194336,229.997299194336,2.95755711916686,2.95785973250339,0.475139073643548,26.9578275719205,26.9578275719205,4.22640585349153
167398.00963355,3,0,275.995793791743,52122.7475051481,451.912069443309,891.116768987653,999.174805620569,1171.90683797008,68134.2760741409,-521289.403864705,71.3523958890068,0.0783431094774086,9.35476779937744,229.997344970703,229.997344970703,2.96027900890258,2.96058136855342,0.474199460061126,26.8930127452406,26.8930127452406,4.21208668660547
167398.18963355,3,0,275.432513699584,52204.045563383,451.545598064694,892.890976731986,1000.5920761668,1173.42485033726,68208.4063447696,-520975.540377461,71.3777049179161,0.0775065931207215,9.3485107421875,229.997375488281,229.997375488281,2.96299961672302,2.96330202273049,0.473266234959363,26.8283361266006,26.8283361266006,4.19779849918573
167398.36963355,3,0,274.870343317731,52285.2775389139,451.177830950108,894.663335658153,1002.00838240139,1174.94154366894,68282.3817005587,-520661.112386853,71.402860818306,0.0766785501314052,9.34226608276367,229.997421264648,229.997421264648,2.96571972809799,2.96602187654373,0.472339533079813,26.7638543473867,26.7638543473867,4.18353487370582
167398.54963355,3,0,274.309274948245,52366.4431982215,450.808783983488,896.43386244354,1003.42374211955,1176.4569371954,68356.2030375856,-520346.11774032,71.4278660229559,0.0758589079599855,9.33603286743164,229.997451782227,229.997451782227,2.96843922343966,2.96874141541389,0.471417991995427,26.6995153692217,26.6995153692217,4.16928262660496
167398.729633549,3,0,273.749302133708,52447.542314447,450.438472310438,898.202568621877,1004.83816833158,1177.97104522114,68429.871155029,-520030.555239696,71.4527227182519,0.0750476833924758,9.32981204986572,229.997497558594,229.997497558594,2.97115789139775,2.97146012568422,0.470501547530112,26.6353477848757,26.6353477848757,4.15504095988055
167399.049633549,3,0,272.756521070016,52591.5535201847,449.776967709553,901.342334759868,1007.35028578433,1180.65950946965,68560.451926149,-519468.187272276,71.4965369949012,0.0736260776876018,9.3187837600708,229.99755859375,229.99755859375,2.97598899369888,2.97629092793895,0.468784642642022,26.5216684892667,26.5216684892667,4.12973694563659
167399.229633549,3,0,272.199705543976,52672.4665871036,449.403031740493,903.105533914782,1008.76163548371,1182.16956869835,68633.6809705193,-519151.116917081,71.5209378622492,0.0728378991117571,9.31259822845459,229.997604370117,229.997604370117,2.97870461932525,2.97900659178216,0.467989144820906,26.4579470629398,26.4579470629398,4.11547192270284
167399.409633549,3,0,271.643837179675,52753.3122600053,449.02806782248,904.867385695748,1010.17256404215,1183.67886082997,68706.7764816189,-518833.402382535,71.5452442160777,0.0720578684209906,9.30642318725586,229.997619628906,229.997619628906,2.98142036650837,2.98172237616225,0.467088939308521,26.3943973697588,26.3943973697588,4.10117009517388
167399.589633549,3,0,271.08901004218,52834.0903406733,448.65192754788,906.627554750309,1011.58271071156,1185.18702530466,68779.7241363489,-518515.107968191,71.5694215992335,0.0712861037591308,9.30025959014893,229.997665405273,229.997665405273,2.98413582865304,2.98443756835495,0.466194358532333,26.3309962958992,26.3309962958992,4.08684471646852
167399.769633549,3,0,270.535246548053,52914.8006180783,448.27460673813,908.385952267712,1012.99198051255,1186.69396806412,68852.522950795,-518196.240549806,71.5934616787437,0.070522479752457,9.29410839080811,229.997695922852,229.997695922852,2.98685018275529,2.98715165030054,0.465305566788193,26.267763610132,26.267763610132,4.07247040749573
167399.949633549,3,0,269.982539857661,52995.4428807512,447.896122685694,910.142591297639,1014.40038846985,1188.19970530284,68925.173938968,-517876.79837601,71.6173670460227,0.0697668546344934,9.28796863555908,229.99772644043,229.99772644043,2.98956361175666,2.98986511196268,0.464421234709529,26.2046924474364,26.2046924474364,4.05805871909097
167400.129633549,3,0,269.430884358482,53076.0169230597,447.516490984375,911.897480789216,1015.8079453126,1189.70424888023,68997.6779496052,-517556.780588246,71.6411399200742,0.0690193020903146,9.28184032440186,229.997756958008,229.997756958008,2.99227640826646,2.99257793995807,0.46354129407732,26.141777000419,26.141777000419,4.04359740342694
167400.449633549,3,0,268.452781113266,53219.090587233,446.838715471153,915.012852631127,1018.30805167806,1192.37593319946,69126.2053169084,-516986.474025304,71.6830683291014,0.0677098261650956,9.27097511291504,229.997817993164,229.997817993164,2.99709759693643,2.99739880486027,0.461891274461561,26.030320595346,26.030320595346,4.01770408995404
167400.629633548,3,0,267.904158541966,53299.4740321921,446.455798619137,916.76242970016,1019.7127648921,1193.87668593344,69198.2886956465,-516664.928628464,71.7064322766608,0.0669841497633732,9.26488018035889,229.997848510742,229.997848510742,2.99980805129438,3.00010928675589,0.461126205168218,25.9678457635473,25.9678457635473,4.003042829056
167400.809633548,3,0,267.356446808591,53379.7884855059,446.071964552339,918.5107055153,1021.11711453586,1195.37673768943,69270.2443684031,-516342.733504441,71.7297168446455,0.066266270869671,9.25879573822021,229.99787902832,229.99787902832,3.00251812997416,3.00281939188232,0.460259844936639,25.9055325529416,25.9055325529416,3.9882835976664
167400.989633548,3,0,266.809736960722,53460.0337710857,445.687073375752,920.257351913846,1022.52074919977,1196.87573715294,69342.0586495053,-516019.952915659,71.752888666489,0.0655561223157854,9.25272274017334,229.997909545898,229.997909545898,3.005227821182,3.00552879864574,0.459398313651895,25.8433912639603,25.8433912639603,3.97344009331832
167401.169633548,3,0,266.264051347866,53540.2096997794,445.301122801431,922.002278894964,1023.92357388349,1198.37359004164,69413.7307024717,-515696.594219378,71.7759397824746,0.0648536740793144,9.24666023254395,229.997955322266,229.997955322266,3.00793700229546,3.00823800347125,0.458541791223398,25.7813924254276,25.7813924254276,3.95848087736622
167401.349633548,3,0,265.71938402893,53620.3160691542,444.914246964649,923.745465929704,1025.32560722715,1199.87031023593,69485.2696773976,-515372.664049427,71.7988849193376,0.0641588010073991,9.24061012268066,229.997970581055,229.997970581055,3.01064475047057,3.01094577402643,0.457688982244763,25.7195596227153,25.7195596227153,3.9435384723376
167401.529633548,3,0,265.175730236288,53700.3526348207,444.526279320135,925.486945675812,1026.72685236359,1201.36590682203,69556.6638206407,-515048.149412595,71.8217160972154,0.0634714065326896,9.23457050323486,229.998001098633,229.998001098633,3.01335227120643,3.01365331606175,0.456837084085364,25.6578923190399,25.6578923190399,3.92914471738588
167401.849633548,3,0,264.211764860771,53842.4669891691,443.834013062046,928.578584113885,1029.21586612365,1204.02183532034,69683.236481137,-514469.843980073,71.8620051569723,0.0622678016781193,9.22386264801025,229.998062133789,229.998062133789,3.01816392668088,3.01846462501257,0.455242289733062,25.5486414857112,25.5486414857112,3.90430763138814
167402.029633548,3,0,263.671043051076,53922.3087032138,443.442965729812,930.314929675303,1030.61441256587,1205.51381971494,69754.21933003,-514143.784922948,71.8844477847416,0.0616008850954771,9.21785545349121,229.998077392578,229.998077392578,3.02086892055796,3.02116963624115,0.454504940073149,25.4873981746292,25.4873981746292,3.89082852504509
167402.209633548,3,0,263.1312002616,54002.0799371643,443.051046976126,932.05003052446,1032.01263375252,1207.00515391671,69825.0759394321,-513817.06788323,71.9068160797091,0.060941252233998,9.21185874938965,229.998107910156,229.998107910156,3.02357395199682,3.02387437095196,0.453668243980939,25.4263068276556,25.4263068276556,3.87746917284708
167402.389633547,3,0,262.592324683376,54081.7805233439,442.658116111666,933.783568393396,1033.41018669541,1208.49549547629,69895.7925881613,-513489.756740163,71.9290764547079,0.0602888397036191,9.20587158203125,229.998153686523,229.998153686523,3.02627798253625,3.02657872966506,0.452836181969253,25.3653762756906,25.3653762756906,3.8642288571932
167402.569633547,3,0,262.054438250165,54161.4102777144,442.264162976427,935.515459353297,1034.80697918785,1209.9847534283,69966.3679158109,-513161.858069898,71.9512199979072,0.0596434606566543,9.19989681243896,229.998168945313,229.998168945313,3.02898191485858,3.02928236200226,0.452009058781899,25.3045865669748,25.3045865669748,3.85105391616595
167402.749633547,3,0,261.517535188515,54240.9690186174,441.869199508276,937.245714904235,1036.20302240302,1211.47294021475,70036.8025921308,-512833.370184387,71.9732483922627,0.0590051223683384,9.19393253326416,229.998199462891,229.998199462891,3.0316848200593,3.03198527953386,0.451185625559682,25.2439601101897,25.2439601101897,3.83799343438227
167402.929633547,3,0,260.981610817969,54320.4565375894,441.473315793433,938.974311528626,1037.59832944467,1212.96006458326,70107.1026910221,-512504.297798706,71.9951755367173,0.0583737556490022,9.18797874450684,229.99821472168,229.99821472168,3.03438699868345,3.03468746928861,0.450364546997459,25.1834907951639,25.1834907951639,3.82526430620019
167403.249633547,3,0,260.031296960614,54461.5912974877,440.766833997661,942.043303639373,1040.07690889872,1215.60109849646,70231.7165343456,-511917.847299934,72.0338409637369,0.0572681189635186,9.17742252349854,229.998260498047,229.998260498047,3.03918937712124,3.03948947866531,0.448827269443979,25.076327195452,25.076327195452,3.8031905075592
167403.429633547,3,0,259.498199517596,54540.8800495209,440.367939333588,943.766996164454,1041.46968306848,1217.08481351937,70301.605772605,-511587.197013022,72.0553907660919,0.0566554742229677,9.17150020599365,229.998275756836,229.998275756836,3.04188925809243,3.04218936687369,0.44811410037485,25.0162743469129,25.0162743469129,3.79095480553862
167403.609633547,3,0,258.965951168052,54620.0969115528,439.968215508534,945.489496981705,1042.86216772427,1218.5679257543,70371.3700456307,-511255.880947529,72.0768710703035,0.0560494342096059,9.16558742523193,229.998321533203,229.998321533203,3.04458940039331,3.04488919861047,0.447306258580196,24.9563618221263,24.9563618221263,3.77882614506581
167403.789633547,3,0,258.434636998355,54699.2417209008,439.567528086236,947.210497633363,1044.25403042197,1220.05010337656,70440.9961445949,-510923.961931107,72.0982489346845,0.0554499652686882,9.1596851348877,229.998352050781,229.998352050781,3.04728843929629,3.04758824204556,0.446502858958485,24.8965861755346,24.8965861755346,3.76684871306341
167403.969633547,3,0,257.904277882797,54778.3143058732,439.165868279419,948.929916108173,1045.64518174783,1221.53125814265,70510.4828307403,-510591.446421862,72.1195158294332,0.0548569030224911,9.15379333496094,229.99836730957,229.99836730957,3.0499872852931,3.05028709148057,0.445704138188457,24.8369728417039,24.8369728417039,3.75497021458458
167404.149633547,3,0,257.374868383199,54857.3144927851,438.763245767576,950.647764874952,1047.03563309482,1223.01140279153,70579.8306319215,-510258.332536406,72.1406732081273,0.054270175448012,9.14791202545166,229.998397827148,229.998397827148,3.05268531960123,3.05298512805278,0.44490892070218,24.7775032996248,24.7775032996248,3.74319599340471
167404.329633546,3,0,256.84640399345,54936.242107639,438.359668431087,952.364051752243,1048.42539134117,1224.49054548662,70649.0399058866,-509924.619236701,72.1617222204372,0.0536897166914346,9.14204120635986,229.998413085938,229.998413085938,3.05538252935289,3.05568233889046,0.444117169872468,24.7181690997512,24.7181690997512,3.73153462026402
167404.649633546,3,0,255.909267057501,55076.3781512296,437.639786537898,955.411271605881,1050.89424863577,1227.11754968774,70771.7301647259,-509329.904550071,72.1988649418255,0.0526728382937801,9.13163089752197,229.998458862305,229.998458862305,3.06017636472031,3.06047578271597,0.442631404695204,24.6130537772171,24.6130537772171,3.71101338962983
167404.829633546,3,0,255.383532606605,55155.1032616385,437.233442263228,957.122807041092,1052.28163151951,1228.59346496532,70840.5414359745,-508994.594305029,72.2195696546571,0.0521091561186546,9.1257905960083,229.998474121094,229.998474121094,3.06287131925168,3.06317073442428,0.441942231749153,24.5541247191911,24.5541247191911,3.69957897489047
167405.009633546,3,0,254.858618623307,55233.7551506987,436.826323293707,958.833196380747,1053.6687594944,1230.06882218463,70909.2300065793,-508658.610815744,72.2402116127988,0.0515513050249483,9.11995887756348,229.998504638672,229.998504638672,3.0655661272847,3.06586585917698,0.44116132751992,24.4953513859272,24.4953513859272,3.68824726976981
167405.189633546,3,0,254.334607645883,55312.3336703143,436.418302268816,960.542136978012,1055.05530804676,1231.5432973352,70977.7831997937,-508322.016834882,72.2607588296007,0.0509992574609821,9.11413764953613,229.998519897461,229.998519897461,3.06826069253536,3.06856009888065,0.440384493253533,24.4367197677835,24.4367197677835,3.67697693045133
167405.369633546,3,0,253.811520079238,55390.8386567479,436.009371014849,962.249547630937,1056.44118911619,1233.01680337875,71046.1998278013,-507984.819040904,72.281202972661,0.0504528808373339,9.10832691192627,229.998550415039,229.998550415039,3.07095444790751,3.07125384811284,0.439611992559564,24.3782175905619,24.3782175905619,3.66578466105624
167405.549633546,3,0,253.289350847292,55469.2699458463,435.59953978316,963.955438751354,1057.82641262379,1234.48935143284,71114.4804684139,-507647.015769722,72.3015456086474,0.0499120597339151,9.10252666473389,229.998565673828,229.998565673828,3.07364761623894,3.0739466871101,0.438842661622484,24.3198733981571,24.3198733981571,3.65466150087915
167405.729633546,3,0,252.768095946846,55547.6273795402,435.188817052911,965.659816528904,1059.21098400728,1235.96094811116,71182.6255261609,-507308.606243623,72.3217878659547,0.0493766562103206,9.09673595428467,229.998580932617,229.998580932617,3.07633986355948,3.07663892548198,0.438076468306472,24.2616626737521,24.2616626737521,3.64358243126294
167406.049633546,3,0,251.843699919123,55686.746626646,434.456393223838,968.68598093927,1061.67072033773,1238.57466046697,71303.4314761353,-506705.526541239,72.3575167965265,0.0484379577317743,9.08646678924561,229.998611450195,229.998611450195,3.0811251160344,3.08142408738982,0.436638027537369,24.1585209826954,24.1585209826954,3.62403480681698
167406.229633545,3,0,251.325087437052,55764.8980426734,434.043088965636,970.385743513584,1063.05303622661,1240.04317550316,71371.1874555241,-506365.502004144,72.3774386059545,0.0479170922091419,9.0807056427002,229.998626708984,229.998626708984,3.08381536688274,3.08411432591522,0.435970582858536,24.1007100702138,24.1007100702138,3.61311792990477
167406.409633545,3,0,250.807269545969,55842.9749979406,433.6290685901,972.084392184209,1064.43512199332,1241.51116624905,71438.8233438641,-506024.798644945,72.3973050401776,0.0474012324085088,9.07495307922363,229.998657226563,229.998657226563,3.08650570663529,3.08680465232273,0.435213998375268,24.0430348603828,24.0430348603828,3.60222543171382
167406.589633545,3,0,250.290326403689,55920.9773512116,433.214210674684,973.781630705079,1065.81666096199,1242.97831648777,71506.3269209664,-505683.479044826,72.4170848733945,0.0468903081458567,9.06921005249023,229.998672485352,229.998672485352,3.08919539168635,3.08949432289771,0.434461104284319,23.9854925072931,23.9854925072931,3.59137643209569
167406.769633545,3,0,249.774278173718,55998.9049522289,432.798508772458,975.477379062033,1067.19756704789,1244.44454104213,71573.6971357062,-505341.550038919,72.4367701319558,0.0463841946115815,9.06347751617432,229.99870300293,229.99870300293,3.09188449542567,3.09218341101355,0.43371215279142,23.9281110089477,23.9281110089477,3.58057340325588
167406.949633545,3,0,249.259120242656,56076.7576481065,432.381973987227,977.171646123521,1068.5778491257,1245.90984983785,71640.934642024,-504999.010078117,72.4563625228064,0.0458827331769884,9.05775451660156,229.998718261719,229.998718261719,3.09457292106304,3.09487181988109,0.432966000866246,23.8708428934942,23.8708428934942,3.56980463310726
167407.129633545,3,0,248.744848982816,56154.5352931832,431.96461431061,978.864436216828,1069.95751091017,1247.37424772507,71708.0398096009,-504655.85873797,72.4758631329155,0.0453858192968104,9.05204105377197,229.998748779297,229.998748779297,3.09726065703141,3.09755953794153,0.432222632208144,23.8137374314872,23.8137374314872,3.55904046479618
167407.449633545,3,0,247.832800483848,56292.6208880622,431.220561219884,981.870089883991,1072.40859863295,1249.97526266579,71827.005514789,-504044.336638232,72.510295297893,0.0445132736107146,9.04191017150879,229.998764038086,229.998764038086,3.10203766731199,3.10233611364395,0.430826249966167,23.7125326966312,23.7125326966312,3.53999104868801
167407.629633545,3,0,247.321093683979,56370.1892719758,430.800772737428,983.558384237991,1073.78609732264,1251.43669726371,71893.7284432205,-503699.553752903,72.529494087435,0.0440283608282584,9.03622531890869,229.998779296875,229.998779296875,3.10472347662407,3.1050219012285,0.430178747621156,23.65579974723,23.65579974723,3.52915327739967
167407.809633545,3,0,246.810157851543,56447.68205969,430.38029687583,985.245589479217,1075.16338684558,1252.89763648519,71960.3319122138,-503354.084768178,72.5486461135594,0.0435474739416221,9.03054904937744,229.998809814453,229.998809814453,3.10740929199491,3.10770769386856,0.429443242054131,23.59920690728,23.59920690728,3.51820924931396
167407.989633545,3,0,246.300072111704,56525.0991511095,429.959128752841,986.931413086575,1076.54015498776,1254.35776855897,72026.8118684787,-503008.000776774,72.5677204264061,0.0430705994746707,9.02488231658936,229.998809814453,229.998809814453,3.11009415715186,3.11039253511666,0.428712651288875,23.5427512948151,23.5427512948151,3.50689632090053
167408.169633544,3,0,245.790855092404,56602.4403797088,429.537209383188,988.615758935157,1077.91632503838,1255.81701390967,72093.1636658269,-502661.303832943,72.5867190795734,0.0425975570814185,9.01922512054443,229.998825073242,229.998825073242,3.11277867919418,3.1130770321294,0.427983321280182,23.486437540426,23.486437540426,3.49549377571498
167408.349633544,3,0,245.28250439977,56679.7056123794,429.114549417231,990.298639822644,1079.29189469197,1257.27537342189,72159.3878431718,-502313.994527416,72.6056375076944,0.0421281865957439,9.01357841491699,229.99885559082,229.99885559082,3.11546251794622,3.11576084470557,0.427256858481024,23.4302458226942,23.4302458226942,3.4839903189394
167408.529633544,3,0,244.775017002907,56756.8947163916,428.691160722295,991.98005812301,1080.66686713338,1258.73285109399,72225.4850833435,-501966.072433346,72.6244773786883,0.0416627914967245,9.0079402923584,229.998870849609,229.998870849609,3.11814590784664,3.11844420734079,0.426532557897184,23.3742146685868,23.3742146685868,3.47240468027852
167408.849633544,3,0,243.874972079632,56893.9314190814,427.93663804135,994.965521649478,1083.1096707347,1261.32163003891,72342.6730318411,-501346.068112191,72.6577690992754,0.0408467212661476,8.9979419708252,229.998901367188,229.998901367188,3.12291454624532,3.12321272085509,0.425170373545919,23.2749279581412,23.2749279581412,3.45157713828291
167409.029633544,3,0,243.369984850192,56970.908354801,427.511148425523,996.642458467378,1084.482544387,1262.77622157516,72408.4073139532,-500996.517458687,72.6763533750166,0.0403939855766731,8.99233245849609,229.998916625977,229.998916625977,3.12559588462176,3.12589369712219,0.424537337951354,23.2192677554844,23.2192677554844,3.43973471694956
167409.209633544,3,0,242.865751076713,57047.808674374,427.085106364947,998.318299493088,1085.85521323361,1264.23032730344,72474.0302394402,-500646.284641322,72.6949044885134,0.0399457642490794,8.98673057556152,229.998931884766,229.998931884766,3.12827640076527,3.12857451307118,0.423818805120187,23.1637527716316,23.1637527716316,3.42776655541598
167409.389633544,3,0,242.362347879409,57124.6322652807,426.658402639858,999.992755149939,1087.22737052074,1265.68364071461,72539.5304761712,-500295.433326517,72.7133926040834,0.0395020862943148,8.98113822937012,229.998931884766,229.998931884766,3.13095716347205,3.13125491057528,0.423102777060816,23.1083745593477,23.1083745593477,3.4157252600518
167409.569633544,3,0,241.859795515662,57201.3790091819,426.231034564714,1001.66574271508,1088.5989294828,1267.13607562412,72604.9072522386,-499943.971280873,72.7318104196522,0.039062925515097,8.97555541992188,229.998962402344,229.998962402344,3.13363716632441,3.13393487906882,0.42238955520935,23.0531277872906,23.0531277872906,3.40355652397293
167409.749633544,3,0,241.358090699766,57278.0487885443,425.803015770091,1003.33726585705,1089.96989512808,1268.58763776348,72670.161401434,-499591.898060584,72.7501600510163,0.038628252182716,8.9699821472168,229.998977661133,229.998977661133,3.1363163145424,3.1366139917858,0.421677984368827,22.998015083429,22.998015083429,3.39127544986224
167409.929633544,3,0,240.857231202136,57354.6414881126,425.374357065688,1005.0073239524,1091.34026739545,1270.03832785593,72735.2935143643,-499239.214032447,72.76844292841,0.0381980204542386,8.96441745758057,229.998977661133,229.998977661133,3.13899493039661,3.1392925710475,0.420968034575862,22.9430546766275,22.9430546766275,3.37888374627482
167410.249633543,3,0,239.968926609157,57490.6156106736,424.61068560622,1007.97257948729,1093.77489635907,1272.6150580436,72850.7778444643,-498610.750493375,72.8007733037206,0.0374388871815484,8.95454978942871,229.9990234375,229.9990234375,3.14375519811936,3.14405269646559,0.419631492205034,22.8456727154922,22.8456727154922,3.35655968217421
167410.429633543,3,0,239.470518985777,57566.9935794752,424.18017529589,1009.63814211175,1095.14317420085,1274.06288272273,72915.5607994841,-498256.446181046,72.8188332507215,0.0370068568608547,8.94901275634766,229.9990234375,229.9990234375,3.1464317278175,3.14672918625586,0.419009834347987,22.7910842218879,22.7910842218879,3.3438374795094
167410.609633543,3,0,238.972851186033,57643.2940386422,423.749196048154,1011.30259464021,1096.51123771271,1275.51021785552,72980.2369533171,-497901.462624865,72.8368711143171,0.0365779737716091,8.94348430633545,229.999053955078,229.999053955078,3.14910810177181,3.14940551928321,0.418303718239889,22.736636927789,22.736636927789,3.33100560119224
167410.789633543,3,0,238.475999481886,57719.5168728745,423.317804428351,1012.96560711539,1097.87879062639,1276.95675997225,73044.8066625952,-497545.87570305,72.8548773562645,0.0361522907321213,8.93796443939209,229.999053955078,229.999053955078,3.15178368360122,3.15208105897418,0.417598848851819,22.6823292800941,22.6823292800941,3.3182266029744
167410.969633543,3,0,237.979985029262,57795.6619095632,422.885724389853,1014.62714497525,1099.24573272514,1278.40241858046,73109.2498824494,-497189.675128222,72.8728198420378,0.0357298491688501,8.93245410919189,229.999069213867,229.999069213867,3.15445875283683,3.15475608500843,0.416894309107183,22.6281630909343,22.6281630909343,3.30617142261024
167411.149633543,3,0,237.484807177724,57871.729109649,422.453004716732,1016.28723010918,1100.6120532886,1279.84718857338,73173.5697964289,-496832.865327733,72.8906862014713,0.0353107163948829,8.92695331573486,229.999099731445,229.999099731445,3.15713329950085,3.15743058737258,0.416195375171213,22.5741257597226,22.5741257597226,3.29411464025387
167411.329633543,3,0,236.990460693612,57947.7183318674,422.019813828619,1017.9458079075,1101.97777660834,1281.29108349021,73237.7782984786,-496475.454428795,72.9085104914935,0.0348949437176074,8.92146110534668,229.999099731445,229.999099731445,3.15980702152016,3.16010426390386,0.415494498603501,22.5202186896313,22.5202186896313,3.28242133647014
167411.649633543,3,0,236.113704247305,58082.6174306514,421.247959126449,1020.89071783457,1104.40408281287,1283.85570925943,73351.6083744948,-495838.578926274,72.9399976657729,0.0341641757217564,8.91172218322754,229.999114990234,229.999114990234,3.16455854129173,3.16485528614039,0.414179814104719,22.42472358257,22.42472358257,3.26229293181632
167411.829633543,3,0,235.621772203865,58158.3895024142,420.812865385044,1022.54485189387,1105.76766184387,1285.29672200848,73415.4603687266,-495479.542878931,72.9575822521601,0.0337579500817156,8.90625667572021,229.999130249023,229.999130249023,3.16722993638067,3.16752697112419,0.413568195103207,22.3711795161368,22.3711795161368,3.25113669228862
167412.009633542,3,0,235.130568091816,58234.0832031708,420.37730297357,1024.19788545563,1107.13100728426,1286.73723635086,73479.204304683,-495119.825774664,72.9751422329701,0.0333552093404288,8.90079975128174,229.999160766602,229.999160766602,3.16990143472448,3.17019841968616,0.412873610011661,22.3177866523915,22.3177866523915,3.24011537742803
167412.189633542,3,0,234.640166795078,58309.6984397094,419.941161670173,1025.84953551958,1108.49381765122,1288.17695161559,73542.8287579027,-494759.492198736,72.992646956771,0.0329560472114925,8.89535236358643,229.999160766602,229.999160766602,3.17257205710594,3.17286865098838,0.41218124734305,22.264517657979,22.264517657979,3.22919689250986
167412.369633542,3,0,234.150588141882,58385.2350937314,419.504473321865,1027.49970899806,1109.85600967479,1289.61578300653,73606.3354073528,-494398.552735433,73.0100948085199,0.0325604966590858,8.88991355895996,229.999176025391,229.999176025391,3.17524208386824,3.17553862518872,0.411490772405144,22.2113836196109,22.2113836196109,3.2184877610887
167412.549633542,3,0,233.661829805412,58460.6930614269,419.067159726294,1029.14843649772,1111.21757920821,1291.05373231233,73669.7185861315,-494037.00121201,73.0274727492487,0.0321685353003728,8.88448333740234,229.999176025391,229.999176025391,3.17791108249585,3.17820791125618,0.410802905346373,22.1583773994182,22.1583773994182,3.20798559046575
167412.729633542,3,0,233.173888895586,58536.0722414331,418.62925982369,1030.79571174066,1112.57853122577,1292.49080366866,73732.9809269136,-493674.839157501,73.0447868940919,0.031780251452717,8.87906265258789,229.999206542969,229.999206542969,3.18058001577308,3.18087679023777,0.410116356669849,22.1054984624401,22.1054984624401,3.19764837527992
167413.049633542,3,0,232.308480902142,58669.8848177741,417.849270224348,1033.72050849532,1114.99635666703,1295.04331264309,73845.1426707767,-493029.525441575,73.0753985528922,0.0310990500064924,8.86944961547852,229.999221801758,229.999221801758,3.1853225188827,3.18561877533754,0.408824208120774,22.0118051454057,22.0118051454057,3.17956233349555
167413.229633542,3,0,231.822910635869,58745.0445778766,417.409631607299,1035.36334868076,1116.35515742741,1296.47751458828,73908.0566812463,-492665.74225258,73.0924916675439,0.0307210182181656,8.86405467987061,229.999221801758,229.999221801758,3.187988595002,3.18828513629717,0.408223588650732,21.95928436745,21.95928436745,3.16954862283374
167413.409633542,3,0,231.338055228571,58820.1251485914,416.969541236104,1037.00509726759,1117.71371200158,1297.91121471862,73970.8626243095,-492301.27622679,73.1095604669834,0.0303467249892676,8.85866832733154,229.999252319336,229.999252319336,3.19065490995031,3.19095139256494,0.40754144164598,21.9068981416856,21.9068981416856,3.15968922108496
167413.589633542,3,0,230.853988233122,58895.1264398049,416.528891323381,1038.64547544692,1119.07172372589,1299.34411703041,74033.549243658,-491936.192394759,73.1265745021207,0.0299761916399251,8.85329151153564,229.999252319336,229.999252319336,3.19332026505555,3.1936163438394,0.406861535099541,21.8546312929996,21.8546312929996,3.14992127968072
167413.769633542,3,0,230.370729119008,58970.0483472088,416.087672340559,1040.28440480998,1120.429107645,1300.77613751842,74096.1152962686,-491570.498443326,73.143525294344,0.0296094558967422,8.84792232513428,229.999267578125,229.999267578125,3.19598494090937,3.19628130273343,0.406184232873209,21.802496779437,21.802496779437,3.14030900108638
167413.949633541,3,0,229.888274885506,59044.8907702994,415.645888655194,1041.92189139456,1121.7858675193,1302.20728107149,74158.5609895798,-491204.193281376,73.1604134181175,0.0292464897935276,8.84256267547607,229.999267578125,229.999267578125,3.19864884707863,3.19894514679965,0.405508522158,21.7504848403672,21.7504848403672,3.1308154704308
167414.129633541,3,0,229.40662336338,59119.6536086841,415.203543816603,1043.55793775288,1123.14200375772,1303.6375491712,74220.8864281329,-490837.276723059,73.1772392233066,0.0288873359457419,8.83721256256104,229.999282836914,229.999282836914,3.20131239779341,3.20160828880967,0.404834391066214,21.6986066345892,21.6986066345892,3.12141850138522
167414.449633541,3,0,228.552359676525,59252.3685024346,414.415718317424,1046.46280304721,1125.55125518717,1306.17797187315,74331.3843479906,-490183.508304082,73.2069868014916,0.0282582046228997,8.82772254943848,229.999313354492,229.999313354492,3.20604563667329,3.2063413346309,0.403565586453421,21.6066725547992,21.6066725547992,3.10502233694754
167414.629633541,3,0,228.073036043542,59326.909722019,413.971711415258,1048.09445244585,1126.90523034322,1307.6053842941,74393.3636228592,-489814.968360944,73.2235965506495,0.0279095901203209,8.82239723205566,229.999313354492,229.999313354492,3.20870630395381,3.20900228167292,0.402975848209424,21.5551408901939,21.5551408901939,3.09596372076505
167414.809633541,3,0,227.594414317817,59401.3709711125,413.527275465633,1049.72501827665,1128.25894899258,1309.03229290831,74455.2352883874,-489445.744018647,73.2401833872827,0.027564796084616,8.8170804977417,229.999328613281,229.999328613281,3.21136705694394,3.21166261967404,0.402305983892096,21.5037307082843,21.5037307082843,3.08699378275624
167414.989633541,3,0,227.116566815056,59475.7521623301,413.082307450029,1051.35422420145,1129.61211840281,1310.45840552302,74516.9884257825,-489075.900920806,73.256717375995,0.0272238124122723,8.81177234649658,229.999328613281,229.999328613281,3.21402705841348,3.21432255188906,0.401638278259423,21.4524423034153,21.4524423034153,3.07812470752031
167415.169633541,3,0,226.639512672821,59550.0531994508,412.636798161982,1052.98199330113,1130.96465532563,1311.88363981147,74578.6218245289,-488705.446744457,73.273190129066,0.0268866286324605,8.80647277832031,229.999328613281,229.999328613281,3.21668621883053,3.21698164190138,0.400973111478364,21.401284302781,21.401284302781,3.06936496458736
167415.349633541,3,0,226.163248967503,59624.2739851211,412.190752465866,1054.60833037631,1132.31656260879,1313.30799967843,74640.1357286267,-488334.380567641,73.2896022567699,0.0265532736037377,8.80118179321289,229.999359130859,229.999359130859,3.21934516827224,3.21964051985031,0.400309477632988,21.3502356200561,21.3502356200561,3.06070423068674
167415.529633541,3,0,225.687773620391,59698.4144238292,411.744174989763,1056.23323822478,1133.66784140501,1314.73148725185,74701.5303338673,-487962.702181029,73.3059543584019,0.0262236850978204,8.79589939117432,229.999359130859,229.999359130859,3.2220030426334,3.22229832155568,0.399647335983733,21.2993223568733,21.2993223568733,3.05213851552413
167415.84963354,3,0,224.844454150689,59830.0209633275,410.948898008179,1059.11832865808,1136.06844536599,1317.25986319346,74810.3758451535,-487300.466874707,73.3348652940649,0.0256471141545348,8.78653144836426,229.999374389648,229.999374389648,3.22672615077311,3.22702121982443,0.398400993111277,21.2091115860855,21.2091115860855,3.03713559755629
167416.02963354,3,0,224.37126537329,59903.9376935709,410.500744020566,1060.73887198076,1137.41755313089,1318.68050698243,74871.4272297735,-486927.163938599,73.351008000113,0.0253280093775522,8.78127479553223,229.999374389648,229.999374389648,3.22938146881826,3.22967646182694,0.397821691743631,21.1585322621983,21.1585322621983,3.02882984059519
167416.20963354,3,0,223.898766097934,59977.773726559,410.052147334261,1062.35835157573,1138.7663928875,1320.10064530714,74932.3689390237,-486553.172418682,73.3671231574567,0.0250126586533586,8.77602481842041,229.999404907227,229.999404907227,3.23203687823243,3.23233214545914,0.397164252096118,21.1080704239373,21.1080704239373,3.02045541449112
167416.38963354,3,0,223.427026819776,60051.529032625,409.602923195761,1063.97652358038,1140.11467267394,1321.51999145085,74993.1842482017,-486178.552009977,73.3831664881473,0.0247010387295972,8.77078437805176,229.999404907227,229.999404907227,3.23469116186328,3.23498635145962,0.396510742266206,21.057720738048,21.057720738048,3.01154979308478
167416.56963354,3,0,222.956064503789,60125.2034997004,409.153367654896,1065.59322143756,1141.46233370153,1322.9384711184,75053.8937355896,-485803.330297844,73.3991815230701,0.0243931415420267,8.76555252075195,229.999420166016,229.999420166016,3.23734495270615,3.23764006349257,0.395855496570613,21.0075135171276,21.0075135171276,3.00237146918215
167416.74963354,3,0,222.485879746763,60198.7970187382,408.703343036537,1067.20848244558,1142.80935970475,1324.35607640841,75114.4873812021,-485427.499797184,73.4151447806811,0.0240889419990655,8.760329246521,229.999420166016,229.999420166016,3.2399978109212,3.24029284174089,0.395202590452882,20.9574200408493,20.9574200408493,2.99311345059867
167416.92963354,3,0,222.016470811968,60272.3095079144,408.252859067615,1068.82230479281,1144.15574875826,1325.77280608293,75174.9657668009,-485051.060500661,73.431057342915,0.0237884197942412,8.75511455535889,229.999420166016,229.999420166016,3.242649940942,3.24294489066364,0.39455076535943,20.9074553938202,20.9074553938202,2.98375558947439
167417.24963354,3,0,221.183905491389,60402.7980472347,407.450831864063,1071.68765932515,1146.54764019635,1328.28916021308,75282.1935405858,-484380.37233644,73.4592128838175,0.023263118045968,8.74586582183838,229.999450683594,229.999450683594,3.24736363665664,3.24765800664575,0.393322408998347,20.8189218067619,20.8189218067619,2.96693807019918
167417.42963354,3,0,220.716748840972,60476.0850033662,406.998999364464,1073.29708071282,1147.89183501908,1329.70303576536,75342.3418132417,-484002.322678875,73.474946505399,0.022972661511435,8.7406759262085,229.999450683594,229.999450683594,3.25001298174003,3.25030762137588,0.392750876776412,20.7692933712169,20.7692933712169,2.95737733976275
167417.60963354,3,0,220.2502723451,60549.2906189361,406.546850962531,1074.9054003609,1149.23574631818,1331.11639217901,75402.3883269203,-483623.593030473,73.4906715951753,0.0226857660960319,8.73549365997314,229.999465942383,229.999465942383,3.25266248397613,3.25295703815035,0.392100960215589,20.7197800400866,20.7197800400866,2.94772720812111
167417.789633539,3,0,219.784546847615,60622.4148290579,406.094294241995,1076.51234274023,1150.57908507358,1332.52894070535,75462.3228853827,-483244.251349736,73.5063591252272,0.0224024317065255,8.73031997680664,229.999465942383,229.999465942383,3.25531099374625,3.25560546130388,0.391452432363563,20.6703942081975,20.6703942081975,2.93800185859064
167417.969633539,3,0,219.319591750947,60695.4575591401,405.641325061632,1078.11782698757,1151.92176645668,1333.94059707457,75522.1446299264,-482864.306610233,73.5220015041447,0.0221226099992103,8.72515487670898,229.999465942383,229.999465942383,3.25795871645559,3.25825309626857,0.390805673256536,20.6211310182141,20.6211310182141,2.9281601022871
167418.149633539,3,0,218.855405043438,60768.4187375413,405.187954446364,1079.72185358248,1153.26379131458,1335.35136275454,75581.854245828,-482483.758995312,73.5376003370552,0.0218462556414933,8.71999835968018,229.999481201172,229.999481201172,3.26060621481329,3.26090014918883,0.390159618300808,20.5719840350154,20.5719840350154,2.91822604839779
167418.329633539,3,0,218.391985598562,60841.2982894047,404.734189474021,1081.3244197069,1154.60515635188,1336.76123515724,75641.4520898102,-482102.609483572,73.5531565066013,0.021573373813105,8.71485042572021,229.999481201172,229.999481201172,3.26325233346283,3.26354617732249,0.389514248004527,20.5229620593897,20.5229620593897,2.90820282125622
167418.649633539,3,0,217.570049121008,60970.6601811058,403.926492977305,1084.16969970149,1156.98805067624,1339.26534572755,75747.1232564009,-481423.566889623,73.580697882074,0.0210966355573106,8.70571899414063,229.99951171875,229.99951171875,3.2679549525258,3.26824891115461,0.388297110631693,20.4361020199029,20.4361020199029,2.89013941946312
167418.829633539,3,0,217.108860526308,61043.312616245,403.471563341249,1085.76779224675,1158.32714672984,1340.67230352872,75806.4008535653,-481040.829919866,73.5960966920744,0.0208331350341749,8.70059585571289,229.99951171875,229.99951171875,3.27059841630825,3.2708922815758,0.387730446568286,20.3874153243931,20.3874153243931,2.87984596384614
167419.009633539,3,0,216.648346262405,61115.8831607259,403.0163806457,1087.36475284227,1159.66592726312,1342.07871525161,75865.5800599693,-480657.420238304,73.6114947026909,0.0205729393473555,8.69547939300537,229.99951171875,229.99951171875,3.27324175082213,3.27353552172929,0.387085676711341,20.3388519617872,20.3388519617872,2.86945521659482
167419.189633539,3,0,216.188576951862,61188.3717632515,402.56085446678,1088.96030477646,1161.00410268769,1343.48429155131,75924.6507777481,-480273.407457499,73.626862805458,0.020316030299819,8.69037246704102,229.999526977539,229.999526977539,3.2758840879206,3.27617776329307,0.386441926892985,20.2904130726336,20.2904130726336,2.85896518777314
167419.369633539,3,0,215.729572245211,61260.7783588582,402.104980494834,1090.55436622739,1162.34158715102,1344.88894713971,75983.6121338392,-479888.800982509,73.6421932575441,0.0200623319949534,8.68527317047119,229.999526977539,229.999526977539,3.27852570130292,3.27881928003411,0.385799598574193,20.2420860893429,20.2420860893429,2.84834649343324
167419.549633539,3,0,215.271330576713,61333.1028878303,401.648768409746,1092.14693597177,1163.67837946766,1346.29268146372,76042.4647064218,-479503.601518141,73.6574874261399,0.019811844659061,8.68018245697021,229.999526977539,229.999526977539,3.28116643891704,3.28145991988027,0.385157664690322,20.1938794867868,20.1938794867868,2.83763834194401
167419.729633538,3,0,214.813851178586,61405.3452886763,401.192225940156,1093.73801010984,1165.01447532087,1347.6954908783,76101.208909355,-479117.810240581,73.672746209527,0.0195644977459871,8.67510032653809,229.999557495117,229.999557495117,3.28380672622683,3.28410010832401,0.384516069995504,20.145801292936,20.145801292936,2.82682577777168
167420.049633538,3,0,214.002463630996,61533.5732561919,400.379828949505,1096.56275520708,1167.38790785921,1350.18696085377,76205.3764966925,-478430.548728354,73.6997833161328,0.0191323843396603,8.66608715057373,229.999557495117,229.999557495117,3.28849745622064,3.28879057917203,0.383305131630803,20.0606136862672,20.0606136862672,2.80739081408379
167420.229633538,3,0,213.547202892405,61605.5871208041,399.922391751029,1098.14920722584,1168.7216299509,1351.58675798355,76263.8164177567,-478043.208976003,73.7149274570231,0.0188935402447676,8.66102886199951,229.999557495117,229.999557495117,3.29113479215507,3.29142781283384,0.382737724752099,20.0128760024509,20.0128760024509,2.79702242743823
167420.409633538,3,0,213.09261643432,61677.518610392,399.464695356649,1099.73451756429,1170.05497424618,1352.98595872502,76322.156238156,-477655.205259583,73.7300524033668,0.0186576583378849,8.65597915649414,229.999572753906,229.999572753906,3.29377142147381,3.29406433880406,0.38209745576065,19.9652521472365,19.9652521472365,2.78674865093965
167420.589633538,3,0,212.638770969984,61749.3676120919,399.006782139354,1101.31833732871,1171.38767871219,1354.38428731155,76380.3955131547,-477266.613883943,73.7451788048138,0.0184247259398455,8.6509370803833,229.999572753906,229.999572753906,3.29640725994196,3.29670007274863,0.38145348323185,19.917749163958,19.917749163958,2.77714282377491
167420.769633538,3,0,212.185689133887,61821.1341129805,398.54841152646,1102.90067823903,1172.71962890745,1355.78164710419,76438.516298354,-476877.431458034,73.7602376858542,0.0181946476512704,8.64590358734131,229.999572753906,229.999572753906,3.29904178966034,3.29933486072329,0.380815592854261,19.8703637250161,19.8703637250161,2.76775773684163
167420.949633538,3,0,211.73336628916,61892.8180607742,398.089701184266,1104.48150884113,1174.050843253,1357.17805014903,76496.5270736621,-476487.662268578,73.7752559345921,0.0179674189318968,8.64087867736816,229.999603271484,229.999603271484,3.30167616571496,3.30196913055693,0.380177046375157,19.8230864808212,19.8230864808212,2.75851744718913
167421.129633538,3,0,211.281801443386,61964.4193960107,397.630651651931,1106.06082733033,1175.38131728378,1358.57349291823,76554.4276985483,-476097.307879841,73.790233279648,0.0177429697470011,8.63586235046387,229.999603271484,229.999603271484,3.30430913854376,3.30460199596913,0.379539169759595,19.7759351272771,19.7759351272771,2.74938418074809
167421.449633538,3,0,210.480917449489,62091.5064843554,396.813673712734,1108.86465559183,1177.74464779883,1361.05178327773,76657.0839292529,-475401.942642539,73.8167454043142,0.017350634813376,8.62696552276611,229.999603271484,229.999603271484,3.30898768470658,3.30928026702073,0.378336505667196,19.6923896716175,19.6923896716175,2.73349278492798
167421.629633537,3,0,210.031557198418,62162.8779975271,396.353577676788,1110.43936659151,1179.07262657581,1362.44412446291,76714.666252887,-475010.048176748,73.8315628644896,0.0171336263237537,8.62197399139404,229.999618530273,229.999618530273,3.31161792087352,3.3119100260819,0.37777692636733,19.6455530449691,19.6455530449691,2.72473901425252
167421.809633537,3,0,209.582862929769,62234.1666600391,395.893252674789,1112.01290461338,1180.40020916657,1363.83585358138,76772.1497487585,-474617.492752075,73.8463769525526,0.0169192034896989,8.61698913574219,229.999618530273,229.999618530273,3.31424773865215,3.31453973152126,0.377140294183816,19.5988281404124,19.5988281404124,2.71610187884501
167421.989633537,3,0,209.13490424016,62305.3724216193,395.432604292242,1113.58499459616,1181.72710614032,1365.22668176496,76829.5239402475,-474224.348344951,73.8611569636945,0.0167073202681943,8.61201286315918,229.999618530273,229.999618530273,3.31687632234593,3.31716820168985,0.376505006001574,19.5522230781275,19.5522230781275,2.70759672900134
167422.169633537,3,0,208.68770016992,62376.4952245975,394.971623703866,1115.15555879356,1183.05323395303,1366.61652629315,76886.7876518853,-473830.623850833,73.875894167809,0.0164970935500596,8.6070442199707,229.999618530273,229.999618530273,3.31950388118194,3.31979601367634,0.375871515827296,19.5057285887703,19.5057285887703,2.69918381069785
167422.349633537,3,0,208.241248754332,62447.5350068511,394.510313148361,1116.72459955177,1184.37859269392,1368.00538816745,76943.9409511277,-473436.319171751,73.8905888291392,0.0162868736661148,8.60208511352539,229.999633789063,229.999633789063,3.32213040463669,3.32242242177297,0.375238812246795,19.4593473149452,19.4593473149452,2.69092610311605
167422.529633537,3,0,207.795548786401,62518.4917115506,394.048674882377,1118.29211693415,1185.70317987019,1369.39326582728,77000.9838832113,-473041.434710489,73.9052408310235,0.0160766310780711,8.59713363647461,229.999633789063,229.999633789063,3.32475647156627,3.3250483722546,0.374606937096465,19.4130885478582,19.4130885478582,2.68274297680949
167422.849633537,3,0,207.005073369179,62644.4316483812,393.227126895333,1121.07494351186,1188.05597479979,1371.85805479307,77102.1150835489,-472338.029675253,73.9311710758597,0.0157029946149575,8.58835220336914,229.999633789063,229.999633789063,3.32942211259592,3.32971372117699,0.373415829861878,19.3311202635922,19.3311202635922,2.66853716662747
167423.029633537,3,0,206.561557044547,62715.1572520153,392.764480165827,1122.63783132813,1189.37799139011,1373.24277545463,77158.8395926143,-471941.620588429,73.9456594842255,0.0154929384268421,8.58342552185059,229.999633789063,229.999633789063,3.33204463109346,3.33233611975804,0.372861801711778,19.2851565770274,19.2851565770274,2.66069044242539
167423.209633537,3,0,206.118700120867,62785.7995477394,392.301616363599,1124.19953741183,1190.69958364791,1374.62686291861,77215.4651628837,-471544.554458851,73.9601436031431,0.0152830172507767,8.57850551605225,229.999664306641,229.999664306641,3.33466724755777,3.33495861530201,0.37223146088107,19.2393229474364,19.2393229474364,2.65296237231884
167423.389633536,3,0,205.676571487323,62856.358490478,391.838443780058,1125.75978799031,1192.02046415298,1376.01003028443,77271.9814967244,-471146.904094601,73.9745927957974,0.0150732847222553,8.57359409332275,229.999664306641,229.999664306641,3.33728832760452,3.33757957321064,0.371602533882538,19.1935962485122,19.1935962485122,2.64530908911225
167423.569633536,3,0,205.235189966317,62926.834021166,391.374953863865,1127.31850569901,1193.34055002433,1377.39219545135,77328.387433165,-470748.678699929,73.9889983583621,0.0148637615745105,8.56869029998779,229.999664306641,229.999664306641,3.3399086744101,3.34019979676889,0.370975475500715,19.1479696680196,19.1479696680196,2.63779846127915
167423.749633536,3,0,204.794553492547,62997.2260851561,390.911149188045,1128.87569386129,1194.65984236903,1378.77336040983,77384.6830826044,-470349.877860712,74.0033606122142,0.0146544846310944,8.56379508972168,229.999664306641,229.999664306641,3.34252753450802,3.34281890463267,0.321065759716621,19.1024591615358,19.1024591615358,2.63037536978781
167423.929633536,3,0,204.400173116821,63067.5292243424,390.386961219593,1130.25355259529,1195.79312278115,1379.96811718183,77434.202536537,-469997.839910942,73.997521703125,0.0144441716444686,8.55948638916016,229.99967956543,229.99967956543,3.34494829691903,3.34521117356224,0.321065759716621,19.0574637719943,19.0574637719943,2.62344571887878
167424.249633536,3,0,203.637883219545,63192.2854433324,389.556283108259,1132.94532573235,1198.06198073072,1382.34605417271,77533.2625769287,-469289.993214054,74.0147253667272,0.0140661036352851,8.55086040496826,229.99967956543,229.99967956543,3.34952183331087,3.34984596617623,0.321156788704734,18.9771489269597,18.9771489269597,2.61082911984065
167424.429633536,3,0,203.228394058069,63262.3464182784,389.042466799371,1134.38568353846,1199.26257590884,1383.60764399963,77583.692963859,-468928.027136652,74.0162268341895,0.0138607265578139,8.54646682739258,229.99967956543,229.99967956543,3.35201281126563,3.35227622914143,0.321156788704734,18.9322887896193,18.9322887896193,2.6039853646783
167424.609633536,3,0,202.847074319933,63332.3120207242,388.512932922648,1135.71696488963,1200.35037674099,1384.75613348751,77632.2824408422,-468577.984215246,74.0054023460866,0.0136488832933481,8.54222965240479,229.999710083008,229.999710083008,3.35438354442553,3.35464712489888,0.321156788704734,18.8877539884907,18.8877539884907,2.59745643430675
167424.789633536,3,0,202.465754581796,63402.1823468291,387.983864273664,1137.04938612525,1201.44013028741,1385.90638977594,77680.8308071583,-468226.9716687,73.9947447197484,0.0134369575180456,8.53799343109131,229.999710083008,229.999710083008,3.35675529573167,3.3570186640926,0.427108861417003,18.8433105492709,18.8433105492709,2.59101989103631
167424.969633536,3,0,201.972612399442,63471.9718799946,387.599054466655,1138.82164107056,1202.98830889714,1387.51534396785,77745.4024698358,-467758.545957342,74.0341132980843,0.0132292780828197,8.53235816955566,229.999710083008,229.999710083008,3.35961743551441,3.35994264945601,0.321247049828227,18.7979732346905,18.7979732346905,2.58343079528442
167425.149633536,3,0,201.563253710666,63541.6807924449,387.087448309206,1140.26651954101,1204.19674149773,1388.78399578745,77795.7329641569,-467392.23674767,74.0364975960267,0.013026889502168,8.5279655456543,229.999710083008,229.999710083008,3.36211593372701,3.36237974222494,0.321247049828227,18.7535050647764,18.7535050647764,2.57646145532101
167425.329633535,3,0,201.181826821636,63611.2947897909,386.560385923281,1141.60292796771,1205.29309219457,1389.94026453186,77844.2429471783,-467037.882028933,74.0266046367572,0.0128177500242532,8.52372741699219,229.999710083008,229.999710083008,3.36449349808957,3.36475747024316,0.321247049828227,18.7093500550211,18.7093500550211,2.5697174353917
167425.649633535,3,0,200.50373457447,63734.8189560722,385.624541747052,1143.98158429229,1207.2469632402,1392.0002029385,77930.3834224205,-466405.487682929,74.0094410815216,0.0124466846304533,8.51619243621826,229.999725341797,229.999725341797,3.36872398463733,3.36898862579543,0.321247049828227,18.6310622023127,18.6310622023127,2.55758467447626
167425.829633535,3,0,200.122307685439,63804.1698173796,385.098788411617,1145.32116313065,1208.34871536587,1393.16136327124,77978.7823090003,-466048.393757738,74.0000280568094,0.0122391817342229,8.51195430755615,229.999725341797,229.999725341797,3.37110565986002,3.37137046601977,0.321247049828227,18.5871456361529,18.5871456361529,2.55054770278899
167426.009633535,3,0,199.740880796408,63873.4261257092,384.573567074828,1146.66186736361,1209.45241184775,1394.3242826015,78027.1457672981,-465690.311995363,73.9908004260661,0.0120325698053217,8.50771617889404,229.999725341797,229.999725341797,3.37348882042423,3.3737537918887,0.427649517555726,18.5433174842062,18.5433174842062,2.54331063838966
167426.189633535,3,0,199.247156095268,63942.6022624661,384.191522186258,1148.44641210157,1211.01811185929,1395.94946947315,78091.5344801523,-465211.985346686,74.0322232197127,0.011830009373018,8.50207424163818,229.999755859375,229.999755859375,3.3763692977015,3.3766966462442,0.321337694645583,18.4986121179868,18.4986121179868,2.53469620434589
167426.369633535,3,0,198.837571038116,64011.6984185994,383.683733544174,1149.90056572142,1212.24137287568,1397.23167040789,78141.6889665491,-464838.242757787,74.0362276111562,0.0116323416126412,8.49767971038818,229.999755859375,229.999755859375,3.37888069094821,3.37914610963111,0.321337694645583,18.4547586371785,18.4547586371785,2.52638931976128
167426.549633535,3,0,198.456036515393,64080.7003990194,383.160660858727,1151.24524051849,1213.35164594165,1398.40058682305,78190.0274681681,-464476.746936451,74.0278159676452,0.0114287992766053,8.49344062805176,229.999755859375,229.999755859375,3.38126974583032,3.3815353311142,0.321337694645583,18.4112222569945,18.4112222569945,2.51812001064953
167426.729633535,3,0,198.07450199267,64149.6083133679,382.638131590951,1152.59104084731,1214.46385743307,1399.57125805161,78238.3320151885,-464114.249460168,74.0195965538491,0.0112254922416077,8.48920059204102,229.999755859375,229.999755859375,3.38366068109253,3.3839264333584,0.321337694645583,18.367776473933,18.367776473933,2.50965228526201
167427.049633535,3,0,197.396218396718,64271.8793155599,381.710554339072,1154.98634967291,1216.44590401091,1401.65678032023,78324.1248881731,-463467.327561057,74.0054656603427,0.0108663497171167,8.48166465759277,229.999771118164,229.999771118164,3.38791441145402,3.3881804613055,0.321337694645583,18.2907527654519,18.2907527654519,2.49416038207786
167427.229633534,3,0,197.014683873995,64340.5264565172,381.189573142386,1156.33526867378,1217.56349229962,1402.83231931019,78372.3385399022,-463102.033272205,73.9977920393855,0.0106656469293732,8.47742557525635,229.999771118164,229.999771118164,3.39030915014738,3.39057536785381,0.433976236663213,18.2475465599276,18.2475465599276,2.4851848375479
167427.409633534,3,0,196.514269961678,64409.0948511936,380.81870819639,1158.15614680672,1219.17181065582,1404.49885232911,78437.4799815164,-462606.999288364,74.0442500796469,0.0104688375928686,8.47169971466064,229.999771118164,229.999771118164,3.39323482782365,3.39356740343775,0.321417736245815,18.2034658442726,18.2034658442726,2.47502107641101
167427.589633534,3,0,196.102941663173,64477.5846968003,380.316068395024,1159.62550436181,1220.41611112295,1405.80082212587,78487.5987975971,-462224.933005058,74.0507231017597,0.010276785011081,8.46729469299316,229.999771118164,229.999771118164,3.39576623804517,3.39603291548088,0.321417736245815,18.1602241798986,18.1602241798986,2.46540763646291
167427.769633534,3,0,195.72131208967,64545.9811633723,379.797448364197,1160.97831732333,1221.54021930412,1406.98230310323,78535.8077515177,-461856.149373798,74.0439368757889,0.0100794151933952,8.46305465698242,229.999771118164,229.999771118164,3.3981670115277,3.39843385816631,0.321417736245815,18.1173314103715,18.1173314103715,2.4558843597171
167427.949633534,3,0,195.339682516168,64614.2843420341,379.27961765144,1162.33220226674,1222.6662626853,1408.16553033673,78584.0014820419,-461486.357625257,74.0373891798612,0.0098824923123698,8.45881366729736,229.999801635742,229.999801635742,3.40057014364133,3.40083715981547,0.321417736245815,18.0745429827289,18.0745429827289,2.44645641755555
167428.129633534,3,0,194.958052942665,64682.4942659802,378.762251542358,1163.68721855408,1223.79422978925,1409.35050226864,78632.156834583,-461115.531258542,74.0310416685132,0.00968664305150431,8.45457363128662,229.999801635742,229.999801635742,3.40297396820876,3.40324115422499,0.321417736245815,18.0318226136494,18.0318226136494,2.43777520668402
167428.449633534,3,0,194.27960036755,64803.5266078174,377.843929858216,1166.09892941274,1225.80425012727,1411.46142367039,78717.6929909399,-460453.740140209,74.0202563554453,0.009341178458788,8.44703578948975,229.999801635742,229.999801635742,3.40725121422511,3.40751870304426,0.321417736245815,17.9561110222798,17.9561110222798,2.42239154434542
167428.629633534,3,0,193.897970794047,64871.4782209124,377.328146376663,1167.45706784433,1226.93755588875,1412.65123594219,78765.7633522507,-460080.042948134,74.0144861530134,0.00914841517762518,8.44279479980469,229.999801635742,229.999801635742,3.40965968164561,3.40992734131841,0.321417736245815,17.9136436914848,17.9136436914848,2.41407641442138
167428.809633534,3,0,193.516341220545,64939.3370147772,376.81305503543,1168.81630832593,1228.07278424408,1413.84278873714,78813.8121726968,-459705.314438829,74.0089416450483,0.00895683005403517,8.43855476379395,229.999816894531,229.999816894531,3.41206952920319,3.41233735997931,0.321417736245815,17.871266077254,17.871266077254,2.40610940340325
167428.989633534,3,0,193.134711647043,65007.1030872017,376.298426416713,1170.1767034317,1229.20992495834,1415.0360805974,78861.8231179272,-459329.534883897,74.0035883216004,0.00876641860510894,8.4343147277832,229.999816894531,229.999816894531,3.41448069189705,3.41474869416375,0.321417736245815,17.8289733768176,17.8289733768176,2.39851543051109
167429.169633533,3,0,192.75308207354,65074.7765648501,375.784357153101,1171.53822744874,1230.34898004358,1416.2311099571,78909.8032417671,-458952.707913182,73.9984447714969,0.00857722508214792,8.43007373809814,229.999816894531,229.999816894531,3.41689378586118,3.41716196000733,0.427108762753755,17.7867678637614,17.7867678637614,2.3910764998875
167429.349633533,3,0,192.259905572322,65142.3713251578,375.408765445524,1173.34595158441,1231.95120408895,1417.88952172982,78973.5813104865,-458450.276219531,74.044838137371,0.00839143172761033,8.42443943023682,229.999816894531,229.999816894531,3.4198113175546,3.42014248048603,0.321507774982684,17.7437740534886,17.7437740534886,2.38291728905975
167429.529633533,3,0,191.850306115061,65209.8875516503,374.911726868937,1174.82151719966,1233.2100664759,1419.20407778404,79023.341594599,-458057.060693268,74.0532118518991,0.00820967921901054,8.42004299163818,229.999816894531,229.999816894531,3.4223543681085,3.42262300329722,0.321507774982684,17.7015533258071,17.7015533258071,2.3756552284119
167429.849633533,3,0,191.17166347862,65329.6888059701,374.002259748205,1177.2498597228,1235.24791258322,1421.34032823732,79108.606265518,-457379.983882097,74.0458361176022,0.00788096830920996,8.41250228881836,229.99983215332,229.99983215332,3.42665623262059,3.42692517601388,0.321507774982684,17.6271203389712,17.6271203389712,2.3637006566706
167430.029633533,3,0,190.789926995622,65396.9491833759,373.491446576247,1178.61737939139,1236.3968485794,1422.54437526178,79156.5249044426,-456997.647929727,74.0419838975728,0.00769765664173104,8.4082612991333,229.99983215332,229.99983215332,3.42907780681811,3.42934692401151,0.321507774982684,17.5853665045738,17.5853665045738,2.35721441054302
167430.209633533,3,0,190.408190512623,65464.1176501758,372.981180942755,1179.98603550859,1237.54768867714,1423.75015325925,79204.4128626176,-456614.241637589,74.0383464142656,0.00751569646547757,8.40401935577393,229.99983215332,229.99983215332,3.43150133642178,3.43177062781171,0.321507774982684,17.5436923487586,17.5436923487586,2.35088804929178
167430.389633533,3,0,190.026454029625,65531.1943035588,372.471459859013,1181.3558293118,1238.70043084954,1424.9576608531,79252.2700602948,-456229.761286532,74.0349241102793,0.00733512659501322,8.39977836608887,229.99983215332,229.99983215332,3.43392604623761,3.43419551211145,0.321507774982684,17.5021195695477,17.5021195695477,2.34471985929803
167430.569633533,3,0,189.644717546627,65598.1792428732,371.962282254348,1182.72676148549,1239.85507329662,1426.16689678854,79300.0965557762,-455844.203327707,74.0317179116129,0.00715596586414175,8.39553642272949,229.99983215332,229.99983215332,3.43635271860902,3.43662235936507,0.321507774982684,17.4606215225951,17.4606215225951,2.33871297495327
167430.749633533,3,0,189.262981063629,65665.0725653126,371.453646544351,1184.09883358756,1241.01161478818,1427.37786042457,79347.8923832093,-455457.563850124,74.0287286167182,0.0069782374488295,8.39129543304443,229.999862670898,229.999862670898,3.43878103273513,3.439050848707,0.321507774982684,17.4192030617353,17.4192030617353,2.33287112682966
167430.929633533,3,0,188.881244580631,65731.874368859,370.945551446535,1185.4720456959,1242.17005284964,1428.5905498359,79395.6575767803,-455069.839414906,74.0259570514831,0.00680198486079908,8.38705348968506,229.999862670898,229.999862670898,3.44121086063344,3.4414808521823,0.321507774982684,17.3778832564905,17.3778832564905,2.32717120723014
167431.249633532,3,0,188.20260194419,65850.4074600014,370.043600382415,1187.9161299712,1244.23417592882,1430.75069987371,79480.4978651835,-454377.860893927,74.0215697503381,0.00649235710065919,8.37951278686523,229.999862670898,229.999862670898,3.44553424628701,3.44580455079471,0.321507774982684,17.3046237631523,17.3046237631523,2.31744988772228
167431.429633532,3,0,187.820865461192,65916.955554291,369.536998673608,1189.29251430611,1245.39787354002,1431.96817747077,79528.1781092492,-453987.102946834,74.0194072192301,0.00632033380216974,8.37527179718018,229.999862670898,229.999862670898,3.44796808492888,3.44823856593036,0.321507774982684,17.2635380315171,17.2635380315171,2.31216509206427
167431.609633532,3,0,187.439128978194,65983.4125343472,369.030772300869,1190.67008473545,1246.56345513872,1433.18737693956,79575.8163709377,-453595.2343772,74.0174352445648,0.00614987022739534,8.3710298538208,229.999862670898,229.999862670898,3.45040390720441,3.45067456518631,0.321507774982684,17.2225172304635,17.2225172304635,2.30667629610973
167431.789633532,3,0,187.057392495196,66049.7785156437,368.525232243285,1192.04875952649,1247.73093084886,1434.40829625329,79623.4351109839,-453202.274008029,74.0157134768834,0.00598101359950703,8.36678886413574,229.999877929688,229.999877929688,3.45284116001853,3.45311199522194,0.321507774982684,17.1816044405218,17.1816044405218,2.30083482670506
167431.969633532,3,0,186.675656012198,66116.0535681735,368.020211040696,1193.4285840768,1248.90029341534,1435.63093540229,79671.0224737547,-452808.205839097,74.0142117377034,0.00581377247119437,8.36254692077637,229.999877929688,229.999877929688,3.45528017476806,3.4555511876104,0.321507774982684,17.1407588568632,17.1407588568632,2.29489674407832
167432.149633532,3,0,186.2939195292,66182.237820738,367.515708338217,1194.80955748858,1250.07153962996,1436.85529172442,79718.5785491648,-452413.026662553,74.0129309161219,0.00564819796638594,8.35830497741699,229.999877929688,229.999877929688,3.45772039628082,3.45799198164706,0.321507774982684,17.1000141891849,17.1000141891849,2.28863341511056
167432.329633532,3,0,185.912183046202,66248.3313608842,367.011849049407,1196.19164792517,1251.24467305279,1438.08136427416,79766.1124730052,-452016.741480486,74.0118959784267,0.0054843219694895,8.35406398773193,229.999877929688,229.999877929688,3.46016261621736,3.46043398536747,0.321507774982684,17.0593462188039,17.0593462188039,2.28216506690888
167432.649633532,3,0,185.23354040976,66365.6073018191,366.117539700591,1198.65149672581,1253.33489320417,1440.26528362869,79850.5523702753,-451309.481539522,74.0106392899514,0.00519723749017362,8.34652328491211,229.999877929688,229.999877929688,3.4645080918065,3.46477977887303,0.321507774982684,16.9872719885936,16.9872719885936,2.27045010215904
167432.829633532,3,0,184.851803926762,66431.4493803399,365.615309890277,1200.03673367496,1254.51325371991,1441.49611718419,79898.0142323492,-450910.093622759,74.0102642473453,0.00503820314095968,8.34228229522705,229.999908447266,229.999908447266,3.466954848452,3.46722671486567,0.321507774982684,16.9468421200084,16.9468421200084,2.26373835091857
167433.009633531,3,0,184.470067443764,66497.2011337306,365.113676191248,1201.42310159319,1255.69349282266,1442.72866213404,79945.4511276081,-450509.582361107,74.010130927648,0.00488097752800874,8.33804035186768,229.999908447266,229.999908447266,3.46940315785047,3.46967520397758,0.321507774982684,16.9065099115278,16.9065099115278,2.25694240162576
167433.189633531,3,0,184.088330960766,66562.8626689574,364.612642984726,1202.81059891543,1256.8756079661,1443.96291627145,79992.8635159066,-450107.944587545,74.0102413314455,0.00472557360591074,8.3337984085083,229.999908447266,229.999908447266,3.47185268986409,3.47212531335278,0.321507774982684,16.8662547735761,16.8662547735761,2.25005844627975
167433.369633531,3,0,183.706594477768,66628.4340966041,364.112215993449,1204.19922533526,1258.05959825236,1445.19887899495,80040.2519757008,-449705.176788271,74.0105978803361,0.00457202332435154,8.32955741882324,229.999908447266,229.999908447266,3.47430424190855,3.47457664852751,0.321507774982684,16.8261021577981,16.8261021577981,2.24308503268008
167433.549633531,3,0,183.32485799477,66693.9155260416,363.61240065918,1205.5889790645,1259.24546128773,1446.43654820221,80087.6170520521,-449301.275748532,74.0112028713936,0.0044203941795428,8.32531547546387,229.999908447266,229.999908447266,3.47675702229928,3.47703000799143,0.321507774982684,16.7860261465518,16.7860261465518,2.2360029525877
167433.729633531,3,0,182.943121511772,66759.3070675944,363.113200869274,1206.97986003437,1260.43319595028,1447.67592312994,80134.9591929453,-448896.237841785,74.0120584571329,0.00427066341809597,8.32107448577881,229.999908447266,229.999908447266,3.4792118303948,3.47948459899435,0.321507774982684,16.7460340473454,16.7460340473454,2.22884292799152
167434.049633531,3,0,182.264478875331,66875.3370991804,362.227272805255,1209.45531571463,1262.54933858376,1449.88346196646,80219.0681764113,-448173.353365778,74.0142054828455,0.00400935956208784,8.31353378295898,229.999908447266,229.999908447266,3.48357974676178,3.48385283840726,0.321507774982684,16.6751600315572,16.6751600315572,2.21588251843795
167434.229633531,3,0,181.882742392333,66940.4795416398,361.729812712524,1210.84932194921,1263.74226261702,1451.1275670248,80266.3496099607,-447765.139886921,74.0157695036643,0.00386514708266571,8.30929279327393,229.999923706055,229.999923706055,3.48603893121576,3.48631220508552,0.321507774982684,16.6354140314776,16.6354140314776,2.20845031477274
167434.409633531,3,0,181.501005909335,67005.5325222166,361.232988662243,1212.24445072567,1264.93705088474,1452.37337158203,80313.6101989776,-447355.776910674,74.0175929786139,0.00372299070039894,8.30505084991455,229.999923706055,229.999923706055,3.48849992696611,3.4887733834707,0.321507774982684,16.5957564814065,16.5957564814065,2.20093143188994
167434.589633531,3,0,181.119269426337,67070.4961573296,360.73680660585,1213.64070144944,1266.13370216708,1453.62087472121,80360.8505502109,-446945.260825275,74.0196784346981,0.00358292313679978,8.30080890655518,229.999923706055,229.999923706055,3.49096216792744,3.49123620850958,0.321507774982684,16.5561875285443,16.5561875285443,2.19330887018604
167434.769633531,3,0,180.737532943338,67135.3705617784,360.241270942208,1215.03807366711,1267.33221494199,1454.87007528235,80408.071152488,-446533.588139709,74.0220281056837,0.00344496200527002,8.29656791687012,229.999923706055,229.999923706055,3.49342645917923,3.49370028206282,0.321507774982684,16.5167158211201,16.5167158211201,2.1856050192605
167434.94963353,3,0,180.35579646034,67200.155854078,359.746388138545,1216.4365661507,1268.53258760988,1456.12097193443,80455.2726493693,-446120.755345885,74.024644697149,0.00330913829647084,8.29232597351074,229.999923706055,229.999923706055,3.49589240364838,3.49616641033115,0.321507774982684,16.4773230814271,16.4773230814271,2.1777856237643
167435.12963353,3,0,179.974059977342,67264.852152497,359.252162883319,1217.83617809229,1269.73481825175,1457.37356312482,80502.4555547833,-445706.758908259,74.0275304235855,0.00317550236079288,8.28808498382568,229.999923706055,229.999923706055,3.49835960232888,3.49863379314309,0.321507774982684,16.4380186826771,16.4380186826771,2.16986726319524
167435.44963353,3,0,179.295417340901,67379.6484272239,358.375183214711,1220.32713761718,1271.87669970552,1459.6045716652,80586.2923250581,-444967.881406075,74.0333334920566,0.00294339679376539,8.28054428100586,229.999923706055,229.999923706055,3.50275032556213,3.50302484476667,0.321507774982684,16.3683713079746,16.3683713079746,2.15553826831511
167435.62963353,3,0,178.913680857903,67444.0981472414,357.882815915148,1221.72985380945,1273.08408302672,1460.86186311356,80633.4267994058,-444550.634367947,74.0369806649342,0.00281598403210504,8.27630233764648,229.999954223633,229.999954223633,3.50522260774611,3.50549771614961,0.321507774982684,16.3293169909804,16.3293169909804,2.1473597213924
167435.80963353,3,0,178.531944374905,67508.4593288024,357.391127475348,1223.13368573095,1274.29331784674,1462.12084380063,80680.5449071884,-444132.21036737,74.0409065872245,0.00269088758494717,8.27206134796143,229.999954223633,229.999954223633,3.50769649868749,3.5079713888319,0.321507774982684,16.2903535230807,16.2903535230807,2.13906844953088
167435.98963353,3,0,178.150207891907,67572.7320947315,356.900124229231,1224.53863238304,1275.50440281182,1463.38151273238,80727.6472934638,-443712.605868529,74.0451141538479,0.00256812463552192,8.26781940460205,229.999954223633,229.999954223633,3.51017206334109,3.51044713957188,0.321507774982684,16.2514750431157,16.2514750431157,2.13068597034184
167436.16963353,3,0,177.768471408909,67636.9165629661,356.409889352225,1225.94468355771,1276.71733794801,1464.64386877301,80774.7401342008,-443291.822766886,74.0496135774173,0.00244773653824132,8.26357841491699,229.999954223633,229.999954223633,3.51264889994666,3.51292416256742,0.321507774982684,16.2126828645885,16.2126828645885,2.12225418716501
167436.34963353,3,0,177.386734925911,67701.0127737593,355.920401299422,1227.35181561157,1277.9321242556,1465.90790990107,80821.8220997058,-442869.855648269,74.0544251086056,0.00232977072518312,8.25933647155762,229.999954223633,229.999954223633,3.51512782148518,3.51540327089648,0.321507774982684,16.1740039989723,16.1740039989723,2.11455117047857
167436.52963353,3,0,177.004998442913,67765.0209111016,355.431482194629,1228.7601021182,1279.1487495719,1467.17363551571,80868.8805770742,-442446.687534137,74.0594927522637,0.00221424483699984,8.25509548187256,229.999954223633,229.999954223633,3.51760802086421,3.51788365749278,0.321507774982684,16.1353966988161,16.1353966988161,2.1069858082982
167436.849633529,3,0,176.326355806472,67878.5960701876,354.564040943663,1231.26646680567,1281.31618974927,1469.4279689006,80952.5073822149,-441691.435491358,74.0692243209388,0.0020150187309636,8.24755477905273,229.999954223633,229.999954223633,3.52202192950558,3.52229789995802,0.321507774982684,16.0669824641739,16.0669824641739,2.09387817378978
167437.029633529,3,0,175.944619323474,67942.36018089,354.077005161651,1232.67786201274,1282.53792864455,1470.69836637404,80999.5234107823,-441264.93177004,74.0750911651076,0.00190647228585142,8.24331283569336,229.999954223633,229.999954223633,3.52450723181584,3.52478339064686,0.321507774982684,16.0286151125991,16.0286151125991,2.08685594892418
167437.209633529,3,0,175.562882840475,68006.0366787874,353.590637514739,1234.09037985514,1283.76150467731,1471.97044334546,81046.5238130399,-440837.218789453,74.0812466461739,0.00180050663112502,8.2390718460083,229.999954223633,229.999954223633,3.52699382388216,3.52727017143231,0.321507774982684,15.9903385605429,15.9903385605429,2.079962794289
167437.389633529,3,0,175.181146357477,68069.625685737,353.104937809486,1235.50402107073,1284.98691609849,1473.24419861703,81093.5087741412,-440408.292313859,74.0876922132175,0.00169715813094815,8.23482990264893,229.999969482422,229.999969482422,3.52948275944629,3.5297592962013,0.321507774982684,15.9521539062362,15.9521539062362,2.07316185636163
167437.569633529,3,0,174.799409874479,68133.1273214205,352.619905862188,1236.91878590488,1286.21416085301,1474.51963065899,81140.4784716164,-439978.148363646,74.094429423116,0.00159647324161744,8.23058891296387,229.999969482422,229.999969482422,3.53197275706147,3.53224948334085,0.321507774982684,15.9140614531584,15.9140614531584,2.06647919801498
167437.749633529,3,0,174.417673391481,68196.5417068504,352.135540921475,1238.33467573036,1287.4432378286,1475.79673891207,81187.4330597084,-439546.782471535,74.1014598017962,0.00149847840391451,8.22634696960449,229.999969482422,229.999969482422,3.53446487229466,3.53474178857465,0.321507774982684,15.8760431508545,15.8760431508545,2.0599039128111
167437.929633529,3,0,174.035936908483,68259.8689613944,351.651844196012,1239.75168994806,1288.6741443744,1477.07552121408,81234.372816595,-439114.19075939,74.1087850393398,0.00140321106899895,8.22210597991943,229.999969482422,229.999969482422,3.53695828986818,3.53723539648758,0.321507774982684,15.8381211609709,15.8381211609709,2.05343936581069
167438.249633529,3,0,173.357294272042,68372.2359846983,350.793587536249,1242.27360477736,1290.86693487467,1479.35304183606,81317.7851867023,-438342.098927929,74.1225405716294,0.00124069191499313,8.21456527709961,229.999969482422,229.999969482422,3.54139577214715,3.54167321823277,0.321507774982684,15.7709262003862,15.7709262003862,2.04219071661976
167438.429633529,3,0,172.975557789044,68435.3218416101,350.311746286253,1243.69374613533,1292.10291519171,1480.63646868012,81364.6847645316,-437906.079806393,74.1306933344791,0.00115320074731887,8.21032333374023,229.999969482422,229.999969482422,3.54389437551738,3.54417201313473,0.321507774982684,15.7332441354597,15.7332441354597,2.0360136457167
167438.609633529,3,0,172.593821306046,68498.3210220146,349.830572836741,1245.11501378809,1293.34071822543,1481.92156470872,81411.5702451841,-437468.818937258,74.1391470211277,0.00106858026148168,8.20608234405518,229.999969482422,229.999969482422,3.54639429319927,3.54667212270408,0.321507774982684,15.6956453224379,15.6956453224379,2.02994189701835
167438.789633528,3,0,172.212084823048,68561.2336472699,349.35006785778,1246.53740849809,1294.58034265941,1483.20832910158,81458.4418884243,-437030.311958296,74.1479034769185,0.000986865932495897,8.2018404006958,229.999969482422,229.999969482422,3.54889635264621,3.54917437450134,0.321507774982684,15.6581422876925,15.6581422876925,2.02396913238587
167438.969633528,3,0,171.83034834005,68624.0598369284,348.870230897873,1247.96093083318,1295.82178669525,1484.49676059193,81505.2998703852,-436590.554537985,74.156964305361,0.000908108491125459,8.19759941101074,229.999969482422,229.999969482422,3.55139973279258,3.55167794736112,0.321507774982684,15.6207153310945,15.6207153310945,2.01809710507085
167439.149633528,3,0,171.448611857052,68686.7997122075,348.39106231262,1249.38558069872,1297.06504798529,1485.78685734608,81552.1444162128,-436149.542613132,74.1663311469574,0.000832325758146761,8.19335746765137,229.999969482422,229.999969482422,3.5539052631287,3.55418367087575,0.321507774982684,15.5833900694138,15.5833900694138,2.01233862733342
167439.329633528,3,0,171.066875374053,68749.4533936783,347.912562013805,1250.81135854899,1298.31012477074,1487.07861811563,81598.9757311303,-435707.27181984,74.1760057371919,0.000759564682063662,8.18911552429199,229.999969482422,229.999969482422,3.55641212060629,3.55669113608763,0.321507774982684,15.5461352554701,15.5461352554701,2.00666671984514
167439.649633528,3,0,170.388232737612,68860.6252645097,347.063546504684,1253.34886139804,1300.52807210572,1489.37918674355,81682.1995070325,-434917.890905711,74.1939704494886,0.000637464027979954,8.18157577514648,229.999969482422,229.999969482422,3.56087357194094,3.56115251838159,0.321507774982684,15.4801398644819,15.4801398644819,1.99682754798013
167439.829633528,3,0,170.006496254614,68923.0401484682,346.586904481147,1254.77777456308,1301.77818248583,1490.67556298686,81728.9953196661,-434472.100623069,74.2045091712499,0.000572927151720891,8.17733383178711,229.999984741211,229.999984741211,3.56338593564552,3.56366507685823,0.321507774982684,15.4431310424704,15.4431310424704,1.99144017214454
167440.009633528,3,0,169.624759771616,68985.3692935443,346.11093134366,1256.20781665068,1303.03010097602,1491.97359786397,81775.7787425868,-434025.035248248,74.2153622530195,0.000511654445874715,8.17309284210205,229.999984741211,229.999984741211,3.56589940248754,3.56617873879994,0.321507774982684,15.4062106295619,15.4062106295619,1.98614106951934
167440.189633528,3,0,169.243023288618,69047.6128202082,345.635627436237,1257.6389887399,1304.28382649315,1493.27329063038,81822.5500213243,-433576.690281576,74.2265315716961,0.000453671298063293,8.16885089874268,229.999984741211,229.999984741211,3.56841504404591,3.5686945759544,0.321507774982684,15.3693732750651,15.3693732750651,1.98094595445129
167440.369633528,3,0,168.86128680562,69109.7708486872,345.160993585296,1259.07128972312,1305.53935583955,1494.57463866198,81869.309422131,-433127.061640705,74.2380188797342,0.000399014731258432,8.16460990905762,229.999984741211,229.999984741211,3.57093203149583,3.57121175934477,0.321507774982684,15.332626542911,15.332626542911,1.97581857328567
167440.549633527,3,0,168.479550322622,69171.8434994749,344.687029755893,1260.50472043754,1306.79668770464,1495.87764110763,81916.0571640076,-432676.14485676,74.2498260741568,0.000347703689654629,8.16036796569824,229.999984741211,229.999984741211,3.57345120224816,3.57373112651929,0.321507774982684,15.2959670148352,15.2959670148352,1.97079207278839
167440.729633527,3,0,168.097813839624,69233.8308944312,344.213736103587,1261.93928156755,1308.05582052997,1497.18229695682,81962.793482869,-432223.935393985,74.2619549732831,0.000299790586087958,8.15612602233887,229.999984741211,229.999984741211,3.57597172543204,3.5762522646557,0.321507774982684,15.2593850196932,15.2593850196932,1.96583935404629
167441.049633527,3,0,167.419171203183,69343.8205721035,343.37398077213,1264.49240137122,1310.29871696604,1499.50576028284,82045.8527868039,-431416.802640997,74.2843174510215,0.00022307263560482,8.14858627319336,229.999984741211,229.999984741211,3.58045754863471,3.58073802066099,0.321507774982684,15.1945727907911,15.1945727907911,1.95726780185705
167441.229633527,3,0,167.037434720185,69405.5717766648,342.902550539232,1265.93010042163,1311.56283934841,1500.81499826715,82092.5586360693,-430960.980050387,74.2973496878091,0.000184739706350547,8.14434432983398,229.999984741211,229.999984741211,3.58298342724045,3.58326409729196,0.321507774982684,15.1582362223806,15.1582362223806,1.95257820497286
167441.409633527,3,0,166.655698237187,69467.2381811826,342.431791529688,1267.36892912111,1312.82875396789,1502.12588274792,82139.2539582206,-430503.848567668,74.3107106975646,0.000149916272508392,8.14010334014893,229.999984741211,229.999984741211,3.58551067074548,3.58579153918852,0.321507774982684,15.1219837996257,15.1219837996257,1.94796285030479
167441.589633527,3,0,166.273961754188,69528.8199058078,341.961704355918,1268.80888707742,1314.09645833748,1503.43841172234,82185.9390261725,-430045.403685387,74.3244023713435,0.000118640974871787,8.13586139678955,229.999984741211,229.999984741211,3.58804012255794,3.58832118986942,0.321507774982684,15.0858077328551,15.0858077328551,1.9434454325265
167441.769633527,3,0,165.89222527119,69590.3170723836,341.492288984519,1270.24997515927,1315.36595116307,1504.75258439353,82232.6140677489,-429585.640835097,74.3384266782688,9.09411721146888E-05,8.13161945343018,229.999984741211,229.999984741211,3.59057094590853,3.59085263360331,0.321507774982684,15.049731147419,15.049731147419,1.93899653041905
167441.949633527,3,0,165.510488788192,69651.7298584736,341.023386909253,1271.6922290329,1316.63722399577,1506.06839821559,82279.2678302281,-429124.544323103,74.3527525616023,6.68526527101042E-05,8.12737846374512,229.999984741211,229.999984741211,3.5931039868099,3.59338545320202,0.321507774982684,15.0137183533507,15.0137183533507,1.93412396834609
167442.129633527,3,0,165.128752305194,69713.058368505,340.555315642105,1273.13557636272,1317.91028572317,1507.38585179886,82325.9234883244,-428662.132592879,74.3674471360042,4.64081243774858E-05,8.12313652038574,229.999984741211,229.999984741211,3.59563840644548,3.59592049513854,0.321507774982684,14.977809090311,14.977809090311,1.92899504401885
167442.449633527,3,0,164.450109668753,69821.8790753856,339.724916374963,1275.70429894986,1320.17790430398,1509.73203346071,82408.8489041956,-427836.782775873,74.3944213219591,1.91638783445884E-05,8.11559677124023,229.999984741211,229.999984741211,3.60014901376869,3.60043103722807,0.321507774982684,14.9141814886776,14.9141814886776,1.91976751154754
167442.629633526,3,0,164.068373185755,69882.9741011743,339.258719309184,1277.15077317692,1321.45590965874,1511.05403241352,82455.4797635557,-427370.662727786,74.4100694137045,9.01505638757943E-06,8.11135482788086,229.999984741211,229.999984741211,3.60268887696084,3.60297110185274,0.321507774982684,14.8785030735634,14.8785030735634,1.91434826046079
167442.809633526,3,0,163.686636702757,69943.9853294183,338.79330617904,1278.59836800632,1322.73569138617,1512.37766454778,82502.1100442121,-426903.206995254,74.426069170322,2.63495115919438E-06,8.10711288452148,229.999984741211,229.999984741211,3.60523013176274,3.60551298259448,0.321507774982684,14.8429136242507,14.8429136242507,1.9086678014963
167442.989633526,3,0,163.304900219759,70004.9128745743,338.328618296682,1280.04707205381,1324.01724916193,1513.70292833731,82548.7357559279,-426434.406782152,74.4424332734114,5.89293120886431E-08,8.10287189483643,229.999984741211,229.999984741211,3.60777362964231,3.60805625863847,0.321507774982684,14.8074093283549,14.8074093283549,1.9028781911327
167443.169633526,3,0,162.923163736761,70065.7681687608,337.864675132562,1281.49687609067,1325.30056721305,1515.02981183453,82595.3702962507,-425964.255756797,74.4591622864386,0,8.09862995147705,229.999984741211,229.999984741211,3.61031863249061,3.61060190458516,0.321507774982684,14.7719942944708,14.7719942944708,1.89699295410226
167443.349633526,3,0,162.541427253763,70126.5414528858,337.401470742366,1282.94779021308,1326.58565236045,1516.35832052893,82642.0032163124,-425492.751681355,74.4762561268913,0,8.09438896179199,229.999984741211,229.999984741211,3.61286591808219,3.61314896821423,0.321507774982684,14.7366718469819,14.7366718469819,1.89101299557862
167443.529633526,3,0,162.159690770765,70187.2314477505,336.939009281107,1284.39981810333,1327.87250648065,1517.68845596112,82688.6336170748,-425019.89039382,74.4937167558023,0,8.09014701843262,229.999984741211,229.999984741211,3.61541503545764,3.61569828925479,0.321507774982684,14.7014344495051,14.7014344495051,1.88493801758479
167443.849633526,3,0,161.481048134324,70294.9195406184,336.118708012631,1286.98395027092,1330.16461180611,1520.05715564471,82771.528036856,-424175.883066489,74.5256742342139,0,8.08260631561279,229.999984741211,229.999984741211,3.6199506709734,3.62023471504004,0.321507774982684,14.6390002781144,14.6390002781144,1.87385830826018
167444.029633526,3,0,161.099311651325,70355.3788866996,335.658341639605,1288.43906993062,1331.45637390296,1521.39180561919,82818.1551453831,-423699.228295316,74.5441719766184,0,8.07836532592773,229.999984741211,229.999984741211,3.62250489735411,3.62278871919913,0.321507774982684,14.6040051996356,14.6040051996356,1.86749852740014
167444.209633526,3,0,160.717575168327,70415.7554569349,335.198741256087,1289.89530147673,1332.74990041005,1522.7280789583,82864.7824414854,-423221.199532556,74.5630497693532,0,8.07412338256836,229.999984741211,229.999984741211,3.6250605429128,3.6253449983119,0.321507774982684,14.5690928783293,14.5690928783293,1.8610282199101
167444.389633525,3,0,160.335838685329,70476.0493896699,334.739912422994,1291.35264364687,1334.04518924599,1524.06597390705,82911.4106069878,-422741.792344768,74.5823110295737,0,8.0698823928833,229.999984741211,229.999984741211,3.62761846760888,3.62790270065793,0.321507774982684,14.5342780174961,14.5342780174961,1.85447296129327
167444.569633525,3,0,159.954102202331,70536.26082581,334.281861674038,1292.81109629072,1335.3422395858,1525.40548995335,82958.0404028068,-422261.002233477,74.6019594545683,0,8.06564044952393,229.999984741211,229.999984741211,3.63017824800533,3.63046268738472,0.321507774982684,14.4995396311362,14.4995396311362,1.84781040555246
167444.749633525,3,0,159.572365719333,70596.3899057179,333.824594462529,1294.27065891823,1336.64104999415,1526.74662600753,83004.6725183255,-421778.82452481,74.6219984941598,0,8.06139945983887,229.999984741211,229.999984741211,3.63273945857999,3.63302410470364,0.321507774982684,14.46489302025,14.46489302025,1.84102990884142
167444.929633525,3,0,159.190629236335,70656.4367696495,333.368117209264,1295.73133136983,1337.94161969489,1528.08938155583,83051.3077187773,-421295.254525009,74.6424319665406,0,8.05715751647949,229.999984741211,229.999984741211,3.63530296249344,3.63558781588711,0.321507774982684,14.4303426683092,14.4303426683092,1.83416669812795
167445.249633525,3,0,158.511986599894,70762.9841933069,332.558571684171,1298.33081896528,1340.25808143477,1530.48049629653,83134.224634778,-420432.123386596,74.6797433305289,0,8.04961681365967,229.999984741211,229.999984741211,3.63986424806111,3.64014990227989,0.321507774982684,14.3691266841987,14.3691266841987,1.82174611743361
167445.429633525,3,0,158.130250116896,70822.8034354649,332.104320399391,1299.79456902244,1341.56352866586,1531.82774293433,83180.8722342107,-419944.662733244,74.7012915257304,0,8.04537582397461,229.999984741211,229.999984741211,3.64243295170211,3.64271838325585,0.321507774982684,14.3348125767536,14.3348125767536,1.8146078755954
167445.609633525,3,0,157.748513633898,70882.5410057098,331.650882081994,1301.25942621643,1342.87072952775,1533.17660467788,83227.5257230765,-419455.792605507,74.7232481183369,0,8.04113388061523,229.999984741211,229.999984741211,3.64500353565264,3.64528917627816,0.321507774982684,14.3005925504953,14.3005925504953,1.80738140947743
167445.789633525,3,0,157.3667771509,70942.1970532124,331.198262695943,1302.72538972348,1344.17968236232,1534.52708024554,83274.1858416583,-418965.508425625,74.7456168397258,0,8.03689289093018,229.999984741211,229.999984741211,3.64757557146635,3.64786142158204,0.321507774982684,14.266460297576,14.266460297576,1.80005969081202
167445.969633525,3,0,156.985040667902,71001.7717254771,330.746468561614,1304.19245921228,1345.49038607807,1535.87916883512,83320.8533664898,-418473.805494864,74.7684015738678,0,8.0326509475708,229.999984741211,229.999984741211,3.65014992854947,3.65043598871379,0.321507774982684,14.2324083866957,14.2324083866957,1.79263849602522
167446.149633525,3,0,156.603304184903,71061.2651529256,330.295662376489,1305.66060817326,1346.80284312362,1537.23286949472,83367.5404580403,-417980.690363887,74.7916318327823,0,8.02840995788574,229.999984741211,229.999984741211,3.65272574504013,3.65301201559106,0.321507774982684,14.1984648104562,14.1984648104562,1.7852995323738
167446.329633524,3,0,156.221567701905,71120.6774349755,329.845548635738,1307.1298763923,1348.11704553277,1538.5881805376,83414.2259615472,-417486.136757041,74.8152711541571,0,8.02416801452637,229.999984741211,229.999984741211,3.65530389185228,3.65559037339298,0.321507774982684,14.1646002102075,14.1646002102075,1.77850603481855
167446.649633524,3,0,155.542925065464,71226.0994526054,329.047492267921,1309.74463620313,1350.45771713141,1541.00159670137,83497.2511927091,-416603.393507753,74.8583541013554,0,8.01662731170654,229.999984741211,229.999984741211,3.65989128539602,3.66017857849366,0.321507774982684,14.1046145507378,14.1046145507378,1.7669525027907
167446.829633524,3,0,155.161188582466,71285.2871821173,328.599659264689,1311.21699394398,1351.77676385682,1542.36137632058,83543.959940239,-416104.84235435,74.8831670795159,0,8.01238632202148,229.999984741211,229.999984741211,3.66247472480849,3.66276179482572,0.321507774982684,14.0709913096763,14.0709913096763,1.76087507284309
167447.009633524,3,0,154.779452099468,71344.3943625502,328.152632299136,1312.69046651493,1353.0975522001,1543.72276334445,83590.6765776922,-415604.840913353,74.908406996568,0,8.00814437866211,229.999984741211,229.999984741211,3.66506007830215,3.66534736114931,0.321507774982684,14.0374600060329,14.0374600060329,1.75492826161136
167447.189633524,3,0,154.39771561647,71403.4211403222,327.706411852688,1314.16505387699,1354.42007996551,1545.0857560736,83637.401459528,-415103.384167155,74.9340765262799,0,8.00390338897705,229.999984741211,229.999984741211,3.66764691330916,3.66793440941493,0.321507774982684,14.0040136830489,14.0040136830489,1.74912030377572
167447.369633524,3,0,154.015979133472,71462.3676598028,327.26099781911,1315.64075690578,1355.74434570073,1546.45035357502,83684.13490899,-414600.46680327,74.9601782889474,0,7.99966144561768,229.999984741211,229.999984741211,3.67023610765214,3.67052381755874,0.321507774982684,13.9706514153244,13.9706514153244,1.74344236674064
167447.549633524,3,0,153.634242650474,71521.234067196,326.816389756465,1317.11757624291,1357.07034773067,1547.81655469045,83730.8772266123,-414096.083478407,74.986714908572,0,7.99541997909546,229.999984741211,229.999984741211,3.67282679124351,3.67311493445111,0.321507774982684,13.9373806211007,13.9373806211007,1.7378602552333
167447.729633524,3,0,153.252506167476,71580.0205066034,326.372587439814,1318.59551279635,1358.39808464125,1549.18435852359,83777.6287345291,-413590.228776507,75.0136890489525,0,7.99117851257324,229.999984741211,229.999984741211,3.67541984409002,3.67570798302698,0.321507774982684,13.9041976803554,13.9041976803554,1.73241189166436
167448.049633524,3,0,152.573863531035,71684.3327307324,325.585594581942,1321.22571793803,1360.76278614883,1551.61996538734,83860.7662548571,-412687.281350288,75.0627319008183,0,7.98363828659058,229.999984741211,229.999984741211,3.68003403533008,3.6803225572718,0.321507774982684,13.845406266281,13.845406266281,1.72303752233793
167448.229633523,3,0,152.192127048037,71742.8977975965,325.144029872077,1322.70676224932,1362.09533459654,1552.9922163178,83907.5450333218,-412177.31118299,75.0909356842494,0,7.9793963432312,229.999984741211,229.999984741211,3.68263225677409,3.68292121493555,0.321507774982684,13.8124644304759,13.8124644304759,1.71793349114307
167448.409633523,3,0,151.810390565039,71801.3834447626,324.703270397259,1324.18892687518,1363.42961241942,1554.36606638739,83954.3342624526,-411665.849059369,75.1195873431166,0,7.97515487670898,229.999984741211,229.999984741211,3.68523242622782,3.68552160128588,0.321507774982684,13.7795961887908,13.7795961887908,1.7129487555132
167448.589633523,3,0,151.42865408204,71859.7898159806,324.263315975127,1325.67221281163,1364.76561831295,1555.7415148033,84001.134275133,-411152.889578568,75.1486896576427,0,7.97091341018677,229.999984741211,229.999984741211,3.68783454813199,3.68812394059769,0.321507774982684,13.7468311976276,13.7468311976276,1.70810818561959
167448.769633523,3,0,151.046917599042,71918.1170578988,323.824166700232,1327.15662090179,1366.10335097394,1557.11856075393,84047.9454345475,-410638.427134719,75.1782455657906,0,7.96667194366455,229.999984741211,229.999984741211,3.69043884789316,3.69072823737417,0.321507774982684,13.7141354380531,13.7141354380531,1.7033702807321
167448.949633523,3,0,150.665181116044,71976.3653143644,323.385822082515,1328.64215153238,1367.44280845535,1558.49720286957,84094.7680563936,-410122.456250428,75.2082577933442,0,7.96243047714233,229.999984741211,229.999984741211,3.69304488848642,3.69333449609819,0.321507774982684,13.6815304354359,13.6815304354359,1.69874107546077
167449.129633523,3,0,150.283444633046,72034.5347295348,322.948282771503,1330.12880554265,1368.78398949935,1559.87744028974,84141.6025410487,-409604.971523508,75.2387293604783,0,7.95818901062012,229.999984741211,229.999984741211,3.69565289502654,3.69594272126645,0.321507774982684,13.6490161380461,13.6490161380461,1.69424610502376
167449.449633523,3,0,149.604801996605,72137.7528060022,322.172420899789,1332.77452255622,1371.17256254721,1562.33513178377,84224.8940839311,-408681.2429407,75.2940439282218,0,7.95064830780029,229.999984741211,229.999984741211,3.70029414537891,3.70058458345818,0.321507774982684,13.5914212167569,13.5914212167569,1.68653176213665
167449.629633523,3,0,149.223065513607,72195.703979998,321.73711593672,1334.26430129447,1372.51852347943,1563.71979547232,84271.7632415743,-408159.523332582,75.3258064464468,0,7.94640684127808,229.999984741211,229.999984741211,3.70290763652747,3.70319829490282,0.321507774982684,13.5591356504234,13.5591356504234,1.68235120601514
167449.809633523,3,0,148.841329030609,72253.5768600951,321.30261522358,1335.75520678388,1373.8662028763,1565.10605123477,84318.6455708239,-407636.268424418,75.3580393891051,0,7.94216537475586,229.999984741211,229.999984741211,3.70552311072223,3.70581398990494,0.321507774982684,13.5269459749267,13.5269459749267,1.67827447762724
167449.989633523,3,0,148.459592547611,72311.3715908403,320.868918412677,1337.24723908085,1375.21559854849,1566.49389739089,84365.5414090866,-407111.472734102,75.3907456470789,0,7.93792390823364,229.999984741211,229.999984741211,3.70814079525949,3.70843167301574,0.321507774982684,13.494822832186,13.494822832186,1.67434920648293
167450.169633522,3,0,148.077856064613,72369.0883175018,320.436025382107,1338.74039939492,1376.56670947913,1567.8833334172,84412.4511275709,-406585.130404,75.423928274266,0,7.93368244171143,229.999984741211,229.999984741211,3.71076024950922,3.71105134880495,0.321507774982684,13.4627955650791,13.4627955650791,1.67052826273059
167450.349633522,3,0,147.696119581615,72426.7271845011,320.003936353293,1340.23468863818,1377.91953447241,1569.27435859561,84459.375121258,-406057.235710101,75.4575904380979,0,7.92944097518921,229.999984741211,229.999984741211,3.71338170049483,3.71367302184358,0.321507774982684,13.4308608804661,13.4308608804661,1.6668114357378
167450.529633522,3,0,147.314383098617,72484.2883368257,319.572651099744,1341.73010773901,1379.27407229659,1570.66697217762,84506.3137604155,-405527.78272726,75.4917352762097,0,7.92519950866699,229.999984741211,229.999984741211,3.71600515281287,3.71629669671955,0.321507774982684,13.3990028102866,13.3990028102866,1.6632192141398
167450.849633522,3,0,146.635740462175,72586.4278551154,318.807746632061,1344.39144640711,1381.68636008357,1573.14664794843,84589.785824546,-404582.656163734,75.5536117856917,0,7.91765880584717,229.999984741211,229.999984741211,3.72067394931104,3.72096611431899,0.321507774982684,13.3425678472292,13.3425678472292,1.65693447852151
167451.029633522,3,0,146.254003979177,72643.7739996967,318.378639853802,1345.89002645097,1383.04564452599,1574.54366780593,84636.7631234949,-404048.840704893,75.5890921190983,0,7.91341733932495,229.999984741211,229.999984741211,3.72330321038709,3.72359537537098,0.321507774982684,13.3109373575617,13.3109373575617,1.65267110698063
167451.209633522,3,0,145.872267496179,72701.0430015784,317.950403382626,1347.38971788335,1384.40663976095,1575.94227279041,84683.7614215221,-403513.449956587,75.6250907836659,0,7.90917587280273,229.999984741211,229.999984741211,3.7259342664484,3.72622665595926,0.321507774982684,13.2793993065536,13.2793993065536,1.64834071198464
167451.389633522,3,0,145.490531013181,72758.2350096204,317.523005926903,1348.89053513149,1385.76934168792,1577.34246131785,84730.7788256888,-402976.475782046,75.6615953139298,0,7.90493440628052,229.999984741211,229.999984741211,3.72856734620493,3.72885996076639,0.321507774982684,13.2479441795586,13.2479441795586,1.64398019014158
167451.569633522,3,0,145.108794530183,72815.3501757673,317.09641411463,1350.39247928547,1387.13375012319,1578.74423358093,84777.8132993836,-402437.909561281,75.6986100554661,0,7.9006929397583,229.999984741211,229.999984741211,3.73120245435893,3.73149529452008,0.321507774982684,13.2165675934559,13.2165675934559,1.63956205274236
167451.749633522,3,0,144.727058047185,72872.3886890385,316.670662169509,1351.89556570607,1388.49986035248,1580.147587559,84824.867749715,-401897.748173042,75.7361206965257,0,7.89645147323608,229.999984741211,229.999984741211,3.73383959607043,3.73413266237054,0.321507774982684,13.1852818077344,13.1852818077344,1.63475721406711
167451.929633522,3,0,144.345321564187,72929.3506753283,316.245811294219,1353.39976040547,1389.86767605491,1581.55252248572,84871.9471233216,-401355.990085093,75.774169706133,0,7.89221000671387,229.999984741211,229.999984741211,3.73647877583111,3.73677206877901,0.321507774982684,13.1540867822087,13.1540867822087,1.62982290281889
167452.249633521,3,0,143.666678927746,73030.4279541014,315.492673510106,1356.07665705968,1392.30355131073,1584.05408618338,84955.7013561898,-400388.898062881,75.8431159584295,0,7.88466930389404,229.999984741211,229.999984741211,3.74117584884857,3.74146954606645,0.321507774982684,13.0988312349954,13.0988312349954,1.62078957382134
167452.429633521,3,0,143.284942444748,73087.1781827474,315.070255969876,1357.58396981867,1393.67609286837,1585.46340853224,85002.8471128254,-399842.667994038,75.8826403396928,0,7.88042783737183,229.999984741211,229.999984741211,3.74382071519512,3.74411464056273,0.321507774982684,13.0678633296804,13.0678633296804,1.61557280893257
167452.609633521,3,0,142.90320596175,73143.8524773278,314.648726362851,1359.09240446989,1395.05033368766,1586.87430889591,85050.0184873821,-399294.817359765,75.9227053424023,0,7.87618637084961,229.999984741211,229.999984741211,3.74646763782056,3.74676179187266,0.321507774982684,13.0369881816388,13.0369881816388,1.61024505034224
167452.789633521,3,0,142.521469478752,73200.4509996026,314.228091532384,1360.60195988966,1396.42627208409,1588.28678587536,85097.2164285998,-398745.340763516,75.9633162036754,0,7.87194490432739,229.999984741211,229.999984741211,3.74911662163475,3.74941100490918,0.321507774982684,13.0061925721837,13.0061925721837,1.60482337089637
167452.969633521,3,0,142.139732995753,73256.9739121235,313.808357335173,1362.11263561345,1397.80390672421,1589.70083846217,85144.4418323722,-398194.232385866,76.0044779490484,0,7.86770343780518,229.999984741211,229.999984741211,3.75176767155543,3.75206228460549,0.321507774982684,12.9754953395159,12.9754953395159,1.59928839288949
167453.149633521,3,0,141.757996512755,73313.4213756571,313.389530933433,1363.62443198872,1399.183237298,1591.11646664803,85191.6956934825,-397641.486559172,76.0461959818436,0,7.86346197128296,229.999984741211,229.999984741211,3.75442079250617,3.75471563588645,0.211966332016162,12.9448745976888,12.9448745976888,1.59364612412042
167453.329633521,3,0,141.477419417698,73369.7844796309,312.870601997039,1364.69737173136,1400.11566365211,1592.08490279252,85224.6357779352,-397255.16370227,76.0294802191508,0,7.86050462722778,229.999984741211,229.999984741211,3.75653874038357,3.75675714378646,0.269472877146195,12.9148436236639,12.9148436236639,1.58835219550191
167453.649633521,3,0,140.915696875891,73469.7675914319,312.033634486197,1366.88053681537,1402.05562269191,1594.08871930721,85295.0588897805,-396425.854163849,76.0370462371921,0,7.8541784286499,229.999984741211,229.999984741211,3.76064044420674,3.76089964910092,0.268947030227091,12.8612961456869,12.8612961456869,1.57845330372282
167453.829633521,3,0,140.596061241294,73525.8905163114,311.563210294109,1368.12572970658,1403.16506690901,1595.23393491801,85334.5623854663,-395958.900732337,76.0438983115656,0,7.85062837600708,229.999984741211,229.999984741211,3.7629688038366,3.76322745834746,0.268558391070786,12.8312503562145,12.8312503562145,1.57268105003879
167454.00963352,3,0,140.277090734164,73581.9288000453,311.093067919719,1369.36889850767,1404.27296526345,1596.3774926776,85373.9888857292,-395491.594977939,76.0506952104388,0,7.84708499908447,229.999984741211,229.999984741211,3.76529494501627,3.76555327629502,0.268132437647994,12.801284794638,12.801284794638,1.56682442852701
167454.18963352,3,0,139.958616113825,73637.8825079642,310.623265734753,1370.61077634218,1405.38006422358,1597.52013954322,85413.3464194346,-395023.847707901,76.05753646533,0,7.84354686737061,229.999984741211,229.999984741211,3.76761954594503,3.7678777819888,0.267692994240546,12.7713893622391,12.7713893622391,1.5608571877022
167454.36963352,3,0,139.640659709664,73693.7516993852,310.153791566625,1371.85126238901,1406.48626030427,1598.66177240891,85452.6329372217,-394555.68922994,76.0644097742287,0,7.84001445770264,229.999984741211,229.999984741211,3.76994259988858,3.77020074010752,0.267252122365083,12.7415582322868,12.7415582322868,1.55476577007845
167454.54963352,3,0,139.323226403303,73749.5364345694,309.684648171515,1373.09033109391,1407.59152695765,1599.80236494513,85491.8484297573,-394087.126937177,76.0713131680045,0,7.83648824691772,229.999984741211,229.999984741211,3.77226387057032,3.77252191435761,0.266809335183433,12.7118133071443,12.7118133071443,1.548566950756
167454.72963352,3,0,139.00631830698,73805.2367714097,309.215837445447,1374.32797010136,1408.69585070314,1600.94190398975,85530.9929053201,-393618.166125549,76.0782460157479,0,7.83296775817871,229.999984741211,229.999984741211,3.77458381004127,3.77484152702872,0.266364475259687,12.6821329822495,12.6821329822495,1.54224719303836
167455.04963352,3,0,138.444250258104,73904.0513133059,308.383353686855,1376.52452435256,1410.65663211902,1602.9650139725,85600.4153605879,-392783.553534783,76.0906666059042,0,7.8267240524292,229.999984741211,229.999984741211,3.77870375196176,3.77896101305178,0.265514506415045,12.6295550902912,12.6295550902912,1.53145154173116
167455.22963352,3,0,138.12889006121,73959.5174149531,307.915417383251,1377.75778251396,1411.75791573335,1604.10120715969,85639.3538558329,-392313.622206341,76.0976322635424,0,7.82322025299072,229.999984741211,229.999984741211,3.7810184745231,3.78127586677308,0.26512171345461,12.6000770468208,12.6000770468208,1.52574045540695
167455.40963352,3,0,137.813998922311,74014.8992963036,307.447930670919,1378.98983206647,1412.85849017725,1605.23658046593,85678.2334127441,-391843.219357252,76.1046750567897,0,7.81972217559814,229.999984741211,229.999984741211,3.78333207012201,3.7835891320139,0.264666779174352,12.5706779769623,12.5706779769623,1.52026906915044
167455.58963352,3,0,137.499631558469,74070.1970231418,306.980694159465,1380.22045931662,1413.95810397626,1606.37088660026,85717.0354106802,-391372.431885126,76.1117287354547,0,7.81622982025146,229.999984741211,229.999984741211,3.78564384064653,3.78590080206683,0.264213158894416,12.5413453408474,12.5413453408474,1.51500831150085
167455.76963352,3,0,137.185803164397,74125.4106517197,306.513837187563,1381.44956870143,1415.05668795927,1607.50405319232,85755.7689880308,-390901.282424416,76.1188152197205,0,7.81274366378784,229.999984741211,229.999984741211,3.78795400980491,3.78821063890614,0.263757553315395,12.5120791018504,12.5120791018504,1.50994918849366
167455.949633519,3,0,136.872515175078,74180.5402187663,306.047217108126,1382.67717801282,1416.15422751522,1608.63606976778,85794.4234583011,-390429.76545925,76.1259004755521,0,7.80926322937012,229.999984741211,229.999984741211,3.79026233904995,3.79051886620763,0.263300922173029,12.482886837008,12.482886837008,1.50523953908976
167456.129633519,3,0,136.559769085843,74235.5858016426,305.580890410927,1383.90326706738,1417.25071296521,1609.76692554275,85833.0028959,-389957.889491095,76.1329963832688,0,7.80578899383545,229.999984741211,229.999984741211,3.79256905276149,3.79282524568581,0.262844251308496,12.4537704293926,12.4537704293926,1.50066659573767
167456.449633519,3,0,136.005135892172,74333.2374094377,304.752553798,1386.07912313035,1419.19730522417,1611.77435854134,85901.3984402651,-389118.172559277,76.1456215807431,0,7.79962778091431,229.999984741211,229.999984741211,3.7966652134856,3.79692093839597,0.261978002651506,12.4021709728851,12.4021709728851,1.49289526652517
167456.629633519,3,0,135.693973362333,74388.0499658667,304.286972571909,1387.30063147281,1420.29048767731,1612.90161718042,85939.7598210215,-388645.419830678,76.1526952578047,0,7.79617071151733,229.999984741211,229.999984741211,3.79896631845218,3.79922217083875,0.261574717529892,12.3732445963476,12.3732445963476,1.48870159427319
167456.809633519,3,0,135.383290944543,74442.7787290473,303.821731006701,1388.52088114413,1421.38287461627,1614.02797539624,85978.0532950887,-388172.221388492,76.1598132759439,0,7.79271936416626,229.999984741211,229.999984741211,3.80126624471261,3.80152175928807,0.261112556735433,12.3443802078031,12.3443802078031,1.48466556600156
167456.989633519,3,0,135.073141702952,74497.4237560807,303.35677580063,1389.73963641511,1422.47422409622,1615.1531915984,86016.2711660089,-387698.672810433,76.1669429264509,0,7.78927421569824,229.999984741211,229.999984741211,3.80356428839614,3.80381946404574,0.260650036147511,12.3155913976226,12.3155913976226,1.4807522760251
167457.169633519,3,0,134.763541536354,74551.985096631,302.892098409102,1390.95682460563,1423.56446020969,1616.27719028501,86054.4122751063,-387224.788854177,76.1740737659324,0,7.78583478927612,229.999984741211,229.999984741211,3.80586044185329,3.80611551055636,0.260187903666261,12.2868597190171,12.2868597190171,1.47700062044012
167457.349633519,3,0,134.454490199998,74606.4628026146,302.427697168987,1392.17244459246,1424.65357973204,1617.39996867897,86092.4764939316,-386750.57119078,76.1812049424621,0,7.78240156173706,229.999984741211,229.999984741211,3.8081546974362,3.80840965856783,0.25972515072424,12.2582129776448,12.2582129776448,1.47336018618779
167457.529633519,3,0,134.145988133094,74660.8569197629,301.963570350867,1393.38649152883,1425.74157587204,1618.52152040858,86130.4636306153,-386276.023118487,76.1883353443441,0,7.77897453308105,229.999984741211,229.999984741211,3.81044728101472,3.81070190036975,0.259261840211408,12.2296286641907,12.2296286641907,1.46987970651927
167457.849633518,3,0,133.598918684825,74757.3513385418,301.139098367608,1395.54080589415,1427.67290220803,1620.51224741874,86197.8010780724,-385431.629298103,76.200992988317,0,7.77289724349976,229.999984741211,229.999984741211,3.8145181765623,3.81477231552498,0.258385498699526,12.1789688973256,12.1789688973256,1.46403026901634
167458.029633518,3,0,133.292020461523,74811.5135160226,300.675665338805,1396.7501249539,1428.75740295632,1621.63001901109,86235.5644786013,-384956.2862827,76.2080683942634,0,7.7694878578186,229.999984741211,229.999984741211,3.81680498535548,3.81705901375864,0.257978271842435,12.1505719122244,12.1505719122244,1.46094702986456
167458.209633518,3,0,132.985607168187,74865.5922855017,300.212554430056,1397.95814439905,1429.84105110234,1622.7468364331,86273.258195574,-384480.521103854,76.2151784399385,0,7.76608371734619,229.999984741211,229.999984741211,3.81909032803345,3.81934424529373,0.25751192319402,12.1222345358647,12.1222345358647,1.45798499253567
167458.389633518,3,0,132.679731986315,74919.5877020344,299.749713177499,1399.16462683209,1430.9236033253,1623.86245669136,86310.8745396034,-384004.431566023,76.2222899230397,0,7.76268577575684,229.999984741211,229.999984741211,3.82137372897591,3.82162753446381,0.257045775385474,12.0939782971898,12.0939782971898,1.4551597340412
167458.569633518,3,0,132.374410325198,74973.4998109255,299.287133278747,1400.36950236426,1432.00498652042,1624.97680714511,86348.4124027259,-383528.031683263,76.2293924348642,0,7.75929403305054,229.999984741211,229.999984741211,3.82365541542507,3.8239088735314,0.256580528768159,12.0657806775598,12.0657806775598,1.45245705234591
167458.749633518,3,0,132.069641309763,75027.3286587053,298.824814577614,1401.57277209316,1433.08520007039,1626.08988746631,86385.871802849,-383051.32239245,76.2364856940293,0,7.75590848922729,229.999984741211,229.999984741211,3.82593490997274,3.82618825476925,0.256115135900063,12.0376478640991,12.0376478640991,1.44990438094208
167458.929633518,3,0,131.765424822666,75081.0742940789,298.362754871246,1402.77443358846,1434.16423949126,1627.20169370302,86423.2525336652,-382574.306338267,76.2435685847526,0,7.75252914428711,229.999984741211,229.999984741211,3.82821267507673,3.82846567047119,0.255649654178078,12.0095730226834,12.0095730226834,1.44746948940619
167459.249633518,3,0,131.225978772127,75176.4168786429,297.541768550761,1404.90668669931,1436.07952967504,1629.17499411491,86489.4969656285,-381725.567179852,76.2560820664736,0,7.74653625488281,229.999984741211,229.999984741211,3.8322570279465,3.83250976647644,0.254773000934656,11.9598460976466,11.9598460976466,1.44246664529125
167459.429633518,3,0,130.923369427748,75229.9317061844,297.08037466135,1406.10354592161,1437.15495869729,1630.2829139191,86526.6509240184,-381247.816068332,76.2630876266429,0,7.74317455291748,229.999984741211,229.999984741211,3.8345288506733,3.83478147315421,0.254364120980839,11.9319539740795,11.9319539740795,1.43947945423533
167459.609633518,3,0,130.621246870765,75283.3635600123,296.619197531554,1407.29909425474,1438.22948968202,1631.38983956571,86563.7270370172,-380769.656103417,76.2700973608881,0,7.73981857299805,229.999984741211,229.999984741211,3.83679915219549,3.83705142173875,0.253899432556831,11.9041206436131,11.9041206436131,1.43604905558428
167459.789633517,3,0,130.319661352363,75336.7124761624,296.158416845296,1408.49306577855,1439.30289852094,1632.49554156776,86600.7350378863,-380291.198374962,76.2771348877254,0,7.73646831512451,229.999984741211,229.999984741211,3.83906768964015,3.83931960509125,0.253430735141284,11.8763661014635,11.8763661014635,1.43240163591094
167459.969633517,3,0,130.018631295963,75389.9784918472,295.697928494257,1409.68539212568,1440.37509445849,1633.59993185262,86637.6664462638,-379812.457173076,76.2841654401839,0,7.73312425613403,229.999984741211,229.999984741211,3.84133398211641,3.84158577920372,0.252964046809338,11.8486887713214,11.8486887713214,1.42864611733259
167460.149633517,3,0,129.718155853318,75443.1616605932,295.237737348592,1410.87607435571,1441.44607776849,1634.70301097524,86674.5217084329,-379333.432600316,76.2911899366196,0,7.72978591918945,229.999984741211,229.999984741211,3.84359849541586,3.84385017352284,0.252497051981146,11.8210627374011,11.8210627374011,1.4248265534102
167460.329633517,3,0,129.41823480985,75496.2620349257,294.777847186839,1412.06510893829,1442.51584416181,1635.80477491293,86711.3010637147,-378854.128031533,76.2982087881016,0,7.72645425796509,229.999984741211,229.999984741211,3.84586098523415,3.84611230636134,0.252029663593425,11.793508547542,11.793508547542,1.42091169306237
167460.649633517,3,0,128.886432672586,75590.4584430016,293.960989447032,1414.1747714946,1444.41453357609,1637.76010705681,86776.4954849861,-378001.406216115,76.3106598401766,0,7.72054672241211,229.999984741211,229.999984741211,3.8498779814368,3.85012879725336,0.251145927431965,11.7446842148543,11.7446842148543,1.41371105755416
167460.829633517,3,0,128.588129326329,75643.3291118657,293.501895690962,1415.3588656334,1445.48054570506,1638.85784513795,86813.0564684926,-377521.45364978,76.3176154735061,0,7.7172327041626,229.999984741211,229.999984741211,3.85213412239184,3.85238505422993,0.250735448212436,11.7173074628295,11.7173074628295,1.40953459027475
167461.009633517,3,0,128.290314802594,75696.1171922848,293.043169152147,1416.54159031767,1446.54562043411,1639.95454870395,86849.5505091987,-377041.125664027,76.3246074021009,0,7.71392440795898,229.999984741211,229.999984741211,3.8543889242144,3.85463949546538,0.250265098121014,11.6900139190465,11.6900139190465,1.40527647672263
167461.189633517,3,0,127.993042950079,75748.8227456406,292.58476318282,1417.72270230939,1447.60950984768,1641.04997003377,86885.9702184445,-376560.52586807,76.3316022565784,0,7.71062231063843,229.999984741211,229.999984741211,3.85664166601666,3.85689187556687,0.249794867424433,11.6627677075929,11.6627677075929,1.40092035426712
167461.369633517,3,0,127.696329456351,75801.4458270648,292.126674385205,1418.90212873182,1448.67213896471,1642.14403441573,86922.3148415401,-376079.669619296,76.3385903566615,0,7.70732593536377,229.999984741211,229.999984741211,3.85889234013648,3.85914242561726,0.249325433583366,11.6355902585141,11.6355902585141,1.39648848458195
167461.549633516,3,0,127.400173536866,75853.9864956987,291.668907295055,1420.07986935661,1449.73350679917,1643.23674113365,86958.5847431674,-375598.558714433,76.3455725113774,0,7.70403623580933,229.999984741211,229.999984741211,3.86114093893895,3.86139066071098,0.248855649841403,11.608486240941,11.608486240941,1.39193984155787
167461.729633516,3,0,127.104575305618,75906.4448105585,291.211464694099,1421.25592032601,1450.79360853302,1644.3280856546,86994.7800925898,-375117.196595487,76.3525488261956,0,7.70075225830078,229.999984741211,229.999984741211,3.86338745476788,3.86363705096865,0.248385501319723,11.5814389531378,11.5814389531378,1.38732909798336
167462.049633516,3,0,126.58046639404,75999.5008750388,290.39901760972,1423.342395266,1452.67499321188,1646.26477659705,87058.9396918614,-374260.890357127,76.3649236283745,0,7.69493007659912,229.999984741211,229.999984741211,3.86737579796139,3.86762511604499,0.2474965888293,11.5335256866198,11.5335256866198,1.37886596586543
167462.229633516,3,0,126.286495368434,76051.7307258587,289.942438127532,1424.51338433819,1453.7311996178,1647.35196018668,87094.9204675477,-373778.964382482,76.3718352372254,0,7.69166469573975,229.999984741211,229.999984741211,3.86961603416861,3.86986498488747,0.247083809413211,11.5066632763313,11.5066632763313,1.37397570382923
167462.409633516,3,0,125.993015938082,76103.8784424867,289.486249734519,1425.68296463888,1454.78642215575,1648.43806492776,87130.8357674845,-373296.689643695,76.378783934773,0,7.68840408325195,229.999984741211,229.999984741211,3.87185463783569,3.87210346028741,0.246610712103595,11.4798696088596,11.4798696088596,1.36899550304945
167462.589633516,3,0,125.70008232384,76155.9440906612,289.030404852802,1426.85089119754,1455.84041102306,1649.52284124152,87166.6780734817,-372814.172308929,76.3857353968655,0,7.68515014648438,229.999984741211,229.999984741211,3.87409112211247,3.874339575282,0.246137766095132,11.4531375551182,11.4531375551182,1.36393665476068
167462.769633516,3,0,125.4077103038,76207.927732572,288.574901084241,1428.01708956653,1456.89308986883,1650.60621301997,87202.4466898128,-372331.428535005,76.39267985823,0,7.68190240859985,229.999984741211,229.999984741211,3.87632547940369,3.87657356216751,0.245665659335698,11.4264729804081,11.4264729804081,1.35878608794495
167462.949633516,3,0,125.115899063243,76259.8294295023,288.119742286896,1429.18156040031,1457.94445845331,1651.68818030676,87238.1419468133,-371848.459889984,76.399618053825,0,7.67866039276123,229.999984741211,229.999984741211,3.87855746122569,3.87880565418926,0.245193222558599,11.3998679404305,11.3998679404305,1.3535380315824
167463.129633516,3,0,124.824648662518,76311.6492438645,287.664931395203,1430.34429932515,1458.99451149871,1652.768738097,87273.7640227128,-371365.270131933,76.4065500919085,0,7.67542505264282,229.999984741211,229.999984741211,3.88078754142058,3.88103536223373,0.244720440520419,11.3733381072728,11.3733381072728,1.34819017488606
167463.449633516,3,0,124.30827704532,76403.5713749795,286.857220229797,1432.40700517909,1460.85791064452,1654.68613670116,87336.9078220702,-370505.790132085,76.4188449729162,0,7.6696891784668,229.999984741211,229.999984741211,3.88474640980007,3.88499370041511,0.243826618306337,11.3263238647174,11.3263238647174,1.33846646186061
167463.629633515,3,0,124.018662906044,76455.1640589217,286.403337090931,1433.56456442611,1461.90393050874,1655.7624016612,87372.3190859555,-370022.122704772,76.4257103852405,0,7.6664719581604,229.999984741211,229.999984741211,3.88697004227386,3.88721695772257,0.243411675079749,11.2999736433784,11.2999736433784,1.3328900263225
167463.809633515,3,0,123.729542960413,76506.6750587348,285.950014651696,1434.72065118193,1462.94892416405,1656.83754409674,87407.6772310177,-369538.145125312,76.4326504356404,0,7.66325998306274,229.999984741211,229.999984741211,3.88919174447441,3.88943852560011,0.242933109195928,11.2736835408705,11.2736835408705,1.32757490370451
167463.989633515,3,0,123.440974446767,76558.1044258896,285.496917824235,1435.87505488939,1463.99262053224,1657.91129987079,87442.953088045,-369053.950043455,76.4395569079923,0,7.66005420684814,229.999984741211,229.999984741211,3.89141126697522,3.89165791322614,0.24245796162102,11.2474598967929,11.2474598967929,1.32262928445325
167464.169633515,3,0,123.152970987373,76609.4522616193,285.044165042502,1437.02769067676,1465.03495592986,1658.98360274791,87478.1551306059,-368569.557752182,76.4464506252086,0,7.65685510635376,229.999984741211,229.999984741211,3.89362860267647,3.89387487092836,0.241984309259698,11.2213018858588,11.2213018858588,1.31774292235033
167464.349633515,3,0,122.865530315765,76660.7185820843,284.591869248864,1438.17854644398,1466.07593861989,1660.05445880031,87513.2918869681,-368084.976404841,76.4533607056803,0,7.65366172790527,229.999984741211,229.999984741211,3.89584374351155,3.89608987529809,0.241507179938535,11.1952138253213,11.1952138253213,1.31333689635665
167464.529633515,3,0,122.578655234852,76711.9034681983,284.139807347233,1439.3276447294,1467.11554663401,1661.12385146093,87548.3465029296,-367600.198316395,76.4602290366567,0,7.650475025177,229.999984741211,229.999984741211,3.89805643897602,3.89830243369292,0.241034470080981,11.1691783514507,11.1691783514507,1.30918099594563
167464.849633515,3,0,122.07006441411,76802.6979723496,283.336930792095,1441.36604039711,1468.96027706066,1663.02130907868,87610.4770730837,-366737.953999761,76.4723833269963,0,7.64482545852661,229.999984741211,229.999984741211,3.90198476245345,3.90223021445214,0.240140035419303,11.1230533268644,11.1230533268644,1.30211043180821
167465.029633515,3,0,121.784827462134,76853.6569956087,282.885729417237,1442.50989563127,1469.99574246976,1664.08630853292,87645.3152927224,-366252.765092516,76.4791518729556,0,7.64165687561035,229.999984741211,229.999984741211,3.90419108263513,3.90443615183416,0.239725699473772,11.0971884267526,11.0971884267526,1.29833659311853
167465.209633515,3,0,121.500084147245,76904.5348206484,282.434908165498,1443.65229002099,1471.03014613135,1665.15015683374,87680.0868532883,-365767.273767285,76.4859452534606,0,7.63849353790283,229.999984741211,229.999984741211,3.90639541456478,3.90664034376081,0.239251208862143,11.071396831606,11.071396831606,1.29466140611748
167465.389633514,3,0,121.215888348315,76955.3315104521,281.984416350158,1444.79297884393,1472.06323794463,1666.21260419215,87714.7839390311,-365281.589459636,76.492727074147,0,7.63533639907837,229.999984741211,229.999984741211,3.90859750725832,3.90884229581087,0.238777711141972,11.0456612371624,11.0456612371624,1.2911255671673
167465.569633514,3,0,120.932255005248,77006.0471216481,281.53424715463,1445.93189242139,1473.09494546341,1667.27357851292,87749.4055757866,-364795.72694246,76.4994863909465,0,7.63218593597412,229.999984741211,229.999984741211,3.91079735302016,3.91104175593194,0.238305919635699,11.0199854540931,11.0199854540931,1.28772567819637
167465.749633514,3,0,120.649182277377,77056.6817137626,281.08440031905,1447.06903634069,1474.12527267132,1668.33308414051,87783.9518403664,-364309.686007378,76.5062233184964,0,7.62904119491577,229.999984741211,229.999984741211,3.91299494417642,3.91323920491796,0.237834647921668,10.9943789168738,10.9943789168738,1.28446022592843
167465.929633514,3,0,120.366669246047,77107.2353450345,280.634874569047,1448.2044118143,1475.1542189953,1669.39112087432,87818.4226602354,-363823.468425544,76.5129371446578,0,7.62590265274048,229.999984741211,229.999984741211,3.91519027303919,3.915434390971,0.237363943256457,10.9688225750463,10.9688225750463,1.28131440098017
167466.249633514,3,0,119.865824366456,77196.9087416184,279.836481160829,1450.21839925298,1476.97994951337,1671.26835145176,87879.5134769431,-362958.71095265,76.5248001238439,0,7.62033939361572,229.999984741211,229.999984741211,3.91908746705132,3.9193307844991,0.236476633985224,10.9235529091275,10.9235529091275,1.27602576798475
167466.429633514,3,0,119.58493802109,77247.2377719297,279.38778883176,1451.34852417741,1478.00470817795,1672.32195785021,87913.765999248,-362472.13186879,76.5313958890491,0,7.61721897125244,229.999984741211,229.999984741211,3.92127600762575,3.9215191798883,0.2360660764063,10.898167965403,10.898167965403,1.27324507047075
167466.609633514,3,0,119.304540907282,77297.4860524734,278.939465863765,1452.47718872362,1479.02839187696,1673.37440270905,87947.9511912507,-361985.264455623,76.5380107983708,0,7.61410427093506,229.999984741211,229.999984741211,3.92346274726478,3.92370552802533,0.235596056917467,10.8728500464813,10.8728500464813,1.27060162612128
167466.789633514,3,0,119.024686162945,77347.653647208,278.491463152698,1453.60415015728,1480.05075284863,1674.42543854942,87982.0613576511,-361498.218963084,76.5446085175645,0,7.61099529266357,229.999984741211,229.999984741211,3.92564718789109,3.92588982199867,0.235127334803174,10.8475800341626,10.8475800341626,1.2680647202072
167466.969633514,3,0,118.745388298828,77397.7406109106,278.043774104652,1454.72934073132,1481.07172069785,1675.47499531297,88016.0955630792,-361011.009652345,76.5511782260767,0,7.60789251327515,229.999984741211,229.999984741211,3.92782932177701,3.92807180859046,0.234660621923732,10.8223789432582,10.8223789432582,1.26566990576476
167467.149633514,3,0,118.466645102111,77447.7470009034,277.596398552155,1455.85276780392,1482.09130116103,1676.52307909341,88050.0539174763,-360523.635603788,76.5577201170101,0,7.60479593276978,229.999984741211,229.999984741211,3.93000914123169,3.93025148009825,0.234194703914371,10.7972390274044,10.7972390274044,1.26339590263963
167467.329633513,3,0,118.1884553088,77497.6728742613,277.149336163175,1456.97443435976,1483.10949570481,1677.56969169349,88083.936440881,-360036.098055744,76.5642339713457,0,7.60170602798462,229.999984741211,229.999984741211,3.93218663853808,3.932428582144,0.233729600825842,10.7721487434519,10.7721487434519,1.26126570605471
167467.649633513,3,0,117.695279471429,77586.2313492612,276.355302732639,1458.96407482631,1484.9161044394,1679.42661195993,88143.9805255652,-359169.025015984,76.5757293635289,0,7.59622764587402,229.999984741211,229.999984741211,3.93605212138795,3.93629349681472,0.232853593698077,10.727703225411,10.727703225411,1.25777181651592
167467.829633513,3,0,117.418696317923,77635.9338494005,275.909019462687,1460.08052287834,1485.93010776056,1680.46879824576,88177.641381343,-358681.157730281,76.5821118596394,0,7.59315490722656,229.999984741211,229.999984741211,3.93822290798724,3.93846413247662,0.232448652360598,10.7027868692139,10.7027868692139,1.2559764721964
167468.009633513,3,0,117.142595750804,77685.5561127,275.463015081554,1461.19554592607,1486.94303072772,1681.50982355881,88211.2283997057,-358193.006394584,76.5884698188793,0,7.590087890625,229.999984741211,229.999984741211,3.94039183862918,3.9406326641231,0.231989219353241,10.6779162521785,10.6779162521785,1.25365382568976
167468.189633513,3,0,116.867026301288,77735.0981557363,275.01744233082,1462.30887275273,1487.95465295124,1682.54946128881,88244.7492795305,-357704.688473895,76.5948477856446,0,7.58702659606934,229.999984741211,229.999984741211,3.94255841118561,3.94279908428392,0.231525087769413,10.6531083451949,10.6531083451949,1.25123675935031
167468.369633513,3,0,116.592006694548,77784.5600400565,274.572125763196,1463.42044776776,1488.96487940485,1683.58762107736,88278.1900986538,-357216.21646256,76.6011800376257,0,7.58397150039673,229.999984741211,229.999984741211,3.94472261786019,3.94496313797324,0.231065664859644,10.6283640648918,10.6283640648918,1.24866210403276
167468.549633513,3,0,116.317533829278,77833.9418424575,274.127204707714,1464.53026032931,1489.97372326441,1684.6243134177,88311.5615150701,-356727.596093341,76.607503512147,0,7.58092260360718,229.999984741211,229.999984741211,3.9468846995194,3.94712481771145,0.230606713155294,10.6036748148884,10.6036748148884,1.24580401564657
167468.729633513,3,0,116.043605995572,77883.2436013734,273.682592557149,1465.63832460806,1490.98118752246,1685.65954272012,88344.8571365109,-356238.821741544,76.6138046078472,0,7.57787942886353,229.999984741211,229.999984741211,3.94904440039403,3.94928436408034,0.230147055284336,10.5790405666504,10.5790405666504,1.24288101415638
167469.049633513,3,0,115.557989290204,77970.6937620291,272.893052577894,1467.60380196001,1492.76871992535,1687.4962308171,88403.8687518727,-355369.591660631,76.6249271793178,0,7.57248497009277,229.999984741211,229.999984741211,3.9528781020206,3.95311748519545,0.229281880060756,10.5353958142872,10.5353958142872,1.23717360761907
167469.229633512,3,0,115.285648016615,78019.7735186763,272.449391175083,1468.70666064633,1493.77199444015,1688.52703983725,88436.956248158,-354880.536797491,76.6311168977889,0,7.56945943832397,229.999984741211,229.999984741211,3.9550309283824,3.95527015493701,0.228881219658321,10.5109331760603,10.5109331760603,1.23381841684491
167469.409633512,3,0,115.013784303624,78068.7734687827,272.006136780667,1469.80806422266,1494.77418403912,1689.55668143666,88469.9797035524,-354391.221416465,76.6373313100187,0,7.56643962860107,229.999984741211,229.999984741211,3.95718184340495,3.95742066337296,0.228422061810971,10.4865280897591,10.4865280897591,1.23035722287403
167469.589633512,3,0,114.742450330251,78117.6936810067,271.563247587197,1470.90777216101,1495.77504440637,1690.58491146236,88502.9319721244,-353901.758164253,76.6435350961996,0,7.56342554092407,229.999984741211,229.999984741211,3.95933034172854,3.95956900363343,0.227963857409891,10.4621767957253,10.4621767957253,1.22681808226605
167469.769633512,3,0,114.47166065754,78166.5342216963,271.120721817456,1472.0057148455,1496.77450427265,1691.61165885966,88535.8124607655,-353412.162680353,76.6497183826381,0,7.56041717529297,229.999984741211,229.999984741211,3.96147666559812,3.961715168821,0.227507266461496,10.4378858679562,10.4378858679562,1.22316720893633
167469.949633512,3,0,114.201413535348,78215.295155918,270.678563755619,1473.10189675166,1497.7725674377,1692.63692765908,88568.621595246,-352922.435256613,76.6558824794764,0,7.55741500854492,229.999984741211,229.999984741211,3.96362055800289,3.96385890192191,0.227051031248443,10.4136551784765,10.4136551784765,1.21940210614943
167470.129633512,3,0,113.931708205952,78263.9765500482,270.236776761306,1474.19631829564,1498.76923351699,1693.66071771289,88601.3596532812,-352432.578307201,76.6620279732329,0,7.55441904067993,229.999984741211,229.999984741211,3.96576226167733,3.96600019533484,0.226595130328104,10.3894780453386,10.3894780453386,1.21554955014732
167470.449633512,3,0,113.453588593094,78350.3250646795,269.452279260431,1476.13751371721,1500.53753481019,1695.47703847649,88659.3818747413,-351561.471421314,76.6728945374157,0,7.54910802841187,229.999984741211,229.999984741211,3.96956363126579,3.96980097214786,0.225735005631473,10.3466439981282,10.3466439981282,1.20845766127665
167470.629633512,3,0,113.185459440315,78398.7858597552,269.01149092866,1477.22670302232,1501.52996936556,1696.49637131643,88691.9157225548,-351071.391503695,76.6789392220513,0,7.54612922668457,229.999984741211,229.999984741211,3.97169829805552,3.97193547670215,0.225336875161497,10.3226317113463,10.3226317113463,1.20433348323092
167470.809633512,3,0,112.917804703242,78447.1673672508,268.571134095578,1478.31442675544,1502.52130234975,1697.5145218757,88724.3874937671,-350581.071004867,76.685012161468,0,7.54315614700317,229.999984741211,229.999984741211,3.97383099953188,3.97406776414858,0.224880342235066,10.2986727759671,10.2986727759671,1.20010620791826
167470.989633512,3,0,112.650676617895,78495.4696617536,268.131168017955,1479.40044346545,1503.51128857984,1698.53124513743,88756.7900975328,-350090.624437664,76.6910774472872,0,7.54018878936768,229.999984741211,229.999984741211,3.97596122674156,3.97619782768556,0.224424636806863,10.2747774256781,10.2747774256781,1.19577218096213
167471.169633511,3,0,112.384089842547,78543.6928119102,267.691590163602,1480.48468279052,1504.49985604837,1699.54646930746,88789.1228732172,-349600.068043137,76.6971249702672,0,7.53722715377808,229.999984741211,229.999984741211,3.97808922378298,3.97832566044182,0.223970439761513,10.2509411880755,10.2509411880755,1.1913428361205
167471.349633511,3,0,112.118042730991,78591.8368892421,267.252404792836,1481.56714935506,1505.48700860212,1700.56019847014,88821.3862511633,-349109.402082067,76.703155921822,0,7.53427171707153,229.999984741211,229.999984741211,3.98021473191846,3.98045100366059,0.223516491782569,10.2271628418018,10.2271628418018,1.18681033023355
167471.529633511,3,0,111.852534662966,78639.9019644682,266.813614951956,1482.64784253381,1506.47274483507,1701.5724314485,88853.5804758549,-348618.629437543,76.7091707979446,0,7.53132247924805,229.999984741211,229.999984741211,3.98233799571411,3.98257384979558,0.223062761781534,10.2034345428521,10.2034345428521,1.18217973585214
167471.849633511,3,0,111.381870427563,78725.1561437709,266.034506493886,1484.56459856972,1508.22156657463,1703.36816200865,88910.6406407874,-347745.952808057,76.7198110788095,0,7.52609395980835,229.999984741211,229.999984741211,3.98610649745667,3.98634199918751,0.222206431150672,10.1614091196081,10.1614091196081,1.17370352783125
167472.029633511,3,0,111.117931327719,78773.002136269,265.596783119575,1485.64002080024,1509.20301532538,1704.37588679987,88942.6359453544,-347255.023972539,76.7257310714276,0,7.52316188812256,229.999984741211,229.999984741211,3.98822281642897,3.98845789779949,0.221810045696108,10.1378473403595,10.1378473403595,1.16878096589718
167472.209633511,3,0,110.854464591691,78820.7693956301,265.159514510183,1486.71396269779,1510.18334134251,1705.38240993079,88974.5710252898,-346763.876726627,76.7316820709785,0,7.52023506164551,229.999984741211,229.999984741211,3.99033686397677,3.99057177696409,0.221355303587341,10.1143441750082,10.1143441750082,1.16379169792791
167472.389633511,3,0,110.591522385091,78868.4579979972,264.722693318749,1487.78618205747,1511.16229872584,1706.3874856724,89006.4412578581,-346272.630018405,76.7376275516174,0,7.51731443405151,229.999984741211,229.999984741211,3.99244863335387,3.99268312407117,0.220901284662037,10.0908932502376,10.0908932502376,1.15870386327351
167472.569633511,3,0,110.329119439953,78916.0679469391,264.286365445203,1488.8565854575,1512.13981852695,1707.39104227237,89038.249631914,-345781.303956022,76.7435982459239,0,7.51439952850342,229.999984741211,229.999984741211,3.99455786350395,3.99479218428544,0.220444477505066,10.0675118909613,10.0675118909613,1.15417165984439
167472.749633511,3,0,110.067258150146,78963.5993599945,263.850335401205,1489.92520413157,1513.1158791545,1708.39306436456,89069.9812945729,-345289.893171198,76.7495112284285,0,7.51149034500122,229.999984741211,229.999984741211,3.99666480099751,3.99689895131371,0.219994296837308,10.0441805969039,10.0441805969039,1.14975685266272
167472.929633511,3,0,109.805933104316,79011.0523099692,263.414739907926,1490.99203497078,1514.09050523885,1709.39357353647,89101.6469247136,-344798.398339795,76.7554146814997,0,7.50858736038208,229.999984741211,229.999984741211,3.99876918519304,3.99900316437833,0.21954168179579,10.0209022067392,10.0209022067392,1.14549117227912
167473.24963351,3,0,109.342699751097,79095.2195544648,262.641320235704,1492.88411813297,1515.81952314582,1711.16841460657,89157.7683360893,-343924.495934815,76.7658492099646,0,7.50344181060791,229.999984741211,229.999984741211,4.00250429197036,4.00273765448203,0.218688142267217,9.97967045874475,9.97967045874475,1.138565164197
167473.42963351,3,0,109.082938060924,79142.4548763405,262.206743768472,1493.94565045147,1516.78979744955,1712.1643584116,89189.2316735395,-343432.908423723,76.7716318745099,0,7.50055599212646,229.999984741211,229.999984741211,4.00460157204588,4.00483476140165,0.218295735845236,9.95655324475645,9.95655324475645,1.13497246874979
167473.60963351,3,0,108.823645016357,79189.6119967895,261.772600213102,1495.005702785,1517.75893512733,1713.15908929962,89220.6334240187,-342941.117572093,76.7774366232544,0,7.49767589569092,229.999984741211,229.999984741211,4.00669677991967,4.00692954071003,0.21784456330572,9.93349238333199,9.93349238333199,1.1315202098927
167473.78963351,3,0,108.564872162744,79236.6909895365,261.338844756663,1496.06403602195,1518.72669272813,1714.15236415538,89251.9661258531,-342449.241335532,76.7832254983006,0,7.49480104446411,229.999984741211,229.999984741211,4.00878965444488,4.00902224066749,0.217394690405898,9.91048495714574,9.91048495714574,1.12819270512127
167473.96963351,3,0,108.30663378285,79283.6919247636,260.905470966768,1497.12058188128,1519.69299966589,1715.14411264279,89283.2288513579,-341957.295239964,76.7889870243147,0,7.49193239212036,229.999984741211,229.999984741211,4.01088018878068,4.01111234453334,0.216946936203764,9.88752939970429,9.88752939970429,1.12498408212543
167474.14963351,3,0,108.048927603502,79330.614870748,260.472478704732,1498.17534829215,1520.65786238707,1716.13434152064,89314.4217413183,-341465.278128444,76.7947214675277,0,7.48906993865967,229.999984741211,229.999984741211,4.01296812056204,4.01319984474951,0.216500013369365,9.86463016219797,9.86463016219797,1.12190542821659
167474.32963351,3,0,107.791752300358,79377.4598951003,260.039867280888,1499.22833882049,1521.62128302151,1717.1230532177,89345.5448102673,-340973.191232922,76.8004285684967,0,7.48621273040771,229.999984741211,229.999984741211,4.01505344222814,4.01528524526212,0.216053945734873,9.84178813857744,9.84178813857744,1.11895872704824
167474.64963351,3,0,107.335878921775,79460.54775415,259.271693907292,1501.09585453633,1523.33038192016,1718.87692950833,89400.6982751817,-340098.264641362,76.8104912372892,0,7.4811487197876,229.999984741211,229.999984741211,4.01875489242869,4.01898606677462,0.215213962690572,9.80131184165332,9.80131184165332,1.11399850252081
167474.82963351,3,0,107.080244339799,79507.1766812641,258.840088068907,1502.14359525477,1524.28946831266,1719.86109989851,89431.6193532995,-339606.116199039,76.8160674704793,0,7.4783091545105,229.999984741211,229.999984741211,4.02083320952459,4.02106394877762,0.214826227695982,9.77861991147108,9.77861991147108,1.11138050950337
167475.009633509,3,0,106.825071999654,79553.7279407495,258.408904761729,1503.18986759929,1525.24741790274,1720.84405958674,89462.4784357796,-339113.776903157,76.821661230065,0,7.47547435760498,229.999984741211,229.999984741211,4.02290914502975,4.02313996137246,0.214381783716529,9.75597994121119,9.75597994121119,1.10888678062274
167475.189633509,3,0,106.570412397276,79600.2016045307,257.978100881479,1504.23443595037,1526.20399091554,1721.8255690461,89493.2682616952,-338621.363580804,76.8272346169526,0,7.47264575958252,229.999984741211,229.999984741211,4.02498294896053,4.02521332856133,0.213938934132173,9.7333929693786,9.7333929693786,1.10651492113626
167475.369633509,3,0,106.316279014118,79646.5977412431,257.547670554612,1505.27723597646,1527.15912080906,1722.80556201602,89523.9879883239,-338128.890668937,76.8327765688306,0,7.4698224067688,229.999984741211,229.999984741211,4.02705435808961,4.02728455696648,0.213498395292957,9.71086112755944,9.71086112755944,1.10426767565054
167475.549633509,3,0,106.062669292023,79692.916417563,257.117613910786,1506.31827723513,1528.11281580174,1723.7840470054,89554.6377956494,-337636.356411478,76.8382877205524,0,7.46700525283813,229.999984741211,229.999984741211,4.0291233655462,4.02935312577651,0.213058880465652,9.68838038092213,9.68838038092213,1.10214716379672
167475.729633509,3,0,105.809581705485,79739.157700776,256.687930393569,1507.35756388388,1529.06507867895,1724.76102708527,89585.2177222524,-337143.761628918,76.8437678926669,0,7.46419382095337,229.999984741211,229.999984741211,4.03118970694593,4.03141928497688,0.212620414736749,9.66595567767617,9.66595567767617,1.10013062604856
167476.049633509,3,0,105.360952720126,79821.1735406339,255.924944922474,1509.20077515394,1530.75437194106,1726.49408318277,89639.4056630993,-336267.953320499,76.8534188010898,0,7.45921039581299,229.999984741211,229.999984741211,4.03485725238449,4.03508618971406,0.21179530757099,9.62621676206601,9.62621676206601,1.09686232699446
167476.229633509,3,0,105.109379077928,79867.2001863654,255.496248663136,1510.23488253132,1531.70234034041,1727.46656803523,89669.7837996209,-335775.319840138,76.8587592308782,0,7.45641565322876,229.999984741211,229.999984741211,4.03691643575202,4.03714518886255,0.211414748188923,9.60393920849131,9.60393920849131,1.09518273785388
167476.409633509,3,0,104.858259171606,79913.1496870567,255.067967015954,1511.2675427584,1532.64918206877,1728.43785455129,89700.0998877031,-335282.503062514,76.8641142329021,0,7.45362615585327,229.999984741211,229.999984741211,4.03897370011851,4.0392020100391,0.210978539497286,9.58170555857043,9.58170555857043,1.09363411344355
167476.589633509,3,0,104.60764251306,79959.0221147545,254.64005768003,1512.29852466629,1533.59466188794,1729.40770774281,89730.3467740591,-334789.619301845,76.8694459591671,0,7.45084190368652,229.999984741211,229.999984741211,4.04102826421224,4.04125664712412,0.210544099502185,9.55952671506708,9.55952671506708,1.09219836951959
167476.769633509,3,0,104.357542147885,80004.81753478,254.212515631084,1513.32776578274,1534.5387153004,1730.37606337166,89760.5236978433,-334296.682610139,76.8747436602906,0,7.44806385040283,229.999984741211,229.999984741211,4.04308063815226,4.04330857620024,0.210112115224394,9.53740621822517,9.53740621822517,1.09088759567396
167476.949633508,3,0,104.107955341904,80050.5360200197,253.785271808224,1514.35528084517,1535.48135002975,1731.34293009429,89790.6256577889,-333803.685710976,76.879998059827,0,7.44529104232788,229.999984741211,229.999984741211,4.04513055672066,4.04535830796663,0.209681303174456,9.51532815176279,9.51532815176279,1.08966033391115
167477.129633508,3,0,103.85888035671,80096.1777248723,253.358347092549,1515.38108804363,1536.42256926498,1732.30831293053,89820.6542919807,-333310.630439683,76.8851852864074,0,7.44252443313599,229.999984741211,229.999984741211,4.04717801406719,4.04740531865799,0.20925721608544,9.49330687681058,9.49330687681058,1.08769193724829
167477.449633508,3,0,103.417350274856,80177.1290029729,252.600482621784,1517.20040869413,1538.09232323336,1734.02084557555,89873.8806185311,-332434.01598637,76.894397376253,0,7.43761968612671,229.999984741211,229.999984741211,4.05081168437606,4.05103859613488,0.208445422442146,9.45427542246145,9.45427542246145,1.08391981121257
167477.629633508,3,0,103.16975597461,80222.5575875354,252.17469477814,1518.22110959231,1539.02932419446,1734.98181171208,89903.7207274191,-331940.943296579,76.899497316084,0,7.43486928939819,229.999984741211,229.999984741211,4.05285209359976,4.05307855599014,0.208072120721927,9.43240132629874,9.43240132629874,1.08176197849875
167477.809633508,3,0,102.922606786939,80267.9095934372,251.749308900184,1519.24038634053,1539.96520996634,1735.94159324496,89933.49840114,-331447.693839214,76.9046075435878,0,7.43212366104126,229.999984741211,229.999984741211,4.05489001480712,4.05511654716409,0.207644803843888,9.41056763879649,9.41056763879649,1.07940129751201
167477.989633508,3,0,102.675950721706,80313.1850886259,251.324356678589,1520.25800416166,1540.89975366807,1736.89996221647,89963.2121438095,-330954.387568782,76.9097117043781,0,7.42938375473022,229.999984741211,229.999984741211,4.0569259619747,4.05715204338055,0.207217319491088,9.38879080021982,9.38879080021982,1.07692209422733
167478.169633508,3,0,102.42980218405,80358.3841530647,250.899771151875,1521.27390233784,1541.83288271196,1737.85684732441,89992.8564149297,-330461.037950896,76.9147804633855,0,7.42664909362793,229.999984741211,229.999984741211,4.05895940852709,4.05918529857011,0.206793307066214,9.36706782637462,9.36706782637462,1.07424756929543
167478.349633508,3,0,102.184158002257,80403.5068596576,250.475624061784,1522.28808288887,1542.76460932821,1738.81225983955,90022.4368503502,-329967.646440342,76.9198353556031,0,7.42392063140869,229.999984741211,229.999984741211,4.0609903477241,4.06121578493262,0.206368478144713,9.34538569475826,9.34538569475826,1.07138493685892
167478.529633508,3,0,101.939018020426,80448.5532725466,250.051889070662,1523.30054804072,1543.69493044504,1739.76619734466,90051.9514485095,-329474.215336255,76.9248684300069,0,7.42119741439819,229.999984741211,229.999984741211,4.06301877266951,4.063244017065,0.205944646837321,9.32376615044971,9.32376615044971,1.06842305519107
167478.849633507,3,0,101.504474839737,80528.4476400216,249.299588997788,1525.096165196,1545.34527592736,1741.45835653149,90104.2565063176,-328596.974858714,76.9337499127374,0,7.4163703918457,229.999984741211,229.999984741211,4.06661888423761,4.06684346481332,0.205145784229263,9.28545292639366,9.28545292639366,1.06287507059081
167479.029633507,3,0,101.260799563594,80573.2825135336,248.876973447324,1526.10355075296,1546.27137142425,1742.4078763735,90133.582312624,-328103.569388235,76.9386735958489,0,7.41366338729858,229.999984741211,229.999984741211,4.06864011543884,4.06886450124089,0.204776855349653,9.26397776596815,9.26397776596815,1.05958916755536
167479.209633507,3,0,101.017564117751,80618.0413762174,248.454823662713,1527.10950962947,1547.1963504741,1743.35621103953,90162.8508885759,-327610.005816723,76.9436243775581,0,7.41096115112305,229.999984741211,229.999984741211,4.07065906849127,4.07088352088725,0.204353191601601,9.24254854180673,9.24254854180673,1.05619697311656
167479.389633507,3,0,100.77481725303,80662.7243072694,248.03310419158,1528.1138116039,1548.11997987046,1744.3031274817,90192.0556027346,-327116.402966201,76.9485654369846,0,7.40826463699341,229.999984741211,229.999984741211,4.07267599952841,4.07289999410604,0.203930570684143,9.22117043617598,9.22117043617598,1.05269415881664
167479.569633507,3,0,100.532572452562,80707.3313847177,247.611813553254,1529.11639129078,1549.04219287366,1745.24855913872,90221.1959228446,-326622.776882371,76.9534866172068,0,7.40557384490967,229.999984741211,229.999984741211,4.07469037846939,4.07491391419663,0.203509696934611,9.19984405749446,9.19984405749446,1.04906572632091
167479.749633507,3,0,100.290827825388,80751.8626856443,247.190955616293,1530.11725438793,1549.96299454665,1746.19251126379,90250.2722810144,-326129.127272127,76.9583893636813,0,7.40288829803467,229.999984741211,229.999984741211,4.07670219862551,4.07692553705388,0.203089249849514,9.17856756369636,9.17856756369636,1.04535441327433
167479.929633507,3,0,100.049582521584,80796.3182883329,246.770533407743,1531.11640231823,1550.88238565306,1747.13498480797,90279.2849620825,-325635.456367891,76.9632744663373,0,7.40020847320557,229.999984741211,229.999984741211,4.07871145329467,4.07893459383043,0.202669190479066,9.15734788633767,9.15734788633767,1.04150923470177
167480.249633507,3,0,99.6219518627304,80875.1638079103,246.024180123383,1532.88834133276,1552.51328375631,1748.80675099893,90330.7028865091,-324757.838644826,76.9719023393932,0,7.39545822143555,229.999984741211,229.999984741211,4.08227756445134,4.08250003004297,0.201876930734088,9.11973893244117,9.11973893244117,1.0344062242696
167480.429633507,3,0,99.3821586247059,80919.4095449776,245.60494191571,1533.88240547899,1553.42843029594,1749.74479199606,90359.5325705048,-324264.249750831,76.9766881461993,0,7.39279413223267,229.999984741211,229.999984741211,4.08427948240492,4.08450201161532,0.201510958591585,9.09866072166693,9.09866072166693,1.030255170404
167480.609633507,3,0,99.1428016496426,80963.5798805017,245.186190987686,1534.87503793914,1554.34244984723,1750.68163875693,90388.3069704865,-323770.522267946,76.9815048459941,0,7.39013528823853,229.999984741211,229.999984741211,4.08627960027423,4.08650166568384,0.201090428927816,9.07762759169086,9.07762759169086,1.02600051633202
167480.789633506,3,0,98.9039296011925,81007.6748997945,244.767892571518,1535.86600831054,1555.2551091395,1751.6170581496,90417.0194907532,-323276.776631331,76.986315233253,0,7.38748168945313,229.999984741211,229.999984741211,4.08827712184167,4.08849898632429,0.200670782164364,9.05665845351874,9.05665845351874,1.02161417765885
167480.969633506,3,0,98.6655560412746,81051.6946828548,244.350044910365,1536.85525085922,1556.16634103305,1752.55098321831,90445.6695709154,-322783.02937996,76.9911088389372,0,7.38483381271362,229.999984741211,229.999984741211,4.09027204045934,4.09049370342825,0.200252758851803,9.03572392215658,9.03572392215658,1.01714129160065
167481.149633506,3,0,98.4276792381878,81095.6393107425,243.932651700057,1537.84277110526,1557.07615041683,1753.48341903888,90474.2576340501,-322289.280300147,76.9958871220975,0,7.38219118118286,229.999984741211,229.999984741211,4.0922646138186,4.09248607470013,0.19983501728885,9.01485375551154,9.01485375551154,1.01254291359215
167481.329633506,3,0,98.1902985079688,81139.5088479739,243.515845435858,1538.82855535633,1557.98453815543,1754.4143649387,90502.7936805726,-321795.542143349,77.0006798151362,0,7.379554271698,229.999984741211,229.999984741211,4.09425483582936,4.09447582940358,0.199416543141066,8.99403145865158,8.99403145865158,1.00802134743973
167481.649633506,3,0,97.7695342604251,81217.3138935773,242.775750453289,1540.57671811059,1559.59582219646,1756.06559091439,90553.3519144407,-320917.853951614,77.0091088193524,0,7.37488031387329,229.999984741211,229.999984741211,4.09778625365726,4.09800682616226,0.198627872008516,8.95712949006887,8.95712949006887,1.00087232213959
167481.829633506,3,0,97.5335997739158,81260.9751946164,242.360106823204,1541.55739008386,1560.49991433881,1756.9920581118,90581.703985096,-320424.262256864,77.0137935698842,0,7.37225961685181,229.999984741211,229.999984741211,4.09976899755917,4.09998910021832,0.198262255714445,8.93644629439082,8.93644629439082,0.997089455065143
167482.009633506,3,0,97.298100182441,81304.5616865375,241.94488343625,1542.53662738717,1561.40285762052,1757.91731209484,90609.9959147366,-319930.550705519,77.0184857972553,0,7.36964321136475,229.999984741211,229.999984741211,4.10174936560076,4.10196952828861,0.197845857534793,8.91581132976545,8.91581132976545,0.993524406114958
167482.189633506,3,0,97.0630815931726,81348.0734614067,241.53013501743,1543.51419971433,1562.30443230122,1758.84113184222,90638.2280556581,-319436.840723178,77.0231754058353,0,7.36703252792358,229.999984741211,229.999984741211,4.10372761766826,4.10394730898733,0.197429707745919,8.89522384084151,8.89522384084151,0.990127248561614
167482.369633506,3,0,96.8285571925201,81391.5105886078,241.115794011473,1544.49005099074,1563.2045709765,1759.76345121103,90666.3948731777,-318943.144841499,77.0278324073735,0,7.36442756652832,229.999984741211,229.999984741211,4.10570295078361,4.10592243555257,0.197014423281834,8.87469576536836,8.87469576536836,0.986952920103775
167482.549633505,3,0,96.5945260987075,81434.8731589055,240.701885322617,1545.46418033209,1564.10327540892,1760.68427181949,90694.4983218743,-318449.466147375,77.0324639945418,0,7.3618278503418,229.999984741211,229.999984741211,4.10767615594948,4.10789516755833,0.196601659554848,8.85420009949615,8.85420009949615,0.983880211452931
167482.729633505,3,0,96.3609857535779,81478.1612495173,240.288408995485,1546.43659718601,1565.00055380234,1761.60360209999,90722.5386041388,-317955.802418476,77.0370707901232,0,7.35923337936401,229.999984741211,229.999984741211,4.1096466953089,4.10986549900849,0.196189194454958,8.83376202358619,8.83376202358619,0.980924130656537
167483.049633505,3,0,95.9470298693137,81554.9341969478,239.554384343005,1548.16103151852,1566.5921112489,1763.23420486585,90772.2283033716,-317078.285229382,77.0451835241786,0,7.35463523864746,229.999984741211,229.999984741211,4.11314326357502,4.11336163693573,0.195412550219523,8.79754845269545,8.79754845269545,0.975980282319141
167483.229633505,3,0,95.7149139900337,81598.0158006247,239.142063930803,1549.12839155472,1567.48511899923,1764.14908717731,90800.0857485599,-316584.800613028,77.0496659587339,0,7.3520565032959,229.999984741211,229.999984741211,4.11510645186795,4.1153246156349,0.195054658754676,8.77724543331172,8.77724543331172,0.973338568200742
167483.409633505,3,0,95.4832249256336,81641.0232141137,238.730210879482,1550.09433125076,1568.37699067597,1765.06277010906,90827.8873010483,-316091.206806262,77.0541695012022,0,7.34948253631592,229.999984741211,229.999984741211,4.1170674835419,4.11728543717365,0.194643632483184,8.75699146883208,8.75699146883208,0.970829017036948
167483.589633505,3,0,95.2520098729328,81683.9565190492,238.318788296437,1551.05862675278,1569.26749913935,1765.97502672681,90855.6262527407,-315597.624440666,77.0586555839325,0,7.34691429138184,229.999984741211,229.999984741211,4.11902608599215,4.11924356158067,0.194234150587814,8.73677756953509,8.73677756953509,0.968424126647019
167483.769633505,3,0,95.0212814215494,81726.8157912617,237.907790515027,1552.02121679956,1570.15658123613,1766.88579411833,90883.3017989557,-315104.068389444,77.0631127807566,0,7.34435129165649,229.999984741211,229.999984741211,4.12098198569281,4.121199249769,0.19382698796441,8.71662153924019,8.71662153924019,0.966132947414485
167483.949633505,3,0,94.7910370150031,81769.6011077764,237.497218225947,1552.98211062192,1571.04424510898,1767.79508065893,90910.9141826176,-314610.536635129,77.0675419269094,0,7.34179353713989,229.999984741211,229.999984741211,4.12293544375316,4.12315249575834,0.193420803889265,8.69650569081274,8.69650569081274,0.963944934704893
167484.129633505,3,0,94.5612751479041,81812.3125446844,237.08706998865,1553.94131357222,1571.93049483996,1768.70289067889,90938.4634033822,-314117.029579564,77.0719428728783,0,7.33924150466919,229.999984741211,229.999984741211,4.12488645420012,4.1251030255481,0.193015612257234,8.67644291830135,8.67644291830135,0.961875766196891
167484.449633505,3,0,94.1540150831088,81888.0618071656,236.358943977675,1555.64231587494,1573.50248140013,1770.31305333956,90987.2804462459,-313239.811238833,77.0796821169625,0,7.33471727371216,229.999984741211,229.999984741211,4.12834857017846,4.12856470201894,0.19225321909221,8.64088610841462,8.64088610841462,0.958463467637619
167484.629633504,3,0,93.9256521706995,81930.5684156877,235.949932106088,1556.59653474904,1574.38450673817,1771.21646689184,91014.6473215956,-312746.504837463,77.0839507608721,0,7.33218050003052,229.999984741211,229.999984741211,4.13029209340072,4.13050801068812,0.191902186338651,8.620948677575,8.620948677575,0.956724771409964
167484.809633504,3,0,93.6977079444008,81973.0014288838,235.541379095872,1557.54935576635,1575.26540888097,1772.11869580546,91041.958336862,-312253.096497713,77.088237818023,0,7.32964849472046,229.999984741211,229.999984741211,4.13223341410793,4.13244911630034,0.19149902743923,8.60105719343801,8.60105719343801,0.955089030205586
167484.989633504,3,0,93.4702286522004,82015.360926891,235.133248890118,1558.50055889703,1576.14496460042,1773.01951705661,91069.2068990729,-311759.706192607,77.0925047515601,0,7.32712125778198,229.999984741211,229.999984741211,4.13417252701878,4.13438801358704,0.191097575770426,8.58121954865457,8.58121954865457,0.953563519573678
167485.169633504,3,0,93.2432264696505,82057.6469842307,234.725536916147,1559.45008409636,1577.02311218136,1773.91886920509,91096.392296992,-311266.348587851,77.0967405218186,0,7.3245997428894,229.999984741211,229.999984741211,4.13610915757144,4.13632415865745,0.190698557797809,8.56142557900939,8.56142557900939,0.952140178476575
167485.349633504,3,0,93.0166986910729,82099.859676511,234.31824332566,1560.39794235988,1577.8998615151,1774.816762259,91123.5147571847,-310773.020881497,77.1009460962875,0,7.32208347320557,229.999984741211,229.999984741211,4.13804303030329,4.13825781437713,0.19030063187036,8.54167168437658,8.54167168437658,0.950826316482866
167485.529633504,3,0,92.7906436752911,82141.9990792975,233.911366962428,1561.34413975816,1578.77521743587,1775.71320137024,91150.574310312,-310279.723117687,77.1051214123937,0,7.31957197189331,229.999984741211,229.999984741211,4.13997467796251,4.1401892444884,0.189903834311034,8.52196937552752,8.52196937552752,0.949592616920478
167485.849633504,3,0,92.3899485901357,82216.7328429008,233.189041293001,1563.02209788653,1580.32789133627,1777.30320762552,91198.521560684,-309402.888443146,77.1124547778243,0,7.31512117385864,229.999984741211,229.999984741211,4.14340195400963,4.14361607229233,0.189157589362732,8.48704820807528,8.48704820807528,0.947688465110022
167486.029633504,3,0,92.1652632259108,82258.6690485011,232.7832841452,1563.96340302606,1581.19908939443,1778.19532174731,91225.3997228363,-308909.803445831,77.116493029839,0,7.31262493133545,229.999984741211,229.999984741211,4.1453262506554,4.14554014972355,0.188814234973171,8.46747478588978,8.46747478588978,0.946736255350036
167486.209633504,3,0,91.9409874467263,82300.5322449195,232.377978123851,1564.90333739384,1582.06918218167,1779.0862709127,91252.2221923781,-308416.62111679,77.1205478287782,0,7.310133934021,229.999984741211,229.999984741211,4.14724830026769,4.14746170904111,0.188419855003697,8.44794088083691,8.44794088083691,0.945891838107863
167486.389633503,3,0,91.7171664712722,82342.3225629841,231.972921552212,1565.84170715213,1582.93794845858,1779.97583679189,91278.9699375101,-307923.448137225,77.1245285333283,0,7.30764722824097,229.999984741211,229.999984741211,4.14916782732834,4.14938128646909,0.18803161817838,8.42844453705588,8.42844453705588,0.944663640609046
167486.569633503,3,0,91.49380808466,82384.0400897422,231.568436670861,1566.7784316648,1583.8053531391,1780.86397925729,91305.6672279757,-307430.312717134,77.128528503335,0,7.30516624450684,229.999984741211,229.999984741211,4.15108509724608,4.15129806458151,0.187640593042412,8.40900839837526,8.40900839837526,0.942988662239401
167486.749633503,3,0,91.2709132340447,82425.6848590163,231.164384518003,1567.71352176046,1584.67138620855,1781.75069070933,91332.3034624499,-306937.212742527,77.1325036978848,0,7.30269002914429,229.999984741211,229.999984741211,4.15299983291855,4.15321257864585,0.187250511691468,8.38961068308319,8.38961068308319,0.941237633187091
167486.929633503,3,0,91.0484817970506,82467.2569461225,230.760766734631,1568.64697574476,1585.53604523622,1782.63596888791,91358.8788275317,-306444.150276736,77.136453978126,0,7.30021905899048,229.999984741211,229.999984741211,4.15491202840155,4.15512455195632,0.186861916179462,8.37025053502502,8.37025053502502,0.939444294404114
167487.249633503,3,0,90.6542046176371,82540.9836792228,230.04422035545,1570.30235237115,1587.06975448925,1784.20618973924,91405.9661948116,-305567.746265992,77.1433832187817,0,7.29583978652954,229.999984741211,229.999984741211,4.1583051799835,4.1585169750433,0.186132446254404,8.33595893217813,8.33595893217813,0.935947844379647
167487.429633503,3,0,90.4331134636883,82582.3543262884,229.641781205769,1571.23099825432,1587.93032638553,1785.08721722222,91432.3669779924,-305074.911613187,77.1472162951603,0,7.29338359832764,229.999984741211,229.999984741211,4.16021016800493,4.16042173906602,0.185794224337022,8.31673010963115,8.31673010963115,0.933574226402787
167487.609633503,3,0,90.2124248070428,82623.6525965146,229.239826992534,1572.15828617754,1588.78980306028,1785.96709080942,91458.7152177934,-304581.992457862,77.151076346628,0,7.29093170166016,229.999984741211,229.999984741211,4.16211286562639,4.16232448438987,0.185406379767619,8.29755057933993,8.29755057933993,0.931084153492713
167487.789633503,3,0,89.9921835445256,82664.8785747869,228.838328022837,1573.08400122165,1589.64796721278,1786.84559332856,91485.004915819,-304089.10773234,77.1549262320614,0,7.28848552703857,229.999984741211,229.999984741211,4.1640135401029,4.16422438917907,0.185019748367886,8.27841072091542,8.27841072091542,0.928477034579925
167487.969633503,3,0,89.7724016622577,82706.0323424529,228.437283448269,1574.00808410797,1590.50475849847,1787.72266458059,91511.2356359481,-303596.272975486,77.1587560701411,0,7.28604364395142,229.999984741211,229.999984741211,4.16591136898314,4.16612226488834,0.18463495733985,8.25931811123925,8.25931811123925,0.925737262122775
167488.149633503,3,0,89.5530771435535,82747.1139818532,228.036697118292,1574.93054139494,1591.36018299325,1788.59831079117,91537.4078367855,-303103.487308246,77.1625676496173,0,7.28360748291016,229.999984741211,229.999984741211,4.16780661861631,4.16801728836305,0.184250664708423,8.24027493775036,8.24027493775036,0.922880019790632
167488.329633502,3,0,89.3342090446106,82788.1235750397,227.636571043917,1575.85137568313,1592.21424260371,1789.47253403558,91563.5217553056,-302610.752293617,77.1663616445614,0,7.28117609024048,229.999984741211,229.999984741211,4.16969955622467,4.16990999928238,0.183866858990146,8.22127606366763,8.22127606366763,0.919927158807628
167488.649633502,3,0,88.9462521804428,82860.8518860167,226.926364424981,1577.48432739556,1593.72911875047,1791.02311368566,91609.8001169711,-301734.975364175,77.1730508739705,0,7.27686643600464,229.999984741211,229.999984741211,4.17305851370873,4.17326849163989,0.183143248205573,8.18760886408106,8.18760886408106,0.914357097276823
167488.829633502,3,0,88.7287105612275,82901.6617832382,226.527497693491,1578.40036072002,1594.5790890806,1791.89308706681,91635.7468708945,-301242.521206291,77.1767469750604,0,7.27444982528687,229.999984741211,229.999984741211,4.17494439325428,4.17515386924908,0.182809662958291,8.16872813530689,8.16872813530689,0.911046531397837
167489.009633502,3,0,88.5115667873593,82942.3999481129,226.129135789444,1579.31504025768,1595.42796361935,1792.76190719404,91661.6431458446,-300749.997243899,77.1804751174629,0,7.27203798294067,229.999984741211,229.999984741211,4.17682766638343,4.17703691336519,0.182425588945278,8.14990120381054,8.14990120381054,0.907638242675021
167489.189633502,3,0,88.2948657104009,82983.0664704141,225.731249785935,1580.22814967596,1596.27552381309,1793.62935562888,91687.4829266026,-300257.525828914,77.1841977292198,0,7.26963043212891,229.999984741211,229.999984741211,4.17870887554128,4.17891789300965,0.182042458672217,8.13111744051328,8.13111744051328,0.904097013237877
167489.369633502,3,0,88.0786197825074,83023.6614340656,225.333838210767,1581.13962769404,1597.12170724647,1794.49537010752,91713.2657096201,-299765.12340298,77.1879042990502,0,7.26722860336304,229.999984741211,229.999984741211,4.18058746762024,4.18079598070365,0.181661020826506,8.11237723848623,8.11237723848623,0.900438576590472
167489.549633502,3,0,87.8628271948639,83064.1849254122,224.936904606026,1582.04948038099,1597.96651944901,1795.3599563129,91738.991924684,-299272.789373092,77.1915964443423,0,7.26483106613159,229.999984741211,229.999984741211,4.18246343685096,4.18267199364839,0.181279914134763,8.09368200416679,8.09368200416679,0.896672487019049
167489.729633502,3,0,87.6474871964521,83104.6370300732,224.540451211619,1582.95770847338,1598.8099605568,1796.22311453552,91764.6618032764,-298780.526201691,77.195274790971,0,7.26243925094604,229.999984741211,229.999984741211,4.18433705218873,4.18454510310986,0.180899114452939,8.07502920283346,8.07502920283346,0.892778566000503
167490.049633502,3,0,87.2657935986223,83176.3758905999,223.836821534228,1584.56824446332,1600.30594298307,1797.75400962868,91810.1554447832,-297905.639038468,77.2017667986004,0,7.2581992149353,229.999984741211,229.999984741211,4.18766149140718,4.18786906857221,0.180180763116622,8.0419809429937,8.0419809429937,0.885566432254419
167490.229633501,3,0,87.0517700685933,83216.6301508849,223.441681201334,1585.47166570049,1601.14527583995,1798.61290236213,91835.6634121417,-297413.715344922,77.2053561496205,0,7.2558217048645,229.999984741211,229.999984741211,4.18952765371008,4.18973499796478,0.179849528474413,8.02345993602839,8.02345993602839,0.881349200984017
167490.409633501,3,0,86.838141575974,83256.8133326261,223.047161129898,1586.37371555859,1601.98350393298,1799.47063256514,91861.130029149,-296921.749733257,77.2090127493091,0,7.25344848632813,229.999984741211,229.999984741211,4.19139171683119,4.19159882759625,0.179466798189971,8.00497878003854,8.00497878003854,0.877179678064422
167490.589633501,3,0,86.6249539278639,83296.9254759675,222.653080005284,1587.27419222115,1602.82040237711,1800.32697776503,91886.5377049864,-296429.857088598,77.2126487515806,0,7.25108051300049,229.999984741211,229.999984741211,4.19325339987397,4.19346000090343,0.179082917981457,7.98654799995603,7.98654799995603,0.873523329631265
167490.769633501,3,0,86.4122217691239,83336.966713518,222.259506569014,1588.17301822671,1603.65589800329,1801.18186440197,91911.8910400246,-295938.065075126,77.2162643344751,0,7.24871730804443,229.999984741211,229.999984741211,4.19511242240362,4.19531878869508,0.178705770478071,7.96815582625237,7.96815582625237,0.869973011496539
167490.949633501,3,0,86.1999391821305,83376.9370825947,221.866391255684,1589.07021499531,1604.49001694505,1802.035318153,91937.1868482486,-295446.357117335,77.2198768712417,0,7.24635887145996,229.999984741211,229.999984741211,4.1969687780869,4.19717518527314,0.178323944966924,7.94980867905456,7.94980867905456,0.866915739494068
167491.129633501,3,0,85.9881087200113,83416.8367108195,221.473712667677,1589.9657819072,1605.32274218958,1802.88732387977,91962.4232224335,-294954.744741736,77.2234466937642,0,7.24400615692139,229.999984741211,229.999984741211,4.19882273802879,4.19902863324891,0.177947928449071,7.9315087920592,7.9315087920592,0.864009516769382
167491.449633501,3,0,85.6126433756343,83487.594983566,220.776754203239,1591.55382476453,1606.79966620798,1804.39838867143,92007.1445683757,-294081.052170113,77.2297268306426,0,7.23983526229858,229.999984741211,229.999984741211,4.20211234277247,4.2023177560025,0.177236811844045,7.89907805329682,7.89907805329682,0.859106601609808
167491.629633501,3,0,85.4021162424269,83527.2985529481,220.385337365052,1592.44460692434,1607.62827787817,1805.24612854389,92032.2166737352,-293589.821996528,77.233184047248,0,7.2374963760376,229.999984741211,229.999984741211,4.20395900541073,4.20416418130991,0.176909637126893,7.88089755837423,7.88089755837423,0.856485355718119
167491.809633501,3,0,85.1919794494106,83566.9316986731,219.994417130642,1593.33404022419,1608.45578299639,1806.09270746604,92057.2386708854,-293098.554747808,77.2366669843516,0,7.23516225814819,229.999984741211,229.999984741211,4.20580325208413,4.20600819014037,0.17653301205413,7.86275564246621,7.86275564246621,0.853982538648166
167491.989633501,3,0,84.9822767836466,83606.4945074047,219.603961683694,1594.22191271904,1609.28196695717,1806.93791100988,92082.2043519347,-292607.373672798,77.2401362304147,0,7.23283290863037,229.999984741211,229.999984741211,4.20764535511704,4.20784977742343,0.176157837994175,7.84465838797298,7.84465838797298,0.851578652677245
167492.1696335,3,0,84.7730199680642,83645.9870609781,219.213966272481,1595.10816704247,1610.10677087059,1807.78168048188,92107.1130123262,-292116.293677244,77.243580363119,0,7.23050832748413,229.999984741211,229.999984741211,4.20948475482846,4.20968893803272,0.175784896220572,7.82660459211448,7.82660459211448,0.849280843124261
167492.3496335,3,0,84.5642065350314,83685.4094435815,218.82443065747,1595.99281292824,1610.93020342829,1808.62402477894,92131.9648461179,-291625.312203027,77.2470001459384,0,7.22818851470947,229.999984741211,229.999984741211,4.21132172328683,4.21152566687437,0.175412840005354,7.80859529681891,7.80859529681891,0.847105449191084
167492.5296335,3,0,84.355835101534,83724.7617379096,218.435353776353,1596.87585520513,1611.75226843018,1809.46494790011,92156.7598898434,-291134.42969402,77.2503955635132,0,7.22587394714355,229.999984741211,229.999984741211,4.21315597737511,4.21335968079906,0.175041681864169,7.79061974392127,7.79061974392127,0.845029121729778
167492.8496335,3,0,83.9865012398639,83794.5485686996,217.744774734293,1598.44168152597,1613.21026964222,1810.95634288219,92200.6965582469,-290262.060788074,77.2563561478452,0,7.22177124023438,229.999984741211,229.999984741211,4.21641072403514,4.21661393733881,0.174343302698023,7.7587753763561,7.7587753763561,0.841610685557482
167493.0296335,3,0,83.7794112719226,83833.7065977893,217.356934759946,1599.32000212045,1614.02826102483,1811.79304445993,92225.3275055527,-289771.585778003,77.2596292537252,0,7.21947050094604,229.999984741211,229.999984741211,4.21823784182366,4.2184408134333,0.174022301841172,7.74092813233506,7.74092813233506,0.839824512681843
167493.2096335,3,0,83.5727043301239,83872.7948468904,216.969581584615,1600.19699494206,1614.84515859172,1812.62859938276,92249.9083508861,-289281.080945031,77.262925116973,0,7.2171745300293,229.999984741211,229.999984741211,4.22006250299803,4.22026523240473,0.173652791756283,7.72311631039227,7.72311631039227,0.838144803822393
167493.3896335,3,0,83.3664233180765,83911.8133995362,216.582684750365,1601.07245202625,1615.66075190038,1813.46279737256,92274.4330423743,-288790.668829831,77.2662047046479,0,7.21488285064697,229.999984741211,229.999984741211,4.22188498150988,4.22208746821463,0.17328486975258,7.70534220069881,7.70534220069881,0.836581056561702
167493.5696335,3,0,83.1605795664365,83950.7623383865,216.196239816242,1601.94631727155,1616.47498338705,1814.29558105404,92298.9009124099,-288300.363967494,77.2694566676074,0,7.21259641647339,229.999984741211,229.999984741211,4.22370471444267,4.22390695790337,0.172919316179858,7.68761290232952,7.68761290232952,0.835117467144489
167493.7496335,3,0,82.9551704734614,83989.6417441372,215.810246649479,1602.81860184312,1617.28786324344,1815.12696081395,92323.3121828362,-287810.163117648,77.272682095252,0,7.21031475067139,229.999984741211,229.999984741211,4.22552225493331,4.22572397519609,0.172554766759059,7.66993118164908,7.66993118164908,0.833776846636251
167493.9296335,3,0,82.7501945002338,84028.4516986015,215.424704324116,1603.6893104526,1618.09939519009,1815.95694056335,92347.6668999428,-287320.066664003,77.2758809468371,0,7.20803737640381,229.999984741211,229.999984741211,4.22733703923594,4.22753879467021,0.172191237249203,7.65228434787312,7.65228434787312,0.832528042641305
167494.249633499,3,0,82.3868742884791,84097.2759390495,214.74039048563,1605.23328312216,1619.53872431346,1817.42893777278,92390.8215103612,-286449.106391935,77.2814874300302,0,7.20400190353394,229.999984741211,229.999984741211,4.23055719752842,4.23075817512964,0.171507559205084,7.62100863295368,7.62100863295368,0.830558285246011
167494.429633499,3,0,82.1831531397672,84135.8933902312,214.356064791183,1606.09935712314,1620.34624787971,1818.2547654515,92415.013052589,-285959.428857422,77.2845591570014,0,7.2017388343811,229.999984741211,229.999984741211,4.23236473207079,4.23256546364977,0.171193563760765,7.60347655877376,7.60347655877376,0.829561765753341
167494.609633499,3,0,81.9798066939684,84174.4416926831,213.972217353929,1606.96412928129,1621.15269566251,1819.07946592746,92439.1546668458,-285469.7261219,77.2876517956239,0,7.19947957992554,229.999984741211,229.999984741211,4.23417005028669,4.23437081580938,0.170832061771278,7.58599165455998,7.58599165455998,0.828689924078177
167494.789633499,3,0,81.7768769310054,84212.9209297514,213.588818442593,1607.82739627267,1621.95786193179,1819.90283368344,92463.2404251576,-284980.119416568,77.2907265474846,0,7.19722557067871,229.999984741211,229.999984741211,4.23597314775088,4.23617338582497,0.170472245697721,7.56853229541343,7.56853229541343,0.827879900899337
167494.969633499,3,0,81.5743748412294,84251.3311815806,213.205863989874,1608.68910323094,1622.76169044055,1820.72481264939,92487.2696949425,-284490.623110091,77.2937722052208,0,7.19497585296631,229.999984741211,229.999984741211,4.23777373916943,4.23797372971971,0.170114884474513,7.5511217237207,7.5511217237207,0.82717610666573
167495.149633499,3,0,81.372297705551,84289.6725281152,212.823353993388,1609.54926163225,1623.56419175481,1821.54541357388,92511.2427166519,-284001.233594237,77.2967900025201,0,7.19273138046265,229.999984741211,229.999984741211,4.23957153839835,4.23977128088345,0.169758603615008,7.53375056500886,7.53375056500886,0.826586558503576
167495.329633499,3,0,81.1706438878228,84327.9450612644,212.441196896704,1610.40788451804,1624.36537012819,1822.36464174883,92535.1526992007,-283511.943764997,77.2997594157796,0,7.19049119949341,229.999984741211,229.999984741211,4.24136710232482,4.24156659632158,0.169403398436457,7.51641239205875,7.51641239205875,0.825949894668712
167495.649633499,3,0,80.8132025483368,84395.8155435302,211.762977255921,1611.93046285067,1625.78637024416,1823.81760535044,92577.5249139168,-282642.422015834,77.3049693812518,0,7.18652057647705,229.999984741211,229.999984741211,4.24455296439496,4.24475195273941,0.168737289942072,7.48570097389371,7.48570097389371,0.824126802069342
167495.829633499,3,0,80.612772077726,84433.8974544842,211.382081047668,1612.78456265903,1626.58363104834,1824.63277612386,92601.2778484359,-282153.554312869,77.3078113909365,0,7.1842942237854,229.999984741211,229.999984741211,4.24634145128485,4.24653990779202,0.16843420799906,7.46847051788021,7.46847051788021,0.822541275786483
167496.009633498,3,0,80.4127047966464,84471.9108709686,211.001710282874,1613.63739364647,1627.3798522319,1825.44685615776,92624.9855634468,-281664.659339136,77.3107040166507,0,7.18207168579102,229.999984741211,229.999984741211,4.24812768511975,4.24832589091739,0.168078437258989,7.45128688722109,7.45128688722109,0.820863577315869
167496.189633498,3,0,80.2130460243708,84509.8558773084,210.621807265206,1614.48874173635,1628.17481020999,1826.25962279509,92648.6396266599,-281175.869935025,77.3135859986725,0,7.17985343933105,229.999984741211,229.999984741211,4.24991137922865,4.25010961607955,0.167725801700279,7.43414396825912,7.43414396825912,0.819083883836685
167496.369633498,3,0,80.0138067680142,84547.7325585329,210.242371640159,1615.3385516474,1628.96844877416,1827.07101995519,92672.239761055,-280687.198591218,77.3164471860833,0,7.17764043807983,229.999984741211,229.999984741211,4.2516928110814,4.25189051396285,0.167375297419332,7.41704483928736,7.41704483928736,0.817200224685555
167496.549633498,3,0,79.8149842431084,84585.5409973788,209.863406222737,1616.18683488336,1629.76077890769,1827.8810587602,92695.7864114956,-280198.642300432,77.3192899888022,0,7.17543172836304,229.999984741211,229.999984741211,4.25347141096064,4.25366914428091,0.167025327735243,7.39998158005936,7.39998158005936,0.815241304580407
167496.729633498,3,0,79.6165773968865,84623.2812787078,209.484913064126,1617.03359454261,1630.55180314215,1828.68974187808,92719.2798285329,-279710.20245967,77.3221152522773,0,7.17322778701782,229.999984741211,229.999984741211,4.25524802184109,4.25544521978236,0.166675918296222,7.38295740817688,7.38295740817688,0.813184557046922
167497.049633498,3,0,79.2648936988539,84690.2070902163,208.813193586017,1618.53511171229,1631.95477034367,1830.12398012706,92760.9120858534,-278842.221659886,77.3270818748754,0,7.16932106018066,229.999984741211,229.999984741211,4.25839962329637,4.25859659100663,0.166017555664483,7.35279280014154,7.35279280014154,0.809283364680676
167497.229633498,3,0,79.0676940662625,84727.7584895896,208.43599302257,1619.37737370595,1632.7418967782,1830.92862783041,92784.2526958509,-278354.241412317,77.32980876235,0,7.16713047027588,229.999984741211,229.999984741211,4.26016905052371,4.26036548082795,0.165714784518738,7.33587980002412,7.33587980002412,0.806972952914831
167497.409633498,3,0,78.8708557138048,84765.2420537428,208.059300513721,1620.21836696469,1633.52797157449,1831.73217464558,92807.5471122485,-277866.254386474,77.33256785897,0,7.16494369506836,229.999984741211,229.999984741211,4.26193590497039,4.26213236426277,0.165365458645272,7.31900719144024,7.31900719144024,0.804553660225272
167497.589633498,3,0,78.6744198485921,84802.6578716266,207.683091076929,1621.05788986575,1634.31279127843,1832.53441722792,92830.7897895082,-277378.383496073,77.3353210305576,0,7.16276168823242,229.999984741211,229.999984741211,4.26370074937728,4.26389666990974,0.165017184099267,7.30217033932992,7.30217033932992,0.80203808732633
167497.769633498,3,0,78.4783977778115,84840.0060295911,207.307363227337,1621.89588627371,1635.09629877444,1833.33529859466,92853.9802664426,-276890.644562269,77.3380576611412,0,7.16058444976807,229.999984741211,229.999984741211,4.26546272793915,4.26565839282504,0.164670731494188,7.28538294492408,7.28538294492408,0.799445775107868
167497.949633497,3,0,78.2827875333921,84877.2866141015,206.932119621193,1622.73236322081,1635.87850058051,1834.13482539614,92877.11893357,-276403.036026423,77.34077944224,0,7.15841150283813,229.999984741211,229.999984741211,4.26722240357385,4.26741781233289,0.164324719406954,7.26862663870546,7.26862663870546,0.796761273449018
167498.129633497,3,0,78.0875882452925,84914.4997143014,206.557361967942,1623.56732313078,1636.65939854694,1834.93299961787,92900.2060055037,-275915.559707003,77.3434870961721,0,7.15624284744263,229.999984741211,229.999984741211,4.26897977198719,4.26917492414347,0.163979113107673,7.25191511847568,7.25191511847568,0.793979017111172
167498.449633497,3,0,77.7415956112583,84980.4899775272,205.892317783895,1625.04787773746,1638.04436721155,1836.34856168515,92941.1199484481,-275049.33211374,77.3482526359604,0,7.15239953994751,229.999984741211,229.999984741211,4.27209744946638,4.27229208089846,0.163327515452543,7.22229286189872,7.22229286189872,0.788803368873735
167498.629633497,3,0,77.5475907895912,85017.5160730941,205.518890925368,1625.87835616182,1638.82137113533,1837.14270715626,92964.058743026,-274562.36187989,77.3508702770897,0,7.15024423599243,229.999984741211,229.999984741211,4.27384753066511,4.27404190404596,0.163027812441054,7.20569309160165,7.20569309160165,0.785760546392867
167498.809633497,3,0,77.3539435784606,85054.4750136891,205.145984914882,1626.70756783855,1639.59732086825,1837.9357502246,92986.952872077,-274075.401426961,77.35352337597,0,7.14809322357178,229.999984741211,229.999984741211,4.27559528714851,4.27578940201618,0.1626817659284,7.18912283028151,7.18912283028151,0.782634379649894
167498.989633497,3,0,77.1606950005761,85091.3668916356,204.773574871152,1627.53531242694,1640.37201424401,1838.72748879726,93009.7968037857,-273588.574487858,77.356173396341,0,7.14594650268555,229.999984741211,229.999984741211,4.27734071469761,4.27753457057816,0.162336630112569,7.17260457554278,7.17260457554278,0.779412588909006
167499.169633497,3,0,76.9678564620311,85128.1917937024,204.401659520474,1628.36153242475,1641.14539282552,1839.51786461137,93032.590074757,-273101.89774217,77.3588094402757,0,7.1438045501709,229.999984741211,229.999984741211,4.27908352341272,4.27927711980066,0.161993227686966,7.15611424875054,7.15611424875054,0.776136724667772
167499.349633497,3,0,76.7754261204833,85164.9498118673,204.030241041638,1629.18623514835,1641.91746337056,1840.30688458758,93055.3330433945,-272615.369528727,77.361433139642,0,7.14166688919067,229.999984741211,229.999984741211,4.28082399425933,4.28101733068725,0.161650140809624,7.13966843925704,7.13966843925704,0.772745916401139
167499.529633497,3,0,76.583403223238,85201.6410336932,203.659321220755,1630.00942150424,1642.68822623213,1841.09454918443,93078.0259124812,-272128.99238846,77.3640450071204,0,7.13953351974487,229.999984741211,229.999984741211,4.28256212296432,4.2827551989595,0.161307368921588,7.12325780705372,7.12325780705372,0.769291700402413
167499.849633496,3,0,76.2430490768777,85266.7052252833,203.001130091052,1631.46904716634,1644.05516748427,1842.49142061872,93118.2426562835,-271264.766266037,77.3686453270592,0,7.13575315475464,229.999984741211,229.999984741211,4.28564566510385,4.28583792686016,0.160660872548272,7.0941899452443,7.0941899452443,0.762903148208452
167500.029633496,3,0,76.0522110504623,85303.2113713085,202.631575580811,1632.28775398298,1644.82202568766,1843.27504875851,93140.79133684,-270778.949360843,77.3711725914868,0,7.13363313674927,229.999984741211,229.999984741211,4.28737611880867,4.28756840507782,0.160363501966063,7.07789028520629,7.07789028520629,0.759195471762104
167500.209633496,3,0,75.8617278752611,85339.6510452022,202.262641915586,1633.10518609813,1645.5878243902,1844.05756943145,93163.3034487374,-270293.167545773,77.3737591802825,0,7.13151693344116,229.999984741211,229.999984741211,4.28910478617675,4.2892968100642,0.160018812999434,7.06163185983827,7.06163185983827,0.755530360544349
167500.389633496,3,0,75.6716414674944,85376.0242827806,201.894168752549,1633.92114303125,1646.35235553609,1844.83877535389,93185.7631140199,-269807.538851345,77.3763481503523,0,7.12940549850464,229.999984741211,229.999984741211,4.2908308024753,4.29102256352005,0.159672919158703,7.04541756054059,7.04541756054059,0.752424685909651
167500.569633496,3,0,75.4819654444016,85412.331227709,201.526157258627,1634.73556567911,1647.11554885309,1845.6185974638,93208.1698557754,-269322.086427106,77.378895959924,0,7.12729835510254,229.999984741211,229.999984741211,4.29255445073124,4.29274594848945,0.159334015848351,7.02923238152457,7.02923238152457,0.749367855983711
167500.749633496,3,0,75.2926936536659,85448.5719532775,201.158729092325,1635.54846646703,1647.87743393286,1846.39706358555,93230.5334903707,-268836.804051704,77.3814608013414,0,7.12519598007202,229.999984741211,229.999984741211,4.29427543923885,4.29446667314625,0.158992801431067,7.01309138484177,7.01309138484177,0.746518083140053
167500.929633496,3,0,75.1038263920067,85484.7465159855,200.791712057653,1636.35986012488,1648.63800416967,1847.17416949023,93252.8408972985,-268351.68634081,77.3839801140666,0,7.12309789657593,229.999984741211,229.999984741211,4.29599405021034,4.2961850198526,0.15865112933152,6.99698678350221,6.99698678350221,0.744135038059114
167501.249633496,3,0,74.7690760775045,85548.8938478732,200.140410769954,1637.79852125815,1649.98680501086,1848.55225327312,93292.3699199304,-267489.74555434,77.3883908964447,0,7.11937952041626,229.999984741211,229.999984741211,4.29904325230245,4.29923339901102,0.158013383993609,6.96845377722968,6.96845377722968,0.7402492114064
167501.429633496,3,0,74.5813825001877,85584.8851806485,199.7747008669,1638.60545630762,1650.74346794527,1849.32532413969,93314.5303927116,-267005.230274784,77.3907985278385,0,7.11729431152344,229.999984741211,229.999984741211,4.30075437360076,4.30094454256552,0.157720152339048,6.9524545614747,6.9524545614747,0.738247239474285
167501.609633496,3,0,74.3940389494618,85620.8107150054,199.409495159724,1639.4111358104,1651.49907400042,1850.09729249626,93336.6461371038,-266520.753800094,77.3932334648579,0,7.11521339416504,229.999984741211,229.999984741211,4.30246367728043,4.30265329179419,0.1573817525562,6.93649334514292,6.93649334514292,0.736366033096278
167501.789633495,3,0,74.207085276246,85656.6705376004,199.0447666917,1640.21536451915,1652.25342580828,1850.86796112991,93358.7115152307,-266036.439745711,77.3956556405543,0,7.11313629150391,229.999984741211,229.999984741211,4.30417029475453,4.30435993100868,0.157044859240458,6.92056520895116,6.92056520895116,0.734641377495998
167501.969633495,3,0,74.0205319998286,85692.4647346156,198.680511015041,1641.01808969449,1653.00646937292,1851.63727620823,93380.7258884973,-265552.302505917,77.3980533839724,0,7.11106395721436,229.999984741211,229.999984741211,4.30587450990069,4.30606387907431,0.156710281754609,6.90467660804217,6.90467660804217,0.733033638044547
167502.149633495,3,0,73.8343765972568,85728.193391453,198.316727180252,1641.81932244836,1653.75821488324,1852.40524809252,93402.6894229203,-265068.338526013,77.4004276462555,0,7.10899591445923,229.999984741211,229.999984741211,4.30757631846526,4.30776542009683,0.156376639950784,6.88882407928192,6.88882407928192,0.731558180284676
167502.329633495,3,0,73.648617581581,85763.8565926919,197.953414265098,1642.61906745758,1654.50866616154,1853.17188076485,93424.6021708908,-264584.548122399,77.4027784195806,0,7.10693264007568,229.999984741211,229.999984741211,4.30927542710052,4.30946426068477,0.156043938027729,6.87301233916385,6.87301233916385,0.73022311962793
167502.649633495,3,0,73.3193691280583,85827.0964812438,197.308668712131,1644.0371056813,1655.83954554262,1854.53141652928,93463.4298553499,-263724.968447178,77.4068840518577,0,7.10327529907227,229.999984741211,229.999984741211,4.3122900978245,4.31247838938771,0.155418326394557,6.84498401044836,6.84498401044836,0.728165538712768
167502.829633495,3,0,73.1347584414684,85862.5782976861,196.946629030941,1644.83248099927,1656.5861582484,1855.29408654929,93485.195763887,-263241.787398298,77.4091149327152,0,7.10122442245483,229.999984741211,229.999984741211,4.31398219661659,4.31417021875525,0.155131635779477,6.82927498024947,6.82927498024947,0.727198800574286
167503.009633495,3,0,72.9504900500022,85897.9949747201,196.585080259213,1645.62662733796,1657.33173334247,1856.0556746274,93506.9168326941,-262758.648144856,77.4113699365092,0,7.09917736053467,229.999984741211,229.999984741211,4.3156721576015,4.31585990987345,0.154800736143616,6.81359789693214,6.81359789693214,0.726353086121463
167503.189633495,3,0,72.7666028708348,85933.3465974642,196.223996804697,1646.41935293412,1658.0760771147,1856.81598719421,93528.5875765011,-262275.673578793,77.4136094154901,0,7.09713459014893,229.999984741211,229.999984741211,4.31735968709737,4.31754716902772,0.154471483461857,6.79795515458707,6.79795515458707,0.725653508356436
167503.369633495,3,0,72.5831070661854,85968.6332494068,195.863374283388,1647.21060680189,1658.81913735915,1857.57497220272,93550.2073765765,-261792.877605392,77.4158218242941,0,7.09509611129761,229.999984741211,229.999984741211,4.31904478086102,4.31923199198052,0.154144692561465,6.78235116695345,6.78235116695345,0.725091503574076
167503.549633494,3,0,72.3999999186411,86003.8550137156,195.503211830854,1648.00040077635,1659.56092504426,1858.33264082459,93571.7764210936,-261310.255982838,77.4180083333563,0,7.09306240081787,229.999984741211,229.999984741211,4.32072714420353,4.32091408401756,0.153818960794845,6.76677897217694,6.76677897217694,0.7246563029377
167503.729633494,3,0,72.2172798004364,86039.0119730636,195.14350847021,1648.78874118034,1660.30144565365,1859.08899862379,93593.2947820672,-260827.808132497,77.4201691603672,0,7.0910325050354,229.999984741211,229.999984741211,4.32240735359453,4.32259402165807,0.1534942888574,6.75124959914513,6.75124959914513,0.724317743261049
167504.049633494,3,0,71.8934099184826,86101.3534774868,194.505151826315,1650.18659142142,1661.61474023994,1860.4303407973,93631.4217180724,-259970.61438924,77.423932160209,0,7.08743476867676,229.999984741211,229.999984741211,4.325388182593,4.32557430169149,0.152884158491465,6.72372269826751,6.72372269826751,0.724042893273762
167504.229633494,3,0,71.7118100550182,86136.3309191857,194.146564564074,1650.97067838109,1662.35150470882,1861.1828234406,93652.7841926619,-259488.763786671,77.4259204942019,0,7.08541774749756,229.999984741211,229.999984741211,4.32706099848558,4.32724684455862,0.152610047124633,6.70828057499082,6.70828057499082,0.723426447016977
167504.409633494,3,0,71.5305389431984,86171.2438977433,193.788580303054,1651.75357876837,1663.08728118064,1861.93427345491,93674.1117114151,-259006.949646257,77.4279810394363,0,7.08340406417847,229.999984741211,229.999984741211,4.32873193666953,4.32891750919113,0.152284684112406,6.6928776505238,6.6928776505238,0.722674657040254
167504.589633494,3,0,71.3496406232178,86206.0924998167,193.431032941762,1652.53508964802,1663.8218488739,1862.68447191493,93695.3875961435,-258525.303689143,77.4300171075131,0,7.08139419555664,229.999984741211,229.999984741211,4.33040041083841,4.33058600098679,0.151964493351117,6.67750851495917,6.67750851495917,0.721757990761826
167504.769633494,3,0,71.1691238290194,86240.8768170496,193.073950972843,1653.31516380172,1664.55516302982,1863.43337382713,93716.6139378682,-258043.834885821,77.4320301927969,0,7.0793890953064,229.999984741211,229.999984741211,4.33206670870912,4.33225173282737,0.151646120722346,6.66217929515336,6.66217929515336,0.720616551367398
167504.949633494,3,0,70.9889855380888,86275.5969312554,192.717339895828,1654.09381382359,1665.28723617827,1864.18099179622,93737.7913959547,-257562.539906728,77.4340243656493,0,7.07738780975342,229.999984741211,229.999984741211,4.33373024268637,4.33391528390284,0.151328263351802,6.64688298203694,6.64688298203694,0.719298300232871
167505.129633494,3,0,70.8092247848309,86310.2529296945,192.361231119536,1654.87103967038,1666.01807116814,1864.92732842223,93758.9224535314,-257081.422212986,77.4360116688554,0,7.07539129257202,229.999984741211,229.999984741211,4.33539159242271,4.33557606626982,0.151009948240278,6.63162397235612,6.63162397235612,0.717785134005815
167505.449633494,3,0,70.4905963750123,86371.705522307,191.72932214072,1656.24918904824,1667.31419861409,1866.25090876544,93796.3673867029,-256226.609231889,77.4394910516564,0,7.07185173034668,229.999984741211,229.999984741211,4.33833900856193,4.33852292672085,0.15041129714735,6.60458497872111,6.60458497872111,0.71483944763654
167505.629633493,3,0,70.3119339812877,86406.183837347,191.374526012707,1657.02221211877,1668.04133610075,1866.99342931013,93817.3599178155,-255746.118353343,77.4413832470706,0,7.06986713409424,229.999984741211,229.999984741211,4.33999316543657,4.34017680687649,0.150136621432075,6.58941937608363,6.58941937608363,0.713026612567759
167505.809633493,3,0,70.1335995043703,86440.5983506283,191.020238462964,1657.79404969359,1668.76747074967,1867.73490456793,93838.3106591497,-255265.680339635,77.4433095932571,0,7.0678858757019,229.999984741211,229.999984741211,4.34164512294362,4.34182878015733,0.149818877161727,6.57429534724221,6.57429534724221,0.71112975894395
167505.989633493,3,0,69.9556309260151,86474.9491513353,190.666438497938,1658.56451392962,1669.49241327199,1868.4751453445,93859.2145399266,-254785.418147693,77.445231584946,0,7.06590890884399,229.999984741211,229.999984741211,4.34329487756888,4.34347825739303,0.149502173294683,6.55920353847561,6.55920353847561,0.70912826647785
167506.169633493,3,0,69.778038658222,86509.236326745,190.313124751582,1659.3335515207,1670.21610956852,1869.21409765069,93880.0711267561,-254305.347717357,77.4471383378905,0,7.06393623352051,229.999984741211,229.999984741211,4.34494213249026,4.34512523446533,0.149187322502832,6.54414598638951,6.54414598638951,0.707026603845377
167506.349633493,3,0,69.6008207044217,86543.4599657031,189.960299551996,1660.10117093912,1670.93856764074,1869.95176960232,93900.8808094537,-253825.466535477,77.4490318151068,0,7.06196737289429,229.999984741211,229.999984741211,4.34658717709015,4.34677000078276,0.1488728988268,6.52912085096818,6.52912085096818,0.704829276954575
167506.529633493,3,0,69.423976196249,86577.6201549317,189.607964709085,1660.86737430428,1671.65978916098,1870.68816297972,93921.643813799,-253345.77640711,77.4509128643123,0,7.06000328063965,229.999984741211,229.999984741211,4.34822971416021,4.34841196541861,0.148558862124319,6.51413930237473,6.51413930237473,0.702531168322512
167506.849633493,3,0,69.1105203375305,86638.1929911871,188.982794830353,1662.22595170137,1672.93884008805,1871.99408268955,93958.4384219163,-252493.534241387,77.45421302802,0,7.05652093887329,229.999984741211,229.999984741211,4.35114357593649,4.35132555888978,0.147966866058754,6.48758304995594,6.48758304995594,0.698199197252459
167507.029633493,3,0,68.9347611047407,86672.1773926968,188.631805977223,1662.98797700544,1673.65637821516,1872.72667652327,93979.0673130762,-252014.510468934,77.4560090260684,0,7.05456876754761,229.999984741211,229.999984741211,4.35277883196307,4.3529605348466,0.147695167868033,6.47269312385166,6.47269312385166,0.695634193599463
167507.209633493,3,0,68.7593262230966,86706.0986788832,188.281336414025,1663.74882139489,1674.37291416179,1873.45822660089,93999.6558580095,-251535.554217474,77.457842719845,0,7.05261993408203,229.999984741211,229.999984741211,4.35441215343994,4.35459357585505,0.147380605519623,6.45784009020505,6.45784009020505,0.692974780426828
167507.389633492,3,0,68.5842535184497,86739.9569412734,187.931365417754,1664.5082965699,1675.08825822183,1874.18854330928,94020.1989912735,-251056.78995918,77.4596750114601,0,7.05067491531372,229.999984741211,229.999984741211,4.35604324290665,4.35622438442238,0.147066937114873,6.44301925676429,6.44301925676429,0.690204683823409
167507.569633492,3,0,68.4095534815899,86773.7522695692,187.581891675828,1665.26634964416,1675.80235672909,1874.91757305111,94040.6962858065,-250578.233765293,77.4614949492156,0,7.04873418807983,229.999984741211,229.999984741211,4.35767150731958,4.35785266227016,0.14675500792851,6.42824182180307,6.42824182180307,0.68735132678255
167507.749633492,3,0,68.2352242701748,86807.48475219,187.232917530117,1666.02298751572,1676.51521613065,1875.64532245001,94061.1481146781,-250099.883843144,77.4633043013165,0,7.04679775238037,229.999984741211,229.999984741211,4.35929782696727,4.35947840533712,0.146443384175635,6.41348807989884,6.41348807989884,0.684420381421603
167507.929633492,3,0,68.0612651432443,86841.1544808374,186.884444197512,1666.77821242624,1677.22683816186,1876.37179333112,94081.5546614897,-249621.741908921,77.4651037225776,0,7.04486560821533,229.999984741211,229.999984741211,4.3609213134821,4.3611016096089,0.146132031862203,6.39877686581504,6.39877686581504,0.681387160613321
167508.249633492,3,0,67.7529308501864,86900.8571061457,186.266165791417,1668.1172778713,1678.48881909092,1877.66007094652,94117.7190332904,-248772.296143449,77.4682646527658,0,7.04144048690796,229.999984741211,229.999984741211,4.36380178982959,4.36398151744816,0.14554481135038,6.37270645691106,6.37270645691106,0.675806213039782
167508.429633492,3,0,67.5800479696529,86934.3529858827,185.919068035041,1668.86833053022,1679.19675278844,1878.38273979103,94137.9953378625,-248294.870866864,77.469984938304,0,7.03951978683472,229.999984741211,229.999984741211,4.36541820455651,4.3655979443515,0.14527530523452,6.3580902837539,6.3580902837539,0.672544231615796
167508.609633492,3,0,67.4074868385223,86967.7864508556,185.57249966178,1669.618201562,1679.90367971873,1879.10436116594,94158.2326261929,-247817.530797938,77.4717456030319,0,7.03760290145874,229.999984741211,229.999984741211,4.36703265747894,4.36721211353311,0.144963024034558,6.34351007100436,6.34351007100436,0.669189047169188
167508.789633492,3,0,67.2352852072092,87001.1575959463,185.22643971268,1670.3667034949,1680.60941095185,1879.82474624483,94178.4258162683,-247340.401344815,77.4735068489284,0,7.03568983078003,229.999984741211,229.999984741211,4.36864484972211,4.36882402161293,0.144651564755534,6.32896054268639,6.32896054268639,0.665734660265842
167508.969633492,3,0,67.0634536017074,87034.4664814743,184.881002484708,1671.11377133083,1681.31389328996,1880.54384060257,94198.5832483832,-246863.50802241,77.4753030350871,0,7.03378105163574,229.999984741211,229.999984741211,4.3702544813207,4.37043336849293,0.144339414033674,6.31445330064579,6.31445330064579,0.662470102335592
167509.149633492,3,0,66.8919924377593,87067.7131645974,184.535968423305,1671.85942249048,1682.01711980495,1881.26163996309,94218.6882678028,-246386.839155208,77.4770472549799,0,7.03187656402588,229.999984741211,229.999984741211,4.37186154765503,4.37204014975308,0.144028397816195,6.29997875746311,6.29997875746311,0.65963414703613
167509.329633491,3,0,66.7209008520287,87100.8977828242,184.191431138232,1672.60365075185,1682.71909367026,1881.97814655506,94238.7480956599,-245910.402196171,77.4787759476352,0,7.02997589111328,229.999984741211,229.999984741211,4.37346634206073,4.37364465866173,0.143720796334951,6.28553082686577,6.28553082686577,0.656840422894403
167509.649633491,3,0,66.4176571048853,87159.7396224285,183.580199571534,1673.92316671425,1683.96391555969,1883.24870502859,94274.3013170351,-245064.034153747,77.4818261394879,0,7.02660751342773,229.999984741211,229.999984741211,4.37631302145195,4.37649076333327,0.143137511064873,6.25994010549104,6.25994010549104,0.652594456729003
167509.829633491,3,0,66.2476334775261,87192.7522462831,183.237017752564,1674.66323026694,1684.66219276554,1883.96140421971,94294.2310370598,-244588.361233125,77.483461846511,0,7.02471876144409,229.999984741211,229.999984741211,4.3779106603104,4.37808811540438,0.142871058093596,6.24559621710272,6.24559621710272,0.650390883116792
167510.009633491,3,0,66.0779278092734,87225.7031300748,182.894347251965,1675.40212070922,1685.3594648305,1884.67305875025,94314.1210353636,-244112.785812483,77.4851304224759,0,7.02283334732056,229.999984741211,229.999984741211,4.37950601308929,4.37968347834199,0.142562461293729,6.23127810792074,6.23127810792074,0.648312526949234
167510.189633491,3,0,65.9085774130063,87258.592366818,182.552165301031,1676.13965260392,1686.05554467992,1885.38348167047,94333.9661195213,-243637.433047777,77.4867909485563,0,7.02095222473145,229.999984741211,229.999984741211,4.38109907640512,4.38127625422063,0.142255203237021,6.21699887288746,6.21699887288746,0.646314883555431
167510.369633491,3,0,65.7395921911051,87291.4200423234,182.210468206188,1676.8757754647,1686.75038081189,1886.09262161319,94353.7657133274,-243162.317851237,77.4884314779072,0,7.01907539367676,229.999984741211,229.999984741211,4.38268984682117,4.38286643902034,0.141950143387793,6.20274848569429,6.20274848569429,0.644429068453432
167510.549633491,3,0,65.5709697564037,87324.1862444605,181.869255680373,1677.61049982738,1687.44398304991,1886.80048853917,94373.5200416666,-242687.436327382,77.4900533302716,0,7.01720190048218,229.999984741211,229.999984741211,4.38427802298294,4.38445462462318,0.141645831311074,6.18853513637033,6.18853513637033,0.642633990976352
167510.729633491,3,0,65.4027088331765,87356.8910591949,181.528526324114,1678.34383042606,1688.13635538522,1887.50708657649,94393.2291265278,-242212.788622503,77.4916565421061,0,7.01533317565918,229.999984741211,229.999984741211,4.3858638989919,4.38603991377853,0.141342277832957,6.17434823307481,6.17434823307481,0.640934373464054
167511.049633491,3,0,65.104481393433,87414.8816506255,180.923964383509,1679.64403105321,1689.36414331938,1888.76006880074,94428.1532903546,-241369.612848853,77.4944452219884,0,7.01202011108398,229.999984741211,229.999984741211,4.38867697301972,4.3888527052182,0.140771217987577,6.14922041366779,6.14922041366779,0.638186190856745
167511.22963349,3,0,64.937268417622,87447.4163984855,180.584549713343,1680.37326599778,1690.05287013643,1889.46291374866,94447.7316488512,-240895.742924771,77.495942082529,0,7.01016283035278,229.999984741211,229.999984741211,4.39025591047313,4.3904310540382,0.140509995813867,6.13512878588988,6.13512878588988,0.636752566904229
167511.40963349,3,0,64.7703674799412,87479.890084325,180.24563598059,1681.10134652334,1690.74060463275,1890.16472794122,94467.2703337414,-240421.97637493,77.4974689270995,0,7.00830841064453,229.999984741211,229.999984741211,4.39183253412521,4.39200768593125,0.140207508912821,6.12107480469059,6.12107480469059,0.63541784345903
167511.58963349,3,0,64.6038148002697,87512.3027970011,179.907201242322,1681.82809228749,1691.42716489591,1890.8653295086,94486.7642830133,-239948.436811918,77.4989853139333,0,7.0064582824707,229.999984741211,229.999984741211,4.39340684061737,4.3935817015882,0.139906473538927,6.10704161629366,6.10704161629366,0.634161701426121
167511.76963349,3,0,64.4376199356533,87544.6546236876,179.569242092807,1682.55345443406,1692.1125011354,1891.56466882893,94506.2129630577,-239475.138528544,77.5004796459245,0,7.0046124458313,229.999984741211,229.999984741211,4.39497852734239,4.39515309704718,0.139607731472466,6.09305029209251,6.09305029209251,0.632955940854883
167511.94963349,3,0,64.2717803949903,87576.9456473477,179.231758057763,1683.27744382123,1692.79662348926,1892.26275618622,94525.616587599,-239002.077338076,77.5019531870087,0,7.002769947052,229.999984741211,229.999984741211,4.39654818903067,4.3967224670672,0.139309854042022,6.07909387826643,6.07909387826643,0.631882813174923
167512.12963349,3,0,64.1062947533573,87609.1759546996,178.8947479087,1684.00006644287,1693.47953724721,1892.95959697801,94544.975211088,-238529.252633178,77.5034062696034,0,7.00093173980713,229.999984741211,229.999984741211,4.39811522374225,4.39828920966453,0.139012831534641,6.06516350710889,6.06516350710889,0.63087039720618
167512.44963349,3,0,63.8129817037793,87666.3246269498,178.296775642434,1685.28130053384,1694.69056587993,1894.19529144504,94579.2770398632,-237689.322516264,77.5059241633002,0,6.99767351150513,229.999984741211,229.999984741211,4.40089489770519,4.40106859650527,0.138454344049155,6.04047939663381,6.04047939663381,0.629313326374316
167512.62963349,3,0,63.6485212057574,87698.3867210082,177.9610559564,1685.99990994194,1695.36990102984,1894.88844884077,94598.5058290319,-237217.280010322,77.50726701641,0,6.99584674835205,229.999984741211,229.999984741211,4.40245521470901,4.40262832027048,0.138199093375261,6.02663884718631,6.02663884718631,0.628543878076327
167512.80963349,3,0,63.4843656581285,87730.3884171951,177.625827424373,1686.71739024445,1696.04826355427,1895.5805961474,94617.6951299914,-236745.342865198,77.5086383895671,0,6.99402284622192,229.999984741211,229.999984741211,4.4040131906967,4.40418630276965,0.137903435541202,6.01283229649856,6.01283229649856,0.627873941658794
167512.98963349,3,0,63.3205504911966,87762.329803696,177.291069141348,1687.43356418749,1696.72547473146,1896.27155475566,94636.8400067355,-236273.633923488,77.5099981228041,0,6.99220323562622,229.999984741211,229.999984741211,4.40556882231115,4.40574164039337,0.137609292333055,5.99905458052089,5.99905458052089,0.627283493358685
167513.169633489,3,0,63.1570849669643,87794.210963657,176.956777756131,1688.14838442075,1697.40148629925,1896.96127652528,94655.9399439661,-235802.166977158,77.5113347146105,0,6.99038743972778,229.999984741211,229.999984741211,4.40712210613238,4.40729462980552,0.137317508473052,5.9853065620664,5.9853065620664,0.626785335312764
167513.349633489,3,0,62.9939665155402,87826.0319810542,176.62295292199,1688.86186216448,1698.0763088247,1897.6497721483,94674.9951737814,-235330.937429231,77.5126496961567,0,6.98857545852661,229.999984741211,229.999984741211,4.40867303875972,4.40884526760185,0.137026631791064,5.97159222375808,5.97159222375808,0.626378630468385
167513.529633489,3,0,62.831193660033,87857.7929397499,176.289593640607,1689.57400358024,1698.74994778302,1898.3370472253,94694.0057642814,-234859.944699374,77.5139434161292,0,6.98676729202271,229.999984741211,229.999984741211,4.4102216167821,4.4103935503812,0.136736662943572,5.95790837003545,5.95790837003545,0.626057898269442
167513.849633489,3,0,62.5426823377866,87914.1088332136,175.69809083991,1690.83668281111,1699.94455297902,1899.55580348678,94727.6898107565,-234023.269590643,77.5161763528712,0,6.98356246948242,229.999984741211,229.999984741211,4.41296841080687,4.41314005283021,0.136191628498454,5.93366085705152,5.93366085705152,0.625692325960146
167514.029633489,3,0,62.3809101121771,87945.703397744,175.365999071626,1691.54490336982,1700.61469083045,1900.23947537445,94746.5717092798,-233553.056059187,77.5173585125281,0,6.98176527023315,229.999984741211,229.999984741211,4.41451019568216,4.41468154141617,0.135942694589205,5.92006576364761,5.92006576364761,0.625628223083991
167514.209633489,3,0,62.2194353234229,87977.2382168879,175.034389418928,1692.25202208123,1701.28387797149,1900.92216004884,94765.4143877876,-233082.948321482,77.5185684443754,0,6.97997140884399,229.999984741211,229.999984741211,4.4160499144892,4.41622096354346,0.135654248144757,5.90650016409917,5.90650016409917,0.625625805406301
167514.389633489,3,0,62.058292592136,88008.7134023574,174.703154906085,1692.9578733497,1701.95193858883,1901.60368273334,94784.2064244726,-232613.061339648,77.5197299443762,0,6.9781813621521,229.999984741211,229.999984741211,4.41758726281014,4.41775801486167,0.135369806082006,5.89295477504015,5.89295477504015,0.625485254434928
167514.569633489,3,0,61.8974886372497,88040.1290584207,174.372459630898,1693.66240736279,1702.61883882912,1902.28400792068,94802.960248092,-232143.413438188,77.5209032116231,0,6.97639513015747,229.999984741211,229.999984741211,4.4191222377012,4.41929269225877,0.135085507629616,5.8794542048237,5.8794542048237,0.625056702901449
167514.749633489,3,0,61.7370222819449,88071.4852644218,174.042174915254,1694.36564020956,1703.28458127293,1902.96313966723,94821.6661754408,-231673.996188317,77.522035324311,0,6.97461271286011,229.999984741211,229.999984741211,4.42065483559248,4.42082499230749,0.134803306867268,5.86597723378327,5.86597723378327,0.624337143301265
167514.929633489,3,0,61.5768915447397,88102.7820945947,173.712413663166,1695.06757020162,1703.94917504063,1903.64108600758,94840.333023091,-231204.814366389,77.5231747767949,0,6.97283411026001,229.999984741211,229.999984741211,4.42218505310725,4.42235491151957,0.134518828965114,5.85253172857382,5.85253172857382,0.62343715103861
167515.249633488,3,0,61.2930581323546,88158.2745728258,173.127303518105,1696.31216464036,1705.12775768175,1904.84331776646,94873.408019107,-230371.363395853,77.5251377539813,0,6.96968078613281,229.999984741211,229.999984741211,4.42489981355105,4.42506937614024,0.133985925494274,5.82870757276753,5.82870757276753,0.621305020520256
167515.429633488,3,0,61.1339060259046,88189.4069106029,172.798845420551,1697.01024920809,1705.7889174022,1905.51772995233,94891.9515410677,-229902.968911868,77.5261873143808,0,6.96791315078735,229.999984741211,229.999984741211,4.42642316573402,4.42659242899704,0.133741748331069,5.81534688298768,5.81534688298768,0.619969065898801
167515.609633488,3,0,60.9750457421114,88220.4801859754,172.470887756631,1697.70724775133,1706.44913984421,1906.19116899105,94910.4580561219,-229434.687416528,77.5272740088359,0,6.96614837646484,229.999984741211,229.999984741211,4.42794473065686,4.42811369423858,0.133458312931562,5.8020209519498,5.8020209519498,0.618541394423203
167515.789633488,3,0,60.8165116350423,88251.4944894348,172.143413420453,1698.40298749354,1707.10825115055,1906.86346110373,94928.9229897133,-228966.641233725,77.5283589150818,0,6.9643874168396,229.999984741211,229.999984741211,4.42946389962524,4.42963256311734,0.133175833774115,5.78872031925668,5.78872031925668,0.616992741787222
167515.969633488,3,0,60.6583131762477,88282.4499065912,171.816421557389,1699.09741949269,1707.76620175517,1907.53455681487,94947.3459797369,-228498.845921544,77.5294310407128,0,6.96262979507446,229.999984741211,229.999984741211,4.43098066933481,4.43114933578643,0.132895186645772,5.77545225717982,5.77545225717982,0.61534149148968
167516.149633488,3,0,60.5004484211261,88313.3465248557,171.489914073953,1699.79055242872,1708.42299995514,1908.20446447887,94965.7273916788,-228031.298407071,77.5304925980726,0,6.96087598800659,229.999984741211,229.999984741211,4.43249534009708,4.43266370585113,0.132614892823363,5.76221855815309,5.76221855815309,0.613613160416577
167516.329633488,3,0,60.3429165583092,88344.1844308643,171.163892091851,1700.48238852956,1709.07864756086,1908.87318605568,94984.067409116,-227564.00003913,77.5315443047139,0,6.95912647247314,229.999984741211,229.999984741211,4.43400760537388,4.43417536619046,0.132334936018818,5.74901657205214,5.74901657205214,0.611800262991457
167516.649633488,3,0,60.0636928924742,88398.8626802791,170.585491200436,1701.70905728473,1710.24134082759,1910.05903453539,95016.5678493179,-226733.930044526,77.5333767934931,0,6.95602464675903,229.999984741211,229.999984741211,4.43668998465068,4.43685744539491,0.131807125809483,5.72561841797312,5.72561841797312,0.608329874658288
167516.829633488,3,0,59.9071285963007,88429.5379548147,170.2608060059,1702.39706902678,1710.89356727162,1910.72423679425,95034.7890275146,-226267.456358838,77.5343510435353,0,6.95428514480591,229.999984741211,229.999984741211,4.43819531404626,4.43836277683091,0.131565543421309,5.71249450633522,5.71249450633522,0.606250627906254
167517.009633487,3,0,59.7508528840167,88460.1548479199,169.936630174174,1703.08399944519,1711.54485790811,1911.38846810192,95052.9745229639,-225801.109491868,77.5353661639972,0,6.95254945755005,229.999984741211,229.999984741211,4.43969883428683,4.4398656901016,0.131284793360125,5.6994079353184,5.6994079353184,0.604075563986387
167517.189633487,3,0,59.5949001767446,88490.7134500723,169.612946784647,1703.76967527474,1712.19503839694,1912.05155419948,95071.119769693,-225335.012964893,77.5363824977551,0,6.9508171081543,229.999984741211,229.999984741211,4.44119993390414,4.44136648667264,0.131004873699712,5.68634975142975,5.68634975142975,0.601805849578222
167517.369633487,3,0,59.4392800482942,88521.2138494572,169.289754894021,1704.45404707634,1712.84405868387,1912.71344512331,95089.2243862537,-224869.182951175,77.5373887930147,0,6.94908809661865,229.999984741211,229.999984741211,4.44269860964611,4.44286516383628,0.130726676473045,5.67332119924241,5.67332119924241,0.599442622457456
167517.549633487,3,0,59.2839906848216,88551.6561349017,168.9670561942,1705.13712265842,1713.49192619115,1913.37414838884,95107.2887161985,-224403.616610333,77.5383870937409,0,6.94736337661743,229.999984741211,229.999984741211,4.44419516330634,4.4443611088131,0.130448720153202,5.66032371297372,5.66032371297372,0.596968182966377
167517.729633487,3,0,59.1290314191274,88582.0403945061,168.644851982011,1705.8189036487,1714.13864214183,1914.03366531139,95125.3129414605,-223938.31590637,77.5393780374869,0,6.94564199447632,229.999984741211,229.999984741211,4.44568898178938,4.44585492827287,0.130170980410542,5.64735677503045,5.64735677503045,0.594399849517877
167518.049633487,3,0,58.8543746549074,88635.9138628741,168.073259425143,1707.02770116954,1715.28545344541,1915.2031482927,95157.2550764995,-223111.83892426,77.5411078845152,0,6.94259071350098,229.999984741211,229.999984741211,4.44833925177336,4.44850489440844,0.129647088453366,5.62438177369552,5.62438177369552,0.589596626504269
167518.229633487,3,0,58.7003755076975,88666.1374066592,167.752415844892,1707.70566253549,1715.92874401585,1915.85914368421,95175.1639414856,-222647.410710002,77.5420268547406,0,6.9408802986145,229.999984741211,229.999984741211,4.4498266764175,4.44999170833476,0.129407301871685,5.61149607096017,5.61149607096017,0.586761359823227
167518.409633487,3,0,58.5466628187265,88696.3032615273,167.432089617099,1708.38254199587,1716.57109494248,1916.51416500749,95193.0383125761,-222183.126068445,77.5429891509699,0,6.93917274475098,229.999984741211,229.999984741211,4.45131196489663,4.45147669126221,0.12912839886944,5.59864610260372,5.59864610260372,0.583835495462816
167518.589633487,3,0,58.3932709521199,88726.4115184721,167.112263720465,1709.05816653742,1717.21233212415,1917.16803824605,95210.8736116071,-221719.109609547,77.54395442642,0,6.93746852874756,229.999984741211,229.999984741211,4.45279480852494,4.4529595350122,0.128850260776865,5.58582164476771,5.58582164476771,0.580813759059387
167518.769633487,3,0,58.2402095202443,88756.4622684859,166.792937255939,1709.73248642372,1717.85240522863,1917.82071315612,95228.6694547033,-221255.377876424,77.5449112468677,0,6.93576860427856,229.999984741211,229.999984741211,4.45427520413088,4.45443962445679,0.128573788513168,5.57303384750948,5.57303384750948,0.577688256549725
167518.949633486,3,0,58.0874767964274,88786.4556017024,166.474112037454,1710.40550892748,1718.49132114985,1918.47219672332,95246.4261863161,-220791.928452248,77.5458615891014,0,6.93407154083252,229.999984741211,229.999984741211,4.45575345493631,4.45591787515469,0.1282974845623,5.56027277601571,5.56027277601571,0.574459778340562
167519.129633486,3,0,57.9350721922598,88816.3915935719,166.155871524525,1711.07723031799,1719.12908103103,1919.1224896305,95264.1502341329,-220328.76978691,77.5468302596702,0,6.9323787689209,229.999984741211,229.999984741211,4.45722955820066,4.45739336501164,0.12802134407693,5.54754666155338,5.54754666155338,0.571257318199264
167519.449633486,3,0,57.664956818495,88869.4696774349,165.591264685048,1712.26811694176,1720.25993516899,1920.2755408831,95295.5550596869,-219506.158784447,77.5485186430573,0,6.92937850952148,229.999984741211,229.999984741211,4.45984739065699,4.4600105825581,0.12749717494803,5.52499018346221,5.52499018346221,0.566939691785511
167519.629633486,3,0,57.5135116488485,88899.2467550989,165.274311626195,1712.93599574527,1720.89423149571,1920.92227672629,95313.1594001813,-219043.93227083,77.5493845983538,0,6.92769575119019,229.999984741211,229.999984741211,4.46131642067087,4.4614796115752,0.127259559308067,5.5123442435609,5.5123442435609,0.564642039858883
167519.809633486,3,0,57.3623496098254,88928.9668196769,164.957865716251,1713.60279972416,1721.52759031717,1921.56804153194,95330.7291295545,-218581.862311058,77.5502896115726,0,6.92601680755615,229.999984741211,229.999984741211,4.46278329170193,4.46294617433768,0.126982981933281,5.49972930605502,5.49972930605502,0.562420093486861
167519.989633486,3,0,57.211505672401,88958.6299426367,164.641936229415,1714.26835030566,1722.1598344852,1922.21265797484,95348.2616401067,-218120.077599061,77.5512036201828,0,6.92434120178223,229.999984741211,229.999984741211,4.46424800093842,4.46441057489504,0.126706350833671,5.48713845659053,5.48713845659053,0.560419305434288
167520.169633486,3,0,57.0609901831966,88988.2362227779,164.326464235297,1714.93259923762,1722.79090970477,1922.85607241399,95365.7520593879,-217658.592970913,77.55208855689,0,6.92266893386841,229.999984741211,229.999984741211,4.46571023821626,4.46587281074443,0.126433791310178,5.47458358300914,5.47458358300914,0.558542076035496
167520.349633486,3,0,56.9107993837666,89017.7857500851,164.011474463089,1715.59556186855,1723.42083305795,1923.49830180408,95383.2026762827,-217197.400050836,77.5529583548077,0,6.92100048065186,229.999984741211,229.999984741211,4.46717030819229,4.46733257148646,0.126161295265827,5.46205451311737,5.46205451311737,0.556757149478958
167520.529633486,3,0,56.7609321475835,89047.2785997044,163.696992382276,1716.25724028202,1724.04960854547,1924.13934999451,95400.6155248417,-216736.502200174,77.5538251038782,0,6.91933584213257,229.999984741211,229.999984741211,4.46862790016828,4.46878985379633,0.12588815289752,5.44955481237777,5.44955481237777,0.555173765050475
167520.849633485,3,0,56.4953122515622,89099.5706576075,163.139040067809,1717.43033327283,1725.16453132336,1925.27601009226,95431.4673317587,-215917.917745133,77.5552897032296,0,6.91638517379761,229.999984741211,229.999984741211,4.47121327841547,4.47137492039337,0.125377401216473,5.42740386136278,5.42740386136278,0.552797799203639
167521.029633485,3,0,56.3463842746598,89128.906528399,162.825838703872,1718.08824350178,1725.78990344304,1925.91356396109,95448.7626365775,-215457.959079051,77.5560447690206,0,6.9147310256958,229.999984741211,229.999984741211,4.47266434745678,4.47282537042123,0.125144229077546,5.41498451996874,5.41498451996874,0.551617096162305
167521.209633485,3,0,56.1977350127942,89158.18605108,162.513127831823,1718.7450933847,1726.41434711696,1926.55015674485,95466.0228759202,-214998.162739963,77.5568325311044,0,6.91307973861694,229.999984741211,229.999984741211,4.47411292695501,4.47427394741123,0.12487323753944,5.40259610498019,5.40259610498019,0.55052752437928
167521.389633485,3,0,56.0493975275436,89187.4093119802,162.200888892111,1719.40071530561,1727.0376934898,1927.18561971827,95483.2434274575,-214538.652103265,77.5576114526424,0,6.91143178939819,229.999984741211,229.999984741211,4.47555963131701,4.47572034045862,0.124603686017458,5.39023533754811,5.39023533754811,0.549566360170951
167521.569633485,3,0,55.9013804589733,89216.5763966934,161.889118295209,1720.05506462725,1727.65989712192,1927.81990755009,95500.4237762437,-214079.440772044,77.5583695331775,0,6.90978765487671,229.999984741211,229.999984741211,4.47700384051304,4.47716423795938,0.124336476358261,5.37790080484773,5.37790080484773,0.548725943446287
167521.749633485,3,0,55.7536812774252,89245.6873891029,161.577815296268,1720.70815281889,1728.28096888633,1928.45303122361,95517.5641291671,-213620.523648565,77.5591083670658,0,6.90814685821533,229.999984741211,229.999984741211,4.47844586049657,4.47860594587443,0.124070111957006,5.36559759807403,5.36559759807403,0.547984364603645
167521.929633485,3,0,55.6062985831214,89274.7423723692,161.266978321743,1721.3599860586,1728.90091433395,1929.0849964007,95534.6645228958,-213161.899573699,77.5598281933204,0,6.90650987625122,229.999984741211,229.999984741211,4.47988537932081,4.4800451522316,0.123804593479719,5.35331598139548,5.35331598139548,0.54737422747644
167522.249633485,3,0,55.3450748074425,89326.2576434279,160.715516993486,1722.5156558405,1730.0002101998,1930.20558155496,95564.964357817,-212347.351183829,77.5610458963604,0,6.9036078453064,229.999984741211,229.999984741211,4.48243891548211,4.48259837279411,0.123305610705834,5.33156051079183,5.33156051079183,0.546572032893568
167522.429633485,3,0,55.1986082752477,89355.1574827653,160.4059501393,1723.16381052452,1730.6168304243,1930.83413268275,95581.9493552559,-211889.660175278,77.5616592724933,0,6.90198087692261,229.999984741211,229.999984741211,4.4838718489134,4.48403099282983,0.123078355893375,5.31935652310162,5.31935652310162,0.546275320242329
167522.609633485,3,0,55.0524134441134,89384.0016272059,160.096861008095,1723.81093123009,1731.23254368527,1931.46174508628,95598.8992868805,-211432.130625431,77.5623031110651,0,6.90035676956177,229.999984741211,229.999984741211,4.48530257956402,4.48546171968199,0.12281416109502,5.30718212733865,5.30718212733865,0.546091872589484
167522.789633484,3,0,54.9065225491619,89412.7901620659,159.788232105976,1724.45685466967,1731.84718554752,1932.08825442608,95615.8096750813,-210974.884328912,77.5629365034804,0,6.89873647689819,229.999984741211,229.999984741211,4.48673141493742,4.48688993098978,0.122551484075523,5.29504305522102,5.29504305522102,0.546021910685544
167522.969633484,3,0,54.7609439404449,89441.5231673691,159.480059804771,1725.10153770358,1732.46071209376,1932.71361689037,95632.6800199461,-210517.934183645,77.5635475954414,0,6.89711904525757,229.999984741211,229.999984741211,4.48815773231589,4.48831624416749,0.122291221864934,5.28292552782108,5.28292552782108,0.546086531931728
167523.149633484,3,0,54.6156749893978,89470.2007271958,159.172343282326,1725.74499268945,1733.07313509606,1933.33784435853,95649.5105381124,-210061.274343663,77.5641381451954,0,6.89550542831421,229.999984741211,229.999984741211,4.48958183900476,4.48974003616064,0.122031875672577,5.27083148431279,5.27083148431279,0.546251029019063
167523.329633484,3,0,54.4707142141,89498.8229233129,158.86508123046,1726.38722558029,1733.68445992981,1933.96094230985,95666.3012774317,-209604.90386348,77.5647084831245,0,6.89389514923096,229.999984741211,229.999984741211,4.49100373236325,4.4911616144552,0.121773444963691,5.25876971883555,5.25876971883555,0.546536735967454
167523.649633484,3,0,54.2137749671367,89549.5704272216,158.319864267175,1727.52591955855,1734.76850269649,1935.06583876046,95696.0448446143,-208794.343688332,77.5656196527549,0,6.89104080200195,229.999984741211,229.999984741211,4.49352574377705,4.49368330676858,0.121292276844641,5.23738913911667,5.23738913911667,0.546903670291597
167523.829633484,3,0,54.0697017448367,89578.0393376203,158.013813017421,1728.16459394483,1735.37660904303,1935.68563173148,95712.7191079902,-208338.874927165,77.5660838686833,0,6.88944053649902,229.999984741211,229.999984741211,4.49494099196481,4.49509823900367,0.12106894336794,5.22540093075528,5.22540093075528,0.546851973096547
167524.009633484,3,0,53.9258937846194,89606.4532791014,157.70817447185,1728.80226735826,1735.98382746917,1936.30450679544,95729.3541908447,-207883.566409068,77.5665280118152,0,6.88784313201904,229.999984741211,229.999984741211,4.49635432863037,4.4965112594647,0.120816943474516,5.21343370084396,5.21343370084396,0.546172132296233
167524.189633484,3,0,53.7823774710389,89634.8122897997,157.403078700141,1729.43878737668,1736.59002434804,1936.92232836608,95745.9575031071,-207428.527441711,77.5670199058195,0,6.88624858856201,229.999984741211,229.999984741211,4.49776543982999,4.49792236546886,0.120558200691563,5.20149979940126,5.20149979940126,0.545289618122202
167524.369633484,3,0,53.639166590649,89663.1164410968,157.098450213013,1730.07409126898,1737.19512766485,1937.53902540788,95762.5224348535,-206973.790036401,77.5674974545622,0,6.88465785980225,229.999984741211,229.999984741211,4.49917432272798,4.49933093151476,0.120303747282311,5.18959316288962,5.18959316288962,0.544295983448117
167524.549633483,3,0,53.4962589658316,89691.365817602,156.794291254105,1730.7081884757,1737.79914653674,1938.15460711656,95779.0495131327,-206519.345641531,77.567963202522,0,6.88307046890259,229.999984741211,229.999984741211,4.50058097473185,4.50073726631226,0.12004997051882,5.17771261944887,5.17771261944887,0.543196361517468
167524.729633483,3,0,53.3536528447687,89719.5605030728,156.490603266704,1731.34108685633,1738.40208850721,1938.76908111287,95795.5390120893,-206065.192937344,77.5684193847081,0,6.88148641586304,229.999984741211,229.999984741211,4.50198539327293,4.50214136727643,0.119796458070125,5.16586210293117,5.16586210293117,0.542012908012967
167525.049633483,3,0,53.1008850831487,89769.5496152698,155.951872054776,1732.46322531589,1739.47127091549,1939.85868906353,95824.7592356545,-205258.595781163,77.5691938492723,0,6.87867832183838,229.999984741211,229.999984741211,4.5044768420924,4.50463218124972,0.119318682191113,5.14485500993679,5.14485500993679,0.53963805408295
167525.229633483,3,0,52.9591549312937,89797.5928262731,155.649482190007,1733.09259172076,1740.07101707312,1940.4698820638,95841.1408722328,-204805.38127151,77.5695735181882,0,6.87710380554199,229.999984741211,229.999984741211,4.50587455723089,4.50602989017982,0.11910067431936,5.13308013057343,5.13308013057343,0.538146751370095
167525.409633483,3,0,52.8176853728014,89825.5816677179,155.347583115195,1733.72096101023,1740.66988732977,1941.08016865767,95857.4901582174,-204352.336395079,77.5699950453412,0,6.87553215026855,229.999984741211,229.999984741211,4.50727065387932,4.50742566803337,0.118846444867642,5.1213255893628,5.1213255893628,0.536569205856145
167525.589633483,3,0,52.6765081097052,89853.5162257501,155.046160682875,1734.34817153946,1741.26771919741,1941.68938642556,95873.8029035655,-203899.583732711,77.5704181751368,0,6.87396383285522,229.999984741211,229.999984741211,4.50866419225165,4.50881920001214,0.11859307878058,5.10961123785265,5.10961123785265,0.534904498245726
167525.769633483,3,0,52.53563190277,89881.3965867527,154.74521390451,1734.97417791675,1741.86446677709,1942.29748953447,95890.0787625217,-203447.138432539,77.5708316031717,0,6.87239933013916,229.999984741211,229.999984741211,4.51005579516091,4.5102101706532,0.118341490276578,5.09791397038421,5.09791397038421,0.533108176676579
167525.949633483,3,0,52.395054881155,89909.222836428,154.444744455156,1735.59898843352,1742.46013802516,1942.90448600455,95906.3180808505,-202994.99716909,77.5712375782387,0,6.87083768844604,229.999984741211,229.999984741211,4.51144514750223,4.51159920313627,0.118090161546903,5.08624654881078,5.08624654881078,0.531266274123833
167526.129633483,3,0,52.2547763407804,89936.9950611219,154.144753433699,1736.22260492395,1743.05473445747,1943.51037748771,95922.5210354022,-202543.161387233,77.5716369472096,0,6.86927938461304,229.999984741211,229.999984741211,4.51283193349684,4.5129859821749,0.117839054310713,5.07460444191783,5.07460444191783,0.529314163984706
167526.449633482,3,0,52.0061394122746,89986.2347757047,153.612612349348,1737.32825387365,1744.10908522925,1944.58473401126,95951.2348091591,-201740.717316808,77.572317110089,0,6.86651754379272,229.999984741211,229.999984741211,4.51529223122451,4.51544564038063,0.11736549365064,5.05397134930637,5.05397134930637,0.525624105628174
167526.629633482,3,0,51.8667288397434,90013.8573790313,153.313939562469,1737.94835098889,1744.70049088453,1945.18735123264,95967.3332281711,-201289.859206363,77.5726469526988,0,6.86496877670288,229.999984741211,229.999984741211,4.51667257044348,4.5168259722426,0.11714937611071,5.04240895568255,5.04240895568255,0.523400422736251
167526.809633482,3,0,51.7275766175776,90041.4262823298,153.015764161748,1738.5674527472,1745.29101964307,1945.78906164076,95983.4004115526,-200839.185146516,77.5730214701377,0,6.86342287063599,229.999984741211,229.999984741211,4.51805127433769,4.51820435489873,0.116897110814022,5.03086868467258,5.03086868467258,0.521093952901758
167526.989633482,3,0,51.5887143757263,90068.9415734956,152.71807208514,1739.1853976086,1745.880509124,1946.38970296953,95999.4321742449,-200388.818644074,77.5733997612207,0,6.8618803024292,229.999984741211,229.999984741211,4.51942771332845,4.51958047230551,0.116645605144548,5.01935565752588,5.01935565752588,0.518701479142738
167527.169633482,3,0,51.4501509570971,90096.4033404571,152.420862381098,1739.80213933007,1746.46891259481,1946.9892285433,96015.4281572701,-199938.775633174,77.5737702085962,0,6.86034107208252,229.999984741211,229.999984741211,4.52080157073484,4.52095432199429,0.116395816888743,5.00786984591117,5.00786984591117,0.516197274230713
167527.349633482,3,0,51.3118845796974,90123.8116684024,152.124136469863,1740.41768627302,1747.05623807432,1947.58764646145,96031.388693616,-199489.052553591,77.5741350567725,0,6.85880517959595,229.999984741211,229.999984741211,4.52217347232537,4.52232590146532,0.11614619835864,4.9964107878331,4.9964107878331,0.513609066724378
167527.529633482,3,0,51.173914626619,90151.1666463817,151.827895383518,1741.03204016493,1747.64248695539,1948.18495819389,96047.3139489595,-199039.651124154,77.5744950148866,0,6.85727262496948,229.999984741211,229.999984741211,4.5235431015961,4.52369520827414,0.115896729711776,4.98497991266798,4.98497991266798,0.510917102435886
167527.849633482,3,0,50.929376975039,90199.6662587282,151.302436628084,1742.12122195796,1748.68199055553,1949.24405627179,96075.5366700571,-198241.576749318,77.5751086734722,0,6.8545560836792,229.999984741211,229.999984741211,4.52597229422813,4.52612407166172,0.115426073101014,4.96472716260548,4.96472716260548,0.505900128908129
167528.029633482,3,0,50.7922695030103,90226.8734947107,151.007531439276,1742.73205646526,1749.26504104803,1949.83808783345,96091.360349601,-197793.200613428,77.5754025975792,0,6.8530330657959,229.999984741211,229.999984741211,4.5273354234962,4.5274868776089,0.115211315079902,4.95337178370454,4.95337178370454,0.502951152730995
167528.209633482,3,0,50.6554187619635,90254.0276422928,150.713236583809,1743.34188616593,1749.8472115826,1950.431209214,96107.1619839949,-197345.032892797,77.5757953674137,0,6.85151290893555,229.999984741211,229.999984741211,4.52869658537216,4.52884771572675,0.114955046781389,4.94204155278135,4.94204155278135,0.500493823115994
167528.389633481,3,0,50.5188613472868,90281.1288220341,150.419327026115,1743.95054039185,1750.42831282153,1951.02323297711,96122.9208236914,-196897.201037852,77.5761377425092,0,6.8499960899353,229.999984741211,229.999984741211,4.530055462797,4.53020626914666,0.114707714976674,4.93074207343732,4.93074207343732,0.498207487517056
167528.569633481,3,0,50.3825999546001,90308.1771342776,150.125920660004,1744.55799523714,1751.00833025213,1951.61414367559,96138.6462300873,-196449.703979517,77.5764816853995,0,6.84848213195801,229.999984741211,229.999984741211,4.53141205363653,4.53156285111734,0.114459917585052,4.91946794412489,4.91946794412489,0.496000900760381
167528.749633481,3,0,50.2466326577423,90335.1726312452,149.832996461126,1745.16426062309,1751.58727165558,1952.20394935758,96154.3367207698,-196002.540814494,77.5768191469577,0,6.84697198867798,229.999984741211,229.999984741211,4.53276635496124,4.53291682787139,0.11420946482465,4.90821311509004,4.90821311509004,0.494171205224249
167528.929633481,3,0,50.1109620215756,90362.1154264309,149.540519087672,1745.76932552564,1752.16512264333,1952.79263601526,96169.989412204,-195555.721011187,77.5771294126206,0,6.8454647064209,229.999984741211,229.999984741211,4.53411868047507,4.53426882852105,0.113963891681306,4.89699122412927,4.89699122412927,0.492441997126318
167529.249633481,3,0,49.8705032554278,90409.8838704601,149.021713517403,1746.84201867855,1753.1897105111,1953.83641644601,96197.7265806308,-194762.256817076,77.5776364138019,0,6.84279346466064,229.999984741211,229.999984741211,4.53651681796497,4.53666663347279,0.113499214817389,4.87710616446574,4.87710616446574,0.489627539593146
167529.429633481,3,0,49.7356843765041,90436.6807195463,148.7305256783,1747.44359680209,1753.76438276926,1954.4218448288,96213.2762871154,-194316.485470284,77.5778585404603,0,6.84129619598389,229.999984741211,229.999984741211,4.53786227381917,4.53801176359047,0.11328782524492,4.86595429002969,4.86595429002969,0.488194921363297
167529.609633481,3,0,49.6011183376829,90463.4251877506,148.439819693066,1748.04419076317,1754.3381815507,1955.00637133093,96228.7949145425,-193870.920958802,77.5781182375702,0,6.83980131149292,229.999984741211,229.999984741211,4.53920606150844,4.53935522524553,0.113041118392159,4.85482416490012,4.85482416490012,0.486832744165363
167529.789633481,3,0,49.4668359122827,90490.1173599521,148.149580061959,1748.64364357558,1754.91094891242,1955.58983801025,96244.2782280458,-193425.685964055,77.5783733785589,0,6.8383092880249,229.999984741211,229.999984741211,4.54054754638275,4.54069670035082,0.112795669836944,4.84372538286958,4.84372538286958,0.485546654457795
167529.969633481,3,0,49.3328452391311,90516.7573199403,147.859803879215,1749.24191284158,1755.48264180299,1956.1722019655,96259.725768843,-192980.794413446,77.5786116826224,0,6.83682107925415,229.999984741211,229.999984741211,4.54188672596515,4.54203555337144,0.11255244217574,4.83265601353739,4.83265601353739,0.484332172677863
167530.149633481,3,0,49.1991439495025,90543.3451516852,147.57049060644,1749.83900927878,1756.05327047412,1956.75347349677,96275.1377641947,-192536.240668562,77.5788350433892,0,6.83533573150635,229.999984741211,229.999984741211,4.54322391476194,4.54337241527529,0.112309881014223,4.82160079176417,4.82160079176417,0.483181148304703
167530.32963348,3,0,49.065730841432,90569.8809371765,147.281639001135,1750.43493808058,1756.62283961375,1957.33365743496,96290.5142574389,-192092.024155702,77.5790437631291,0,6.83385372161865,229.999984741211,229.999984741211,4.54455847660264,4.54470696697465,0.112067982391247,4.81058115402438,4.81058115402438,0.482115983279509
167530.64963348,3,0,48.8292716042122,90616.9274165607,146.769254581352,1751.49143999421,1757.63274513408,1958.3623645611,96317.7606494504,-191303.197828655,77.5793637416473,0,6.83122730255127,229.999984741211,229.999984741211,4.54692593833179,4.54707377585655,0.111613115849516,4.79104699211891,4.79104699211891,0.480381351706771
167530.82963348,3,0,48.6966933990543,90643.3190634135,146.481665504592,1752.0839448837,1758.19918748398,1958.93934409826,96333.0346190385,-190860.035882161,77.5794780818808,0,6.82975435256958,229.999984741211,229.999984741211,4.54825452915089,4.54840203861871,0.111406439033375,4.78009349170672,4.78009349170672,0.47949338163337
167531.00963348,3,0,48.564362444946,90669.6589756202,146.194548421162,1752.67548662113,1758.76477345448,1959.51543950251,96348.277657725,-190417.081893963,77.5796284048712,0,6.82828426361084,229.999984741211,229.999984741211,4.54958080101248,4.54972829980096,0.111165138306434,4.76916267629518,4.76916267629518,0.478705892320569
167531.18963348,3,0,48.4323088530354,90695.9472378793,145.907888287409,1753.2659109421,1759.32934787048,1960.09049567975,96363.485608711,-189974.457600675,77.5797727457905,0,6.82681751251221,229.999984741211,229.999984741211,4.55090506937495,4.55105223960064,0.110925163616579,4.75826079891451,4.75826079891451,0.477984900129257
167531.36963348,3,0,48.3005405475737,90722.1839307032,145.621682344747,1753.85517629901,1759.89286857233,1960.66447055669,96378.6580400697,-189532.176342876,77.5798989640659,0,6.82535362243652,229.999984741211,229.999984741211,4.55222733226325,4.55237417360314,0.110687484708598,4.74738154652199,4.74738154652199,0.477333540981492
167531.54963348,3,0,48.1690550475174,90748.3691368697,145.335930122756,1754.44329465594,1760.45534706142,1961.23737572252,96393.7951944403,-189090.231939871,77.5800092170468,0,6.82389307022095,229.999984741211,229.999984741211,4.55354726955579,4.55369378166768,0.110450519857815,4.73653001589619,4.73653001589619,0.476751172061945
167531.72963348,3,0,48.0378510855229,90774.5029365297,145.050630362608,1755.03027127503,1761.0167881224,1961.80921604915,96408.8971174845,-188648.623547508,77.580103883578,0,6.82243585586548,229.999984741211,229.999984741211,4.55486487880434,4.55501106134339,0.110214266553593,4.72569370448858,4.72569370448858,0.476269683948932
167532.04963348,3,0,47.8053024385352,90820.8363512676,144.544538253151,1756.07092405685,1762.0123003026,1962.82314839555,96435.6561477078,-187864.429234832,77.5802192410818,0,6.81985235214233,229.999984741211,229.999984741211,4.55720205477223,4.55734789843376,0.109770195119848,4.70650550122316,4.70650550122316,0.475594536967078
167532.229633479,3,0,47.6749137406547,90846.827780848,144.260476521643,1756.65455462298,1762.57068204957,1963.3918537103,96450.6564666585,-187423.868999699,77.5802179518508,0,6.81840419769287,229.999984741211,229.999984741211,4.55851332641575,4.5586588396872,0.109568589658897,4.69574647420426,4.69574647420426,0.475320776533212
167532.409633479,3,0,47.5447662638829,90872.7681109748,143.976877087994,1757.23724559454,1763.12822722377,1963.95969537221,96465.6260516486,-186983.515649167,77.5802518371737,0,6.8169584274292,229.999984741211,229.999984741211,4.5598228988762,4.55996808146321,0.109333088550242,4.68500484962345,4.68500484962345,0.475140170542512
167532.589633479,3,0,47.4148894605502,90898.6574218443,143.693725483217,1757.81884586501,1763.68478384164,1964.52652147664,96480.5608438186,-186543.489542363,77.5802791338365,0,6.81551551818848,229.999984741211,229.999984741211,4.5611301324897,4.56127530316648,0.10909894900119,4.67429174948415,4.67429174948415,0.475042161060081
167532.769633479,3,0,47.2852910168617,90924.4957950223,143.411019047192,1758.39931484193,1764.24031072936,1965.09229093225,96495.4604235119,-186103.803785217,77.5802878312649,0,6.81407594680786,229.999984741211,229.999984741211,4.5624353440963,4.56258018358723,0.108867129829416,4.66360943626727,4.66360943626727,0.475018218421777
167532.949633479,3,0,47.1559684266284,90950.2833100809,143.12875736131,1758.97866422291,1764.79481915721,1965.6570150705,96510.3250370091,-185664.452101775,77.5802801764569,0,6.8126392364502,229.999984741211,229.999984741211,4.56373821233863,4.56388303973886,0.108636052500368,4.65294406249016,4.65294406249016,0.475100906020304
167533.129633479,3,0,47.0269203956845,90976.0200467587,142.846939363173,1759.55690012115,1765.34831477132,1966.22069963186,96525.1547525291,-185225.433236793,77.5802567367987,0,6.81120586395264,229.999984741211,229.999984741211,4.5650390543709,4.56518355007883,0.108405700492729,4.64230267577364,4.64230267577364,0.47529108826788
167533.449633479,3,0,46.7981869277277,91021.6491144648,142.347015296493,1760.58208458822,1766.32976353522,1967.22019632404,96551.4307109931,-184445.83322796,77.5801617873125,0,6.80866479873657,229.999984741211,229.999984741211,4.56734634540506,4.56749049941569,0.107972822091802,4.62344524075564,4.62344524075564,0.475895089865942
167533.629633479,3,0,46.669933688938,91047.2452379452,142.066339112175,1761.15706100951,1766.88027254938,1967.78082084344,96566.1543395235,-184007.845647086,77.5800173039812,0,6.80724000930786,229.999984741211,229.999984741211,4.56864112225057,4.56878494385088,0.107777877977775,4.61287191782056,4.61287191782056,0.476152479613674
167533.809633479,3,0,46.5419141342498,91072.790931179,141.786181481795,1761.73112776236,1767.42997276547,1968.34060998213,96580.8525863549,-183570.062482037,77.5799185211961,0,6.8058180809021,229.999984741211,229.999984741211,4.56993386580224,4.57007735464772,0.10755035286994,4.60231717605059,4.60231717605059,0.476118892888076
167533.989633479,3,0,46.4141561267849,91098.2862667252,141.506421705511,1762.3041439796,1767.9787195778,1968.89941953186,96595.5134233263,-183132.591885447,77.5798062528661,0,6.80439901351929,229.999984741211,229.999984741211,4.57122457399069,4.57136772978695,0.107321781673598,4.59178958279898,4.59178958279898,0.475845592391845
167534.169633478,3,0,46.2866692336472,91123.7313222003,141.227129997895,1762.87605489684,1768.52646341692,1969.45719940423,96610.1417875214,-182695.46040926,77.5797037123024,0,6.80298280715942,229.999984741211,229.999984741211,4.57251292442306,4.57265606732,0.107096000884836,4.58128801257769,4.58128801257769,0.475358176765221
167534.349633478,3,0,46.1594511514899,91149.1261803205,140.948308858543,1763.44687581154,1769.07321397322,1970.01395990217,96624.7381641207,-182258.661222293,77.5795789891215,0,6.80156946182251,229.999984741211,229.999984741211,4.57379955602429,4.57394236536958,0.106870593309942,4.57080596409884,4.57080596409884,0.474647401951876
167534.529633478,3,0,46.0325008024003,91174.4709094361,140.669941130741,1764.01660755455,1769.61897578723,1970.56970522552,96639.3013661025,-181822.193147481,77.5794597715254,0,6.8001594543457,229.999984741211,229.999984741211,4.57508382559376,4.57522630105053,0.106644062418098,4.56035094195627,4.56035094195627,0.473819494253101
167534.849633478,3,0,45.8074841501668,91219.4046775993,140.176180204723,1765.02671487305,1770.586712392,1971.55512568134,96665.1077926846,-181047.140202295,77.5792152976641,0,6.7976598739624,229.999984741211,229.999984741211,4.57736165119639,4.57750378201658,0.1062184868636,4.54182087277688,4.54182087277688,0.472120719939509
167535.029633478,3,0,45.6813147513569,91244.6105789903,139.89906308599,1765.59322931543,1771.1295288786,1972.10785310336,96679.5754894156,-180611.723561089,77.5790249453387,0,6.79625797271729,229.999984741211,229.999984741211,4.5786398113667,4.57878192878044,0.106024939428662,4.53142842866301,4.53142842866301,0.471034596842234
167535.209633478,3,0,45.5553768850139,91269.7666581006,139.622415189274,1766.15883734854,1771.67153693247,1972.65974610002,96694.0146394382,-180176.520418154,77.578879383363,0,6.79485893249512,229.999984741211,229.999984741211,4.57991624384863,4.58005802646378,0.105798145484771,4.52106724461918,4.52106724461918,0.46984970659601
167535.389633478,3,0,45.4296995206709,91294.8729972737,139.346224905427,1766.72338952835,1772.21258646155,1973.21065463918,96708.421434468,-179741.651733748,77.5787373985422,0,6.79346323013306,229.999984741211,229.999984741211,4.58119030415263,4.58133175164132,0.105572166725439,4.51072324715747,4.51072324715747,0.468563278635032
167535.569633478,3,0,45.3042906898672,91319.9296789498,139.070491437085,1767.28684384582,1772.75263505348,1973.76053637357,96722.7955664807,-179307.132148817,77.5785874029295,0,6.79206991195679,229.999984741211,229.999984741211,4.58246231166795,4.58260374543689,0.105347965047252,4.50040504093927,4.50040504093927,0.467190315855443
167535.749633478,3,0,45.1791485267914,91344.9367861786,138.795216089833,1767.84920875403,1773.29169089236,1974.30939955338,96737.1373600179,-178872.957601576,77.5784319562092,0,6.79067993164063,229.999984741211,229.999984741211,4.58373226453973,4.58387336272133,0.105123965176776,4.49010937918122,4.49010937918122,0.465711440348292
167535.929633478,3,0,45.0542723768166,91369.8944006296,138.520399715352,1768.41048635955,1773.82975579774,1974.85724606427,96751.4469713283,-178439.129355648,77.5782718323177,0,6.78929281234741,229.999984741211,229.999984741211,4.58500016092822,4.58514092320573,0.104900136719991,4.4798388858509,4.4798388858509,0.464143481500699
167536.249633477,3,0,44.8329363078546,91414.1415466068,138.032966325604,1769.40557875294,1774.78381807142,1975.8286345193,96776.8053054111,-177668.796957874,77.5779620065698,0,6.78683376312256,229.999984741211,229.999984741211,4.58724894836593,4.58738936340938,0.104477979867824,4.46164276466628,4.46164276466628,0.461133578188256
167536.429633477,3,0,44.7088338712246,91438.9621144304,137.759415932291,1769.96365247032,1775.31894476352,1976.37347167289,96791.0223815767,-177236.05453379,77.5777375528903,0,6.78545522689819,229.999984741211,229.999984741211,4.58851069262759,4.58865077101583,0.104286000846961,4.45143639085622,4.45143639085622,0.459297701911067
167536.609633477,3,0,44.5849611163374,91463.7335017673,137.486339792054,1770.52082112424,1775.85326208842,1976.91747397883,96805.2118936647,-176803.538895174,77.5775604797386,0,6.78407907485962,229.999984741211,229.999984741211,4.5897703730606,4.58991043710295,0.104060798314207,4.44125397627056,4.44125397627056,0.457381582301998
167536.789633477,3,0,44.4613469842275,91488.4557940601,137.213726204384,1771.07693541282,1776.38662008738,1977.46049154024,96819.3700229294,-176371.371927162,77.5773888310116,0,6.78270626068115,229.999984741211,229.999984741211,4.591027987873,4.59116771481104,0.103836322584645,4.4310998409488,4.4310998409488,0.455353168601436
167536.969633477,3,0,44.3379995701368,91513.1290724973,136.941574388689,1771.63195286597,1776.91897589386,1978.00248155507,96833.4964525608,-175939.568846722,77.5772107251807,0,6.78133583068848,229.999984741211,229.999984741211,4.59228385814185,4.59242324768404,0.103613582353454,4.42096484420512,4.42096484420512,0.453244460689287
167537.149633477,3,0,44.2149170753089,91537.7534219505,136.66988575847,1772.18588145661,1777.45033721981,1978.54345179988,96847.5915104586,-175508.125773856,77.5770286711579,0,6.77996873855591,229.999984741211,229.999984741211,4.59353733641909,4.59367638824799,0.103390968586656,4.41085482649747,4.41085482649747,0.45105473566191
167537.329633477,3,0,44.0920989348035,91562.328925677,136.398660965096,1772.73872309562,1777.98070569427,1979.08340396891,96861.6553357379,-175077.044084699,77.5768434162172,0,6.77860450744629,229.999984741211,229.999984741211,4.59478874365086,4.59492745746876,0.103168460601959,4.40076812679237,4.40076812679237,0.448758338187735
167537.649633477,3,0,43.8744176236319,91605.8983615247,135.917624843002,1773.71881749481,1778.9210791158,1980.04075302214,96886.5790544623,-174311.633258378,77.5764919368952,0,6.77618646621704,229.999984741211,229.999984741211,4.59700796495713,4.59714632870763,0.102748635925979,4.38289581240238,4.38289581240238,0.444430019380524
167537.829633477,3,0,43.7523687750175,91630.3386172777,135.647679691604,1774.26845473577,1779.44850259074,1980.57769047678,96900.5529668848,-173881.681427272,77.5762452448644,0,6.77483034133911,229.999984741211,229.999984741211,4.5982531781644,4.59839152680115,0.102557757535554,4.37287267723796,4.37287267723796,0.441848071468426
167538.009633476,3,0,43.6305483072745,91654.7303430422,135.378213222391,1774.81718565556,1779.97511315257,1981.11379005398,96914.5002133751,-173451.971552444,77.5760476147252,0,6.77347707748413,229.999984741211,229.999984741211,4.59949631314777,4.59963464669586,0.102333646331478,4.36287845790061,4.36287845790061,0.439135771979231
167538.189633476,3,0,43.5089851614375,91679.073622759,135.109213848029,1775.36486076778,1780.50076067348,1981.64890165865,96928.416976459,-173022.626645615,77.5758564064887,0,6.7721266746521,229.999984741211,229.999984741211,4.6007376921018,4.60087568661875,0.102110227097615,4.35290285172157,4.35290285172157,0.436304610369917
167538.369633476,3,0,43.387687471305,91703.3685081975,134.840800926796,1775.91143057054,1781.02540254452,1982.18298202138,96942.3120935631,-172593.671535301,77.5757123259465,0,6.77077960968018,229.999984741211,229.999984741211,4.60197698931875,4.60211432026557,0.101885732657737,4.34295885855919,4.34295885855919,0.433662343426332
167538.549633476,3,0,43.2666560474072,91727.6150281172,134.572746982213,1776.45690055242,1781.54903211029,1982.71602575936,96956.1682056716,-172165.095222553,77.5755283240103,0,6.76943492889404,229.999984741211,229.999984741211,4.60321387784322,4.60335119320004,0.101661127981012,4.33303216332943,4.33303216332943,0.431632782034515
167538.729633476,3,0,43.145891272797,91751.8133289117,134.305148080476,1777.00126599252,1782.0716463445,1983.24802970301,96969.9926519473,-171736.908701848,77.5753178211645,0,6.76809358596802,229.999984741211,229.999984741211,4.60444868074233,4.6045856561266,0.101442487322978,4.32312749589444,4.32312749589444,0.429676095538125
167539.049633476,3,0,42.9318529151818,91794.7137345169,133.830535432777,1777.96631244025,1782.99824714718,1984.19126273643,96994.4909402424,-170976.663613657,77.5749102248609,0,6.76571607589722,229.999984741211,229.999984741211,4.60663845427219,4.60677507704269,0.101026424865705,4.30558106503609,4.30558106503609,0.42633390907738
167539.229633476,3,0,42.811849387512,91818.7785192269,133.564211377533,1778.50749336382,1783.5179286586,1984.72026574957,97008.2270727708,-170549.63474057,77.5746358225924,0,6.76438283920288,229.999984741211,229.999984741211,4.60786734607259,4.60800362812043,0.100836377917214,4.295743082307,4.295743082307,0.424621140801319
167539.409633476,3,0,42.6920729876193,91842.7953827344,133.298329397202,1779.04776921027,1784.03679325505,1985.24842768092,97021.9342968097,-170122.860477186,77.5743897724416,0,6.76305246353149,229.999984741211,229.999984741211,4.60909414527535,4.60923008633032,0.100615862346081,4.28592582835725,4.28592582835725,0.423069258088275
167539.589633476,3,0,42.572550374984,91866.7644161985,133.032896973599,1779.58700086558,1784.5547025434,1985.77561004305,97035.6104798622,-169696.456434602,77.5741417680524,0,6.7617244720459,229.999984741211,229.999984741211,4.61031885026056,4.61045477515813,0.100395849294356,4.27613311347203,4.27613311347203,0.421587860758909
167539.769633476,3,0,42.453289120141,91890.6857012486,132.767911383519,1780.12514855481,1785.0716162289,1986.30177262468,97049.2551579946,-169270.437692491,77.5738791003695,0,6.76039981842041,229.999984741211,229.999984741211,4.6115414592631,4.61167704272838,0.10017797153462,4.26636019223362,4.26636019223362,0.420208089390713
167539.949633475,3,0,42.3342871234235,91914.5593174159,132.503371966703,1780.66222228521,1785.58754392816,1986.82692511774,97062.8685417199,-168844.798406914,77.5736036997159,0,6.75907802581787,229.999984741211,229.999984741211,4.61276197049966,4.61289721223022,0.1,4.25660988237911,4.25660988237911,0.418895511773493
167540.129633475,3,0,42.2155069646641,91938.3853463071,132.239291826748,1781.1984135423,1786.10267712541,1987.35125908782,97076.4554178627,-168419.389199902,77.5733708037999,0,6.75775814056396,229.999984741211,229.999984741211,4.61398038219839,4.61411593306261,0.1,4.2468860833776,4.2468860833776,0.417661834463465
167540.449633475,3,0,42.0044257172637,91980.6255117829,131.77111722239,1782.15185269586,1787.01890106179,1988.28378092773,97100.6008529399,-167661.908775262,77.573766295441,0,6.75541305541992,229.999984741211,229.999984741211,4.61614604914027,4.6162812454886,0.1,4.22965314756323,4.22965314756323,0.415691709674528
167540.629633475,3,0,41.8856925156009,92004.3198364718,131.508508017347,1782.68852181905,1787.53476105275,1988.80877541262,97114.1803733053,-167235.066842433,77.5745185390358,0,6.75409364700317,229.999984741211,229.999984741211,4.6173640554276,4.61749923567396,0.1,4.21998451117892,4.21998451117892,0.414678634790671
167540.809633475,3,0,41.7669593139382,92027.9669295173,131.24643035968,1783.22544943862,1788.05096870561,1989.33409382803,97127.7583312665,-166807.677223533,77.5756548022484,0,6.75277423858643,229.999984741211,229.999984741211,4.61858159178541,4.6187170821841,0.1,4.21034352850565,4.21034352850565,0.413767508878592
167540.989633475,3,0,41.6482261122754,92051.5668848921,130.984883771924,1783.76263527882,1788.56752341231,1989.85973563225,97141.3347903012,-166379.739072156,77.5771771839071,0,6.75145530700684,229.999984741211,229.999984741211,4.61979931142554,4.61993445983123,0.1,4.200719608741,4.200719608741,0.412948702791342
167541.169633475,3,0,41.5294929106127,92075.1197990092,130.723867404482,1784.30007958746,1789.08442505689,1990.38570077875,97154.9097990957,-165951.250955872,77.5790876872894,0,6.75013589859009,229.999984741211,229.999984741211,4.62101688951328,4.62115202219228,0.1,4.1911202930013,4.1911202930013,0.412222825203421
167541.349633475,3,0,41.4107597089499,92098.6257673578,130.463380922359,1784.83778220331,1789.60167314867,1990.91198884274,97168.4834315759,-165522.212120285,77.581388485017,0,6.74881649017334,229.999984741211,229.999984741211,4.6222340005955,4.6223694442518,0.1,4.18154386845657,4.18154386845657,0.411566925450926
167541.529633475,3,0,41.2920265072872,92122.0848857469,130.203423805313,1785.37574284485,1790.11926707614,1991.43859927855,97182.0557523844,-165092.621596662,77.5840817229886,0,6.74749755859375,229.999984741211,229.999984741211,4.62345129881375,4.62358640040059,0.1,4.17198774863638,4.17198774863638,0.411002891410219
167541.849633474,3,0,41.0809452598867,92163.6746002069,129.742583310882,1786.33275332555,1791.04028583595,1992.37558965748,97206.1812821435,-164327.540256182,77.5898451945988,0,6.74515199661255,229.999984741211,229.999984741211,4.62561500774655,4.62575008212811,0.1,4.1550521286855,4.1550521286855,0.410228169435085
167542.029633474,3,0,40.962212058224,92187.0040767769,129.48409407034,1786.87142927716,1791.55883723987,1992.90309270043,97219.7503088458,-163896.412509324,77.5936397447949,0,6.7438325881958,229.999984741211,229.999984741211,4.62683159776119,4.62696698415877,0.1,4.14555811113054,4.14555811113054,0.409927201553707
167542.209633474,3,0,40.8434788565612,92210.2870621153,129.226132047449,1787.41036282938,1792.07773277772,1993.43091669005,97233.3182651508,-163464.729241965,77.5978348819019,0,6.74251365661621,229.999984741211,229.999984741211,4.62804837972794,4.62818342396316,0.1,4.13608476358522,4.13608476358522,0.409768652907171
167542.389633474,3,0,40.7247456548985,92233.5236508851,128.968696803756,1787.94955351824,1792.59697166098,1993.95906089162,97246.8852208901,-163032.489627755,77.6024327929998,0,6.74119424819946,229.999984741211,229.999984741211,4.62926502777337,4.62940005713468,0.1,4.12663171958188,4.12663171958188,0.409682951088713
167542.569633474,3,0,40.6060124532357,92256.7139389423,128.711787921068,1788.48900120559,1793.11655342747,1994.48752489005,97260.4512522599,-162599.692739893,77.6074357724931,0,6.73987483978271,229.999984741211,229.999984741211,4.63048121544624,4.63061655765505,0.1,4.11720332177656,4.11720332177656,0.409712623319234
167542.749633474,3,0,40.487279251573,92279.858019408,128.455404953521,1789.02870561324,1793.63647747438,1995.01630816681,97274.0164320209,-162166.337689016,77.6128460924465,0,6.73855590820313,229.999984741211,229.999984741211,4.6316975989052,4.63183259887002,0.1,4.107794927502,4.107794927502,0.409833649482618
167542.929633474,3,0,40.3685460499102,92302.9559879638,128.199547309133,1789.56866653989,1794.15674327161,1995.54541024044,97287.5808265186,-161732.42344806,77.6186660145805,0,6.73723649978638,229.999984741211,229.999984741211,4.63291385182971,4.63304883729095,0.1,4.09841048833631,4.09841048833631,0.41004163807043
167543.249633474,3,0,40.1574648025098,92343.9054792408,127.745984569439,1790.52923068962,1795.08250326525,1996.48682274265,97311.6935838091,-160959.636111813,77.6300311030245,0,6.73489093780518,229.999984741211,229.999984741211,4.63507539581462,4.63521068396686,0.1,4.08177567714166,4.08177567714166,0.410660472073807
167543.429633474,3,0,40.038731600847,92366.8758529682,127.491583340298,1791.06990415606,1795.60371662467,1997.01680900434,97325.256176045,-160524.162892092,77.6370010590441,0,6.73357200622559,229.999984741211,229.999984741211,4.6362912918699,4.63642623769808,0.1,4.07244654727286,4.07244654727286,0.411160435565269
167543.609633474,3,0,39.9199983991843,92389.8004719657,127.23770551367,1791.6108333225,1796.12526968839,1997.54711227606,97338.8182555392,-160088.126860165,77.6443894025201,0,6.73225259780884,229.999984741211,229.999984741211,4.6375070616723,4.63764199346791,0.1,4.06313964852272,4.06313964852272,0.411729266872567
167543.789633473,3,0,39.8012651975215,92412.6794332477,126.98432779028,1792.15201980118,1796.64716215749,1998.07773248483,97352.3781620258,-159651.525076036,77.6521854815395,0,6.73093318939209,229.999984741211,229.999984741211,4.63872237772571,4.63885762426355,0.1,4.05385631484677,4.05385631484677,0.412362790040259
167543.969633473,3,0,39.6825319958588,92435.5128848638,126.731442751619,1792.69346402287,1797.16939362441,1998.60866933752,97365.9354318373,-159214.356024848,77.6603872717201,0,6.7296142578125,229.999984741211,229.999984741211,4.63993789894923,4.64007280315553,0.1,4.04459356335286,4.04459356335286,0.412602300200728
167544.149633473,3,0,39.563798794196,92458.3008968852,126.479104986367,1793.23516224146,1797.6919638786,1999.13992230113,97379.4943553495,-158776.622840506,77.6690291268211,0,6.72829484939575,229.999984741211,229.999984741211,4.64115329774594,4.64128818835879,0.1,4.03535270716061,4.03535270716061,0.41264917578244
167544.329633473,3,0,39.4450655925333,92481.0435772666,126.227271381691,1793.77711687039,1798.21487206043,1999.67149087913,97393.0517520013,-158338.321437853,77.6780889143976,0,6.726975440979,229.999984741211,229.999984741211,4.64236824632079,4.64250345255975,0.1,4.02612915771579,4.02612915771579,0.412427680199105
167544.649633473,3,0,39.2339843451328,92521.3633530927,125.780962137907,1794.74121480267,1799.14532040687,2000.61727953834,97417.1618594845,-157557.724310956,77.6953229137243,0,6.72463035583496,229.999984741211,229.999984741211,4.64452840731045,4.64466326080413,0.1,4.00979088105942,4.00979088105942,0.411540437657391
167544.829633473,3,0,39.1152511434701,92543.9805725489,125.53066062369,1795.28387280587,1799.66916602356,2001.14972297872,97430.7257152782,-157117.84910153,77.7056353430324,0,6.72331094741821,229.999984741211,229.999984741211,4.64574302435713,4.64587819420872,0.1,4.00063232935496,4.00063232935496,0.410896602635176
167545.009633473,3,0,38.9965179418073,92566.5528018002,125.280899355364,1795.8267840104,1800.19334778073,2001.68248023114,97444.2912599036,-156677.404880237,77.7163976477228,0,6.72199153900146,229.999984741211,229.999984741211,4.64695785369891,4.6470930107006,0.1,3.99149819712561,3.99149819712561,0.410177850692912
167545.189633473,3,0,38.8777847401446,92589.0801388986,125.031679580377,1796.36994850843,1800.71786557373,2002.21555124474,97457.8587189747,-156236.390527413,77.727613676032,0,6.72067260742188,229.999984741211,229.999984741211,4.64817256718165,4.6483073816668,0.1,3.98238035291322,3.98238035291322,0.409366508190599
167545.369633473,3,0,38.7590515384818,92611.5626818533,124.783002975787,1796.91336583357,1801.24271876184,2002.74893543018,97471.428343849,-155794.805287764,77.7392873465957,0,6.71935319900513,229.999984741211,229.999984741211,4.649387165996,4.64952196774767,0.1,3.97328573398606,3.97328573398606,0.408447876160833
167545.549633472,3,0,38.6403183368191,92634.0005274401,124.534870989976,1797.45703569314,1801.76790686732,2003.28263236262,97485.0003733698,-155352.648286258,77.7514225731896,0,6.71803379058838,229.999984741211,229.999984741211,4.6506013212315,4.65073644046646,0.1,3.96421414249401,3.96421414249401,0.407451316326942
167545.729633472,3,0,38.5215851351563,92656.3937756757,124.287285173659,1798.00095773469,1802.29342935038,2003.8166415549,97498.575052015,-154909.918732187,77.7640232678632,0,6.71671485900879,229.999984741211,229.999984741211,4.65181569412663,4.65195047078731,0.1,3.95516769406223,3.95516769406223,0.406359058073659
167546.049633472,3,0,38.3105038877559,92696.0941800129,123.848485763334,1798.96855205762,1803.22851573341,2004.76676097335,97522.7151117211,-154121.427596262,77.7875863327628,0,6.71436929702759,229.999984741211,229.999984741211,4.65397393848611,4.65410902381435,0.1,3.9391337697862,3.9391337697862,0.404216093498024
167546.229633472,3,0,38.1917706860931,92718.3640598467,123.602424862793,1799.51317310771,1803.75496457878,2005.30163536757,97536.2984316266,-153677.103085768,77.8015010891993,0,6.71304988861084,229.999984741211,229.999984741211,4.65518800557977,4.65532307895694,0.1,3.93014747389252,3.93014747389252,0.402900612304363
167546.409633472,3,0,38.0730374844304,92740.5897153704,123.356915763107,1800.05804517405,1804.28174593858,2005.83682035853,97549.8853282087,-153232.202821619,77.8158965837933,0,6.71173095703125,229.999984741211,229.999984741211,4.65640196493812,4.65653669567956,0.1,3.92117689876946,3.92117689876946,0.401477819258302
167546.589633472,3,0,37.9543042827676,92762.7712444273,123.111959945749,1800.6031681267,1804.80885949264,2006.37231567959,97563.4760534008,-152786.725789834,77.8307769545582,0,6.7104115486145,229.999984741211,229.999984741211,4.65761581776209,4.65775053667635,0.1,3.91223604788773,3.91223604788773,0.399996810573821
167546.769633472,3,0,37.8355710811049,92784.9087480617,122.867559001712,1801.14854148182,1805.336304579,2006.90812073103,97577.0708616911,-152340.671292239,77.8461463868213,0,6.70909214019775,229.999984741211,229.999984741211,4.65882923418016,4.65896427251258,0.1,3.9033125549682,3.9033125549682,0.398406685997487
167546.949633472,3,0,37.7168378794421,92807.0023248137,122.62371418069,1801.69416497894,1805.86408073395,2007.44423510634,97590.6699877094,-151894.038391864,77.8620089406828,0,6.70777320861816,229.999984741211,229.999984741211,4.66004287746986,4.66017757311587,0.1,3.89441659064579,3.89441659064579,0.396714565085089
167547.129633472,3,0,37.5981046777794,92829.0520772577,122.380427222348,1802.24003836891,1806.39218753366,2007.9806584307,97604.2737041862,-151446.826251333,77.8783689809037,0,6.70645380020142,229.999984741211,229.999984741211,4.66125641792511,4.66139110215556,0.1,3.88553873193138,3.88553873193138,0.394905473947306
167547.449633471,3,0,37.387023430379,92868.143736967,121.949299002746,1803.21109582343,1807.33185875101,2008.93506109892,97628.4702056036,-150650.349530316,77.9086951578818,0,6.70410823822021,229.999984741211,229.999984741211,4.66341320453284,4.66354820048268,0.1,3.86981258214551,3.86981258214551,0.391390705258576
167547.629633471,3,0,37.2682902287162,92890.0722790987,121.707569401709,1803.75766161002,1807.86088128134,2009.47234010308,97642.0880083276,-150201.523895282,77.9264596531476,0,6.70278930664063,229.999984741211,229.999984741211,4.6646264656223,4.66476111884123,0.1,3.86100001933514,3.86100001933514,0.389278759932234
167547.809633471,3,0,37.1495570270535,92911.9573771623,121.466403264556,1804.30447609367,1808.39023255564,2010.00992634126,97655.7113704489,-149752.115745787,77.9447380088212,0,6.70146989822388,229.999984741211,229.999984741211,4.66583929657714,4.66597427089086,0.1,3.85220529353875,3.85220529353875,0.387049125067882
167547.989633471,3,0,37.0308238253907,92933.7991327411,121.225802168898,1804.85153879577,1808.91991191064,2010.54781920288,97669.3405578253,-149302.124310052,77.9635346305568,0,6.70015048980713,229.999984741211,229.999984741211,4.66705236248155,4.66718732618662,0.1,3.84343612953511,3.84343612953511,0.384727035799401
167548.169633471,3,0,36.912090623728,92955.5976467857,120.985767615163,1805.3988494619,1809.44991890865,2011.08601831319,97682.9758335969,-148851.548739634,77.9828540523739,0,6.69883108139038,229.999984741211,229.999984741211,4.66826533273938,4.6684002859763,0.1,3.83468785535793,3.83468785535793,0.38228844432359
167548.349633471,3,0,36.7933574220652,92977.3530221832,120.746301075455,1805.9464079935,1809.98025325537,2011.62452341197,97696.6174635553,-148400.388018129,78.0027007726527,0,6.69751214981079,229.999984741211,229.999984741211,4.66947820861993,4.66961281907654,0.1,3.82596370073938,3.82596370073938,0.379734679752428
167548.529633471,3,0,36.6746242204025,92999.0653616943,120.507404206346,1806.49421405616,1810.51091444196,2012.1633340509,97710.2657268859,-147948.641269827,78.0230794733377,0,6.69619274139404,229.999984741211,229.999984741211,4.67069065880738,4.67082559152727,0.1,3.8172622859007,3.8172622859007,0.377085425009222
167548.849633471,3,0,36.463542973002,93037.5590594079,120.084186572023,1807.46869705705,1811.45511795631,2013.12197255086,97734.5524139017,-147144.092267998,78.0606834935296,0,6.69384765625,229.999984741211,229.999984741211,4.67284645303363,4.67298103500742,0.1,3.80184796945726,3.80184796945726,0.372710170647483
167549.029633471,3,0,36.3448097713393,93059.1522986712,119.846928947931,1808.01718581887,1811.98668439443,2013.66162923495,97748.2242872184,-146690.717110555,78.0825948081683,0,6.69252824783325,229.999984741211,229.999984741211,4.6740589825464,4.67419355449117,0.1,3.7932163045126,3.7932163045126,0.370538701996093
167549.209633471,3,0,36.2260765696765,93080.7028198132,119.610222180311,1808.5659220622,1812.51857535587,2014.20158950346,97761.9019456607,-146236.750937357,78.1050412025336,0,6.6912088394165,229.999984741211,229.999984741211,4.67527108964409,4.67540598489502,0.1,3.78459433348094,3.78459433348094,0.368831287408783
167549.38963347,3,0,36.1073433680138,93102.2107669372,119.374054790104,1809.11490682427,1813.05079081464,2014.74185346848,97775.5846639802,-145782.19147292,78.1280191036701,0,6.68988990783691,229.999984741211,229.999984741211,4.67648344235109,4.67661799472049,0.1,3.77600079155836,3.77600079155836,0.367229535876616
167549.56963347,3,0,35.988610166351,93123.6762429054,119.138448053533,1809.66413831551,1813.58333007956,2015.28242036216,97789.2742253101,-145327.039682239,78.151545198807,0,6.68857049942017,229.999984741211,229.999984741211,4.67769570895787,4.67783025177197,0.1,3.767431596431,3.767431596431,0.365716197700982
167549.74963347,3,0,35.8698769646883,93145.0993491804,118.903401253914,1810.21361614121,1814.11619242986,2015.82328953002,97802.9707305932,-144871.294615805,78.1756228171049,0,6.68725109100342,229.999984741211,229.999984741211,4.67890755711333,4.67904242413063,0.1,3.75888199566437,3.75888199566437,0.364293987568831
167549.92963347,3,0,35.7511437630255,93166.4801860008,118.66891394179,1810.7633403991,1814.64937765629,2016.36446082743,97816.6743110192,-144414.95501624,78.200255653774,0,6.68593168258667,229.999984741211,229.999984741211,4.68011965514888,4.6802545130469,0.1,3.75035144373255,3.75035144373255,0.362964957857033
167550.24963347,3,0,35.5400625156251,93204.3865085567,118.25342723076,1811.74123563589,1815.59805793977,2017.32728754671,97841.0540566475,-143602.213609644,78.2454292409286,0,6.68358659744263,229.999984741211,229.999984741211,4.68227425655909,4.6824087645117,0.1,3.73524495279234,3.73524495279234,0.36080335304004
167550.42963347,3,0,35.4213293139623,93225.6504602863,118.020491118168,1812.29164318207,1816.13213715298,2017.86929554225,97854.7779089649,-143144.217269808,78.271623047764,0,6.68226718902588,229.999984741211,229.999984741211,4.68348579483298,4.68362062810125,0.1,3.72677823935993,3.72677823935993,0.359706519313344
167550.60963347,3,0,35.3025961122996,93246.872522702,117.78811247567,1812.84229633612,1816.66653724792,2018.41160391677,97868.5092927521,-142685.622651064,78.2983857830126,0,6.68094825744629,229.999984741211,229.999984741211,4.68469758833232,4.68483207863432,0.1,3.7183376504918,3.7183376504918,0.358689679812781
167550.78963347,3,0,35.1838629106368,93268.0527958246,117.556290728395,1813.39319494023,1817.20125774951,2018.95421226055,97882.2483338881,-142226.428544598,78.3257210809682,0,6.67962884902954,229.999984741211,229.999984741211,4.6859093042565,4.68604378594994,0.1,3.7099147843669,3.7099147843669,0.357793284466778
167550.96963347,3,0,35.0651297089741,93289.1913805887,117.325025302762,1813.94433891543,1817.73629827497,2019.49712024499,97895.9951557239,-141766.633895093,78.353632759922,0,6.67830944061279,229.999984741211,229.999984741211,4.68712060921828,4.68725541709869,0.1,3.70151548009638,3.70151548009638,0.356979733059568
167551.14963347,3,0,34.9463965073113,93310.2883762998,117.094315724404,1814.49572796955,1818.27165822745,2020.04032733461,97909.7498895697,-141306.23770857,78.3821245912012,0,6.67699003219604,229.999984741211,229.999984741211,4.68833217362295,4.68846697332696,0.1,3.69313180162857,3.69313180162857,0.35628834283404
167551.329633469,3,0,34.8276633056486,93331.3438832794,116.864161356484,1815.04736194764,1818.8073371408,2020.58383313966,97923.5126566351,-140845.238932204,78.4112003551703,0,6.67567110061646,229.999984741211,229.999984741211,4.68954366422866,4.68967812091659,0.1,3.6847773598526,3.6847773598526,0.355716637758377
167551.649633469,3,0,34.6165820582481,93368.6737655011,116.456367425819,1816.02864826278,1819.76044077271,2021.55080148879,97948.0000473043,-140024.194659401,78.4643444577044,0,6.67332553863525,229.999984741211,229.999984741211,4.69169687451901,4.69183165222581,0.1,3.66997947562278,3.66997947562278,0.354954767585292
167551.829633469,3,0,34.4978488565854,93389.6145499061,116.227752545259,1816.58096140121,1820.29700291828,2022.09513464593,97961.7858176172,-139561.516670345,78.4950626718755,0,6.67200660705566,229.999984741211,229.999984741211,4.69290816655789,4.69304260120777,0.1,3.66168140861468,3.66168140861468,0.354673472647107
167552.009633469,3,0,34.3791156549226,93410.5142223174,115.999690858573,1817.1335187335,1820.83388215294,2022.63976490316,97975.5801246072,-139098.231979224,78.5263796473057,0,6.67068719863892,229.999984741211,229.999984741211,4.69411938954082,4.69425381652756,0.1,3.65340597042231,3.65340597042231,0.354478826935439
167552.189633469,3,0,34.2603824532599,93431.3728821813,115.772181780993,1817.68632024356,1821.37107816035,2023.18469200057,97989.383100495,-138634.339541113,78.5582994547553,0,6.66936779022217,229.999984741211,229.999984741211,4.69533020903341,4.69546496418966,0.1,3.645154687991,3.645154687991,0.354408064649047
167552.369633469,3,0,34.1416492515971,93452.1906300111,115.545224766431,1818.23936543026,1821.90859013717,2023.72991518971,98003.1948760317,-138169.838534681,78.5908260152838,0,6.66804885864258,229.999984741211,229.999984741211,4.69654129753634,4.69667570960248,0.1,3.63692386378482,3.63692386378482,0.354421862657102
167552.549633469,3,0,34.0229160499344,93472.9675641513,115.318819296669,1818.79265427056,1822.44641776395,2024.27543423202,98017.0155944233,-137704.727756623,78.6239635052541,0,6.66672945022583,229.999984741211,229.999984741211,4.6977523207589,4.69788672558168,0.1,3.62871676431482,3.62871676431482,0.354536660671224
167552.729633469,3,0,33.9041828482716,93493.7037840834,115.092964928419,1819.34618661925,1822.98456060725,2024.82124874983,98030.8454049968,-137239.00607241,78.6577161729432,0,6.66541004180908,229.999984741211,229.999984741211,4.69896294380762,4.69909767767725,0.1,3.6205287397941,3.6205287397941,0.354762633846103
167553.049633469,3,0,33.6931016008712,93530.4679536134,114.692804894486,1820.33084458507,1823.94203557064,2025.79231370185,98055.4546012766,-136409.544998127,78.7192526408435,0,6.66306495666504,229.999984741211,229.999984741211,4.70111556832511,4.70124995373793,0.1,3.60602720329915,3.60602720329915,0.355388130656692
167553.229633468,3,0,33.5743683992084,93551.091598219,114.468478320008,1820.88505210865,1824.48105121037,2026.33894651489,98069.310390319,-135942.121122234,78.754735961632,0,6.66174554824829,229.999984741211,229.999984741211,4.70232635609929,4.7024607347982,0.1,3.59789874011169,3.59789874011169,0.355878091822995
167553.409633468,3,0,33.4556351975457,93571.674902293,114.244700781949,1821.43950223166,1825.02038004242,2026.88587301901,98083.1758090889,-135474.082442823,78.7908504118136,0,6.66042613983154,229.999984741211,229.999984741211,4.70353674786776,4.70367145671618,0.1,3.58979306530597,3.58979306530597,0.356479952783205
167553.589633468,3,0,33.3369019958829,93592.2179648377,114.02147173122,1821.99419505178,1825.56002187304,2027.43309308335,98097.051008145,-135005.427720137,78.8276004459144,0,6.65910720825195,229.999984741211,229.999984741211,4.70474741818728,4.70488178384972,0.1,3.58171102231579,3.58171102231579,0.357172647929336
167553.769633468,3,0,33.2181687942202,93612.7208840447,113.798790634652,1822.54913038718,1826.09997622795,2027.98060629693,98110.9361356973,-134536.15595016,78.8649904507955,0,6.65778779983521,229.999984741211,229.999984741211,4.70595803173359,4.70609239109767,0.1,3.57364563482086,3.57364563482086,0.357971060622496
167553.949633468,3,0,33.0994355925574,93633.1837805447,113.576585529459,1823.10431163217,1826.64024183705,2028.52841188722,98124.8257931091,-134066.260678184,78.9029780524573,0,6.65646839141846,229.999984741211,229.999984741211,4.70716825278055,4.70730294326736,0.1,3.56560124882471,3.56560124882471,0.35870084260397
167554.129633468,3,0,32.9807023908947,93653.6067823668,113.354991318211,1823.6597315878,1827.18081947105,2029.07650986232,98138.7306374193,-133595.751108685,78.9416557996537,0,6.65514898300171,229.999984741211,229.999984741211,4.70837875736029,4.70851344201606,0.1,3.55758265447125,3.55758265447125,0.35908381689822
167554.449633468,3,0,32.7696211434943,93689.8161237511,112.962361445752,1824.6477433933,1828.14261340458,2030.0516261556,98163.4734949655,-132757.755231103,79.0120100139311,0,6.65280389785767,229.999984741211,229.999984741211,4.71053059935184,4.71066493640114,0.1,3.54337616194603,3.54337616194603,0.359167864640835
167554.629633468,3,0,32.6508879418315,93710.128782255,112.742284944472,1825.20383325928,1828.68405371474,2030.60053351912,98177.4076684616,-132285.520345971,79.0525291979429,0,6.65148448944092,229.999984741211,229.999984741211,4.71174062337805,4.71187529262637,0.1,3.53541360946657,3.53541360946657,0.359084984315453
167554.809633468,3,0,32.5321547401688,93730.4019123506,112.522788047302,1825.76016486804,1829.22580353433,2031.14973143509,98191.3553647376,-131812.66499303,79.0937083737286,0,6.65016555786133,229.999984741211,229.999984741211,4.71295093613521,4.71308526216694,0.1,3.52747569750137,3.52747569750137,0.358792325827768
167554.989633468,3,0,32.413421538506,93750.6356009372,112.303854934652,1826.31673514089,1829.76786259848,2031.69921940317,98205.3155642636,-131339.186991187,79.1355861269486,0,6.64884614944458,229.999984741211,229.999984741211,4.71416120112696,4.71429552185917,0.1,3.51955933243394,3.51955933243394,0.358404281158796
167555.169633467,3,0,32.2946883368433,93770.829948701,112.085487141469,1826.87354512461,1830.31023045294,2032.24899715607,98219.2886002267,-130865.085279358,79.178154252371,0,6.64752674102783,229.999984741211,229.999984741211,4.71537108139909,4.71550573520765,0.1,3.5116646973236,3.5116646973236,0.357913028147437
167555.349633467,3,0,32.1759551351805,93790.9850571196,111.867686180713,1827.43059449557,1830.85290660904,2032.79906425465,98233.2748026851,-130390.358964366,79.2214190691773,0,6.64620780944824,229.999984741211,229.999984741211,4.71658125456305,4.71671556511356,0.1,3.50379171524553,3.50379171524553,0.357288543331797
167555.529633467,3,0,32.0572219335178,93811.1010284995,111.650453626955,1827.98788285136,1831.39589050336,2033.34942014622,98247.2745079766,-129915.007198817,79.2653869697757,0,6.64488840103149,229.999984741211,229.999984741211,4.7177913838619,4.71792568954952,0.1,3.49594135081671,3.49594135081671,0.35656010710536
167555.849633467,3,0,31.8461406861174,93846.7664403087,111.265670675283,1828.97920718257,1832.3619539321,2034.32854280734,98272.1972711853,-129068.390005702,79.345308446858,0,6.64254283905029,229.999984741211,229.999984741211,4.71994224417725,4.72007688040381,0.1,3.4820393826041,3.4820393826041,0.354970128272615
167556.029633467,3,0,31.7274074844546,93866.7742368291,111.050025088541,1829.53715817848,1832.90579058546,2034.87969916571,98286.2362699787,-128591.295857315,79.391263674182,0,6.6412239074707,229.999984741211,229.999984741211,4.72115225840794,4.7212865513493,0.1,3.47424828532735,3.47424828532735,0.353904751033223
167556.209633467,3,0,31.6086742827919,93886.7432840756,110.834953609605,1830.09534708955,1833.44993328532,2035.43114283878,98300.2900568597,-128113.57266353,79.4379468154917,0,6.63990449905396,229.999984741211,229.999984741211,4.72236223377699,4.72249652241504,0.1,3.46648135337183,3.46648135337183,0.352761092235901
167556.389633467,3,0,31.4899410811292,93906.6736864257,110.620457862798,1830.65377351862,1833.99438147086,2035.98287331602,98314.3589839052,-127635.21963923,79.4853645825642,0,6.63858509063721,229.999984741211,229.999984741211,4.72357183235714,4.72370645612119,0.1,3.45873529105367,3.45873529105367,0.351504035455409
167556.569633467,3,0,31.3712078794665,93926.5655474424,110.406539368291,1831.21243731214,1834.5391348245,2036.53489033025,98328.4434012295,-127156.235827847,79.5335238400095,0,6.63726615905762,229.999984741211,229.999984741211,4.7247817338972,4.72491601436111,0.1,3.45101169810977,3.45101169810977,0.350148164254172
167556.749633467,3,0,31.2524746778038,93946.4189717706,110.193199677102,1831.77133779697,1835.08419251335,2037.08719309862,98342.5436619666,-126676.62038611,79.5824313952525,0,6.63594675064087,229.999984741211,229.999984741211,4.72599160063065,4.72612587723779,0.1,3.44330975173813,3.44330975173813,0.348666527823258
167556.929633467,3,0,31.1337414761411,93966.2340627671,109.980440235379,1832.33047503049,1835.62955442096,2037.6397815564,98356.6601188978,-126196.372272634,79.6320942204039,0,6.63462734222412,229.999984741211,229.999984741211,4.72720109415004,4.72733570679879,0.1,3.43563029800617,3.43563029800617,0.347089861811739
167557.249633466,3,0,30.9226602287407,94001.3665677158,109.603638750633,1833.32508018675,1836.5998361993,2038.6228649404,98381.7971547834,-125341.032859991,79.7222704888599,0,6.63228225708008,229.999984741211,229.999984741211,4.72935179240336,4.72948605908387,0.1,3.42203444317589,3.42203444317589,0.344029918279445
167557.429633466,3,0,30.803927027078,94021.0757283383,109.39249923707,1833.88487316616,1837.14604041832,2039.17624450418,98395.9605005175,-124859.022580886,79.7740684463103,0,6.63096284866333,229.999984741211,229.999984741211,4.73056153970082,4.73069580310453,0.1,3.41441491246415,3.41441491246415,0.342156686969155
167557.609633466,3,0,30.6851938254152,94040.7469530693,109.181945804415,1834.44490161688,1837.69254696138,2039.72990805427,98410.1414198597,-124376.376129577,79.8266486397051,0,6.62964344024658,229.999984741211,229.999984741211,4.73177091839329,4.73190551898831,0.1,3.40682360871537,3.40682360871537,0.340181110090378
167557.789633466,3,0,30.5664606237525,94060.3803469603,108.971980034943,1835.00516509675,1838.23935522534,2040.28385503802,98424.3402829639,-123893.092789765,79.8800183860001,0,6.62832450866699,229.999984741211,229.999984741211,4.73298061032835,4.73311486761012,0.1,3.39924814990631,3.39924814990631,0.338091638550806
167557.969633466,3,0,30.4477274220898,94079.9760162443,108.762603435277,1835.5656633417,1838.78646478194,2040.83808507822,98438.5574651912,-123409.171506679,79.9341851075254,0,6.62700510025024,229.999984741211,229.999984741211,4.73419027673821,4.73432453119877,0.1,3.39169839875201,3.39169839875201,0.335913959009904
167558.149633466,3,0,30.3289942204271,94099.5340665233,108.553817523815,1836.12639608395,1839.3338751974,2041.39259779244,98452.7933433166,-122924.611342331,79.9891562847226,0,6.6256856918335,229.999984741211,229.999984741211,4.73539957821057,4.73553417079412,0.1,3.38417107932182,3.38417107932182,0.333628073325135
167558.329633466,3,0,30.2102610187644,94119.0546052682,108.345623927572,1836.68736306225,1839.88158604767,2041.94739280769,98467.0483036173,-122439.411468149,80.0449395217275,0,6.62436676025391,229.999984741211,229.999984741211,4.73660919757265,4.73674344684351,0.1,3.37666455083208,3.37666455083208,0.331245959085512
167558.649633466,3,0,29.999179771364,94153.665495807,107.976969218471,1837.68521454707,1840.85603403403,2042.93439024852,98492.4387651715,-121575.251474217,80.1461385578949,0,6.62202119827271,229.999984741211,229.999984741211,4.7387595422862,4.73889378748261,0.1,3.36337891256896,3.36337891256896,0.326734084783999
167558.829633466,3,0,29.8804465697013,94173.0823945767,107.770428949512,1838.246830143,1841.40457653489,2043.4899668106,98506.7487560994,-121088.269681591,80.2042178965661,0,6.62070178985596,229.999984741211,229.999984741211,4.73996876444356,4.74010334892149,0.1,3.3559354210542,3.3559354210542,0.32409144102216
167559.009633465,3,0,29.7617133680385,94192.4621354562,107.564561007944,1838.80867490951,1841.95341807711,2044.04582405189,98521.0851679228,-120600.650427147,80.2631909890756,0,6.61938285827637,229.999984741211,229.999984741211,4.74117830976993,4.7413125508487,0.1,3.3485176146953,3.3485176146953,0.32176635755636
167559.189633465,3,0,29.6429801663758,94211.8048438859,107.359245971365,1839.37075453282,1842.50255721894,2044.60196124234,98535.4388483763,-120112.3834757,80.3229811330057,0,6.61806344985962,229.999984741211,229.999984741211,4.74238783860955,4.7425220778648,0.1,3.34112052527557,3.34112052527557,0.319620900823401
167559.369633465,3,0,29.5242469647131,94231.1106098401,107.154528707146,1839.93306663909,1843.0519939191,2045.15837819879,98549.8136215397,-119623.471142694,80.3836267514446,0,6.61674404144287,229.999984741211,229.999984741211,4.74359701032067,4.74373158975493,0.1,3.33374660859883,3.33374660859883,0.317821710714185
167559.549633465,3,0,29.4055137630504,94250.3795542751,106.950403105199,1840.49561131482,1843.60172764895,2045.71507443552,98564.2092790521,-119133.911991455,80.4451303661035,0,6.61542510986328,229.999984741211,229.999984741211,4.74480651004305,4.74494074610786,0.1,3.32639429739571,3.32639429739571,0.316233969774443
167559.729633465,3,0,29.2867805613877,94269.6117866295,106.746844444293,1841.0583896484,1844.15175783764,2046.27204963789,98578.624150043,-118643.702832531,80.50748156558,0,6.61410570144653,229.999984741211,229.999984741211,4.74601599751015,4.74615023224131,0.1,3.31906425926856,3.31906425926856,0.314827502114427
167560.049633465,3,0,29.0756993139873,94303.7121163893,106.386434339206,1842.05945663741,1845.13031984986,2047.26291486637,98604.3046016671,-117770.617911518,80.6204937055771,0,6.61176013946533,229.999984741211,229.999984741211,4.74816579131422,4.74830036646114,0.1,3.30608795713717,3.30608795713717,0.312626253928645
167560.229633465,3,0,28.9569661123246,94322.8429235297,106.184506654476,1842.62287951727,1845.68117093926,2047.82066229492,98618.7787672067,-117278.602725926,80.6852762669436,0,6.61044120788574,229.999984741211,229.999984741211,4.74937525194069,4.74950948373471,0.1,3.29881996517507,3.29881996517507,0.31168594922463
167560.409633465,3,0,28.8382329106619,94341.9374200546,105.983161790727,1843.1865342923,1846.23231669771,2048.37868701906,98633.2744853824,-116785.934909945,80.7509447544961,0,6.60912179946899,229.999984741211,229.999984741211,4.75058470564578,4.75071893668833,0.1,3.29157425342797,3.29157425342797,0.310887956659447
167560.589633465,3,0,28.7194997089991,94360.9957118487,105.782399015475,1843.75042065053,1846.78375652904,2048.93698849768,98647.791986552,-116292.613570978,80.8175060045642,0,6.60780239105225,229.999984741211,229.999984741211,4.75179381093978,4.75192838428095,0.1,3.28434926304132,3.28434926304132,0.31023199523986
167560.769633465,3,0,28.6007665073364,94380.0179039233,105.582217338992,1844.3145383924,1847.33548993893,2049.49556630075,98662.3314922369,-115798.637444574,80.8849668248683,0,6.60648345947266,229.999984741211,229.999984741211,4.75300325485204,4.75313748483822,0.1,3.27714420799498,3.27714420799498,0.309698303231047
167560.949633464,3,0,28.4820333056737,94399.0041002425,105.382615948753,1844.87888758099,1847.88751670113,2050.05442026565,98676.8932400594,-115304.005314627,80.9533342573089,0,6.60516405105591,229.999984741211,229.999984741211,4.7542126960195,4.75434692572084,0.1,3.26996535473415,3.26996535473415,0.309295358133354
167561.129633464,3,0,28.363300104011,94417.9544054044,105.183593930779,1845.44346796897,1848.43983627911,2050.61354991957,98691.4774609811,-114808.716036128,81.0226152940448,0,6.60384464263916,229.999984741211,229.999984741211,4.75542179247819,4.75555636540728,0.1,3.26280558862383,3.26280558862383,0.309008588755962
167561.449633464,3,0,28.1522188566106,94451.5555404931,104.831205089813,1846.44773647443,1849.42245904813,2051.6082373973,98717.4612003542,-113926.576063562,81.1480596116525,0,6.60149955749512,229.999984741211,229.999984741211,4.75757187023147,4.75770609992056,0.1,3.25013203846028,3.25013203846028,0.308839103563362
167561.629633464,3,0,28.0334856549479,94470.4066938753,104.633788082505,1847.01295759418,1849.97558902335,2052.16813020425,98732.1090995217,-113429.456030502,81.2199159546266,0,6.60018014907837,229.999984741211,229.999984741211,4.75878131339204,4.75891554337837,0.1,3.24303337712763,3.24303337712763,0.308917937664033
167561.809633464,3,0,27.9147524532852,94489.2223488321,104.436947184165,1847.57840920008,1850.52901002475,2052.72829714856,98746.7803823932,-112931.674625648,81.2927132216251,0,6.59886074066162,229.999984741211,229.999984741211,4.75999041649043,4.76012499087245,0.1,3.23595681511614,3.23595681511614,0.309139424035981
167561.989633464,3,0,27.7960192516224,94508.0026087279,104.240681493717,1848.1440910858,1851.08272156234,2053.28873780287,98761.4752906555,-112433.230862674,81.3664588209757,0,6.59754180908203,229.999984741211,229.999984741211,4.76119986864786,4.76133409965761,0.1,3.22890099480298,3.22890099480298,0.309487169529448
167562.169633464,3,0,27.6772860499597,94526.7475778806,104.044990171555,1848.71000296385,1851.63672306714,2053.8494516607,98776.1940805641,-111934.123524217,81.4411602309895,0,6.59622240066528,229.999984741211,229.999984741211,4.76240932745338,4.76254355922277,0.1,3.2218664692291,3.2218664692291,0.309962352172223
167562.349633464,3,0,27.558552848297,94545.4573590391,103.849872386343,1849.27614453427,1852.19101396422,2054.41043820874,98790.9370047826,-111434.351674948,81.5168250865017,0,6.59490299224854,229.999984741211,229.999984741211,4.76361844987376,4.76375302697316,0.1,3.2148550591706,3.2148550591706,0.31055886462079
167562.529633464,3,0,27.4398196466343,94564.1320551308,103.655327250439,1849.84251570027,1852.74559387369,2054.97169712967,98805.7043215227,-110933.914103607,81.5934610661092,0,6.59358406066895,229.999984741211,229.999984741211,4.76482792597231,4.76496215969267,0.1,3.20786189539101,3.20786189539101,0.311310208795772
167562.849633463,3,0,27.2287383992339,94597.245204743,103.310880459696,1850.84996419627,1853.73222598841,2055.97016214857,98832.0183727604,-110042.599895161,81.7321250694273,0,6.59123849868774,229.999984741211,229.999984741211,4.766978094896,4.76711233088499,0.1,3.19548688354271,3.19548688354271,0.312961113481652
167563.029633463,3,0,27.1100051975712,94615.8229826265,103.11792137509,1851.41697222802,1854.28760635883,2056.5321756331,98846.8548216106,-109540.307067608,81.8114998547002,0,6.589919090271,229.999984741211,229.999984741211,4.7681872593478,4.76832184183535,0.1,3.18855684139217,3.18855684139217,0.314077558204136
167563.209633463,3,0,26.9912719959085,94634.3660888877,102.925459946904,1851.98421259215,1854.84327351454,2057.0944598808,98861.710885977,-109037.338624324,81.8918220970733,0,6.58860015869141,229.999984741211,229.999984741211,4.76939678353098,4.76953102271963,0.1,3.18164184137621,3.18164184137621,0.315111800128636
167563.389633463,3,0,26.8725387942458,94652.8746588682,102.733608282306,1852.55167978881,1855.39922782722,2057.65701471742,98876.5959267971,-108533.702205698,81.9731835942,0,6.58728075027466,229.999984741211,229.999984741211,4.77060632454399,4.77074056558227,0.1,3.17475359649221,3.17475359649221,0.315783638255344
167563.569633463,3,0,26.753805592583,94671.3487741567,102.542306835861,1853.11937621548,1855.95546825165,2058.21983947268,98891.5054968792,-108029.392271177,82.0555492027646,0,6.58596134185791,229.999984741211,229.999984741211,4.77181553793516,4.77195012648748,0.1,3.16788371951382,3.16788371951382,0.316307939415869
167563.749633463,3,0,26.6350723909203,94689.7885544027,102.35162397368,1853.68729846236,1856.5119948485,2058.78293389938,98906.4454608335,-107524.413280922,82.1389790106575,0,6.58464241027832,229.999984741211,229.999984741211,4.77302511619225,4.77315936139675,0.1,3.16103843485821,3.16103843485821,0.316537965225572
167563.929633463,3,0,26.5163391892576,94708.1940790458,102.161501357326,1854.25544793346,1857.0688068656,2059.34629752258,98921.4114848186,-107018.759258684,82.2234557380549,0,6.58332300186157,229.999984741211,229.999984741211,4.77423471501128,4.77436896253093,0.1,3.15421265333991,3.15421265333991,0.316683189041664
167564.249633463,3,0,26.3052579418572,94740.8308216763,101.824958146895,1855.26605445732,1858.05939828123,2060.34849650481,98948.0888004352,-106118.154648483,82.3762138619624,0,6.58097743988037,229.999984741211,229.999984741211,4.77638478443968,4.77651938257577,0.1,3.14213119470844,3.14213119470844,0.316082252888396
167564.429633463,3,0,26.1865247401945,94759.1417910105,101.636484339583,1855.83483354088,1858.61700080405,2060.91260572382,98963.1366026503,-105610.627999061,82.4636538177066,0,6.57965850830078,229.999984741211,229.999984741211,4.77759444833597,4.77772870312652,0.1,3.13536718631342,3.13536718631342,0.315525501589539
167564.609633463,3,0,26.0677915385318,94777.4189088899,101.448603395239,1856.40383846748,1859.17488706774,2061.4769825896,98978.2145076462,-105102.425122067,82.5521844750508,0,6.57833909988403,229.999984741211,229.999984741211,4.77880413826187,4.77893839596428,0.1,3.12862522018369,3.12862522018369,0.314799699125536
167564.789633462,3,0,25.9490583368691,94795.6622825456,101.261317173211,1856.9730690288,1859.73305674172,2062.0416268072,98993.3230550129,-104593.545029181,82.6418172200237,0,6.57701969146729,229.999984741211,229.999984741211,4.78001350912993,4.78014811645184,0.1,3.12190370252856,3.12190370252856,0.313962233720526
167564.969633462,3,0,25.8303251352063,94813.8720183349,101.07462761943,1857.54252470872,1860.29150918609,2062.60653780206,99008.4627889433,-104083.987090241,82.7325634413471,0,6.5757007598877,229.999984741211,229.999984741211,4.78122325531989,4.78135751931273,0.1,3.11520679008557,3.11520679008557,0.312968286010306
167565.149633462,3,0,25.7115919335436,94832.0482247245,100.888536586239,1858.11220526127,1860.85024403044,2063.17171523246,99023.6342628025,-103573.750188931,82.8244347563337,0,6.57438135147095,229.999984741211,229.999984741211,4.78243303190907,4.78256729930453,0.1,3.10852789940503,3.10852789940503,0.311833465510981
167565.329633462,3,0,25.5928587318809,94850.1910086945,100.70304600782,1858.68211041057,1861.40926087412,2063.73715875279,99038.8380350331,-103062.833531333,82.9174429186029,0,6.5730619430542,229.999984741211,229.999984741211,4.78364249334685,4.78377711131941,0.1,3.10187378872327,3.10187378872327,0.310551622019637
167565.649633462,3,0,25.3817774844805,94882.3626612356,100.374773372388,1859.69582826696,1862.40376309024,2064.74304703616,99065.9484570036,-102152.856160087,83.085634650699,0,6.57071685791016,229.999984741211,229.999984741211,4.78579330834081,4.78592758601422,0.1,3.09009991668491,3.09009991668491,0.307951289699385
167565.829633462,3,0,25.2630442828178,94900.4131753277,100.190960554513,1860.26635527866,1862.96356059353,2065.30922727132,99081.2449120106,-101640.046623696,83.1818633690974,0,6.56939744949341,229.999984741211,229.999984741211,4.78700321288462,4.78713749457607,0.1,3.08350561073384,3.08350561073384,0.306311960046757
167566.009633462,3,0,25.1443110811551,94918.4306791065,100.007755368744,1860.83710537978,1863.5236381211,2065.87567179979,99096.5758209047,-101126.554214985,83.2792745186132,0,6.56807804107666,229.999984741211,229.999984741211,4.78821280728859,4.78834744078067,0.1,3.07693525960967,3.07693525960967,0.304511391877676
167566.189633462,3,0,25.0255778794924,94936.4152812412,99.8251596620607,1861.40807836519,1864.08399533916,2066.44238033572,99111.9417695901,-100612.37789034,83.3778805362937,0,6.56675910949707,229.999984741211,229.999984741211,4.78942278810885,4.78955707832538,0.1,3.07038600784446,3.07038600784446,0.302571570666674
167566.369633462,3,0,24.9068446778297,94954.3670913606,99.6431755070755,1861.97927363077,1864.64463153058,2067.0093522084,99127.3433623847,-100097.516903728,83.4776940838043,0,6.56543970108032,229.999984741211,229.999984741211,4.79063280939837,4.79076710412797,0.1,3.06386139906981,3.06386139906981,0.300506371699414
167566.549633461,3,0,24.7881114761669,94972.2862196484,99.4618047051678,1862.55069113221,1865.20554652089,2067.5765872917,99142.781194358,-99581.9702261948,83.5787279597853,0,6.56412029266357,229.999984741211,229.999984741211,4.79184252456703,4.79197717206725,0.1,3.05735623103141,3.05735623103141,0.29829863007434
167566.729633461,3,0,24.6693782745042,94990.1727781375,99.2810491745035,1863.12233058636,1865.76673990089,2068.14408522436,99158.2558701024,-99065.7370937769,83.6809950848688,0,6.56280136108398,229.999984741211,229.999984741211,4.7930526311599,4.79318693541777,0.1,3.05087621288929,3.05087621288929,0.29596914617068
167567.049633461,3,0,24.4582970271038,95021.891025812,98.9612311222544,1864.13912485833,1866.76510234683,2069.15361754065,99185.8592883259,-98146.2916047112,83.8658890153732,0,6.56045579910278,229.999984741211,229.999984741211,4.79520400515732,4.7953383184514,0.1,3.03940996065533,3.03940996065533,0.291471023940012
167567.229633461,3,0,24.3395638254411,95039.6876243037,98.7822947323539,1864.71137364919,1867.3270664267,2069.72184274691,99201.4478093619,-97628.1554974148,83.9717308575313,0,6.55913639068604,229.999984741211,229.999984741211,4.79641389104622,4.79654855821979,0.1,3.03299279265624,3.03299279265624,0.289333744253445
167567.409633461,3,0,24.2208306237784,95057.4520375916,98.6038860540622,1865.28384734374,1867.88930646425,2070.29032903473,99217.067726536,-97109.3217733197,84.0787815603851,0,6.55781745910645,229.999984741211,229.999984741211,4.79762417413957,4.7977584980837,0.1,3.02659690065822,3.02659690065822,0.287361954129159
167567.589633461,3,0,24.1020974221157,95075.1843821441,98.4261157089394,1865.85654053517,1868.45182257083,2070.85907601015,99232.728636013,-96589.7986356074,84.1871407795945,0,6.5564980506897,229.999984741211,229.999984741211,4.79883450765236,4.79896883720543,0.1,3.02022466454936,3.02022466454936,0.285482498250096
167567.769633461,3,0,23.983364220453,95092.8847574627,98.249008088064,1866.42945282941,1869.01461419936,2071.42808317702,99248.4330452972,-96069.5872797549,84.2968221067034,0,6.55517864227295,229.999984741211,229.999984741211,4.80004454381578,4.80017922825565,0.1,3.01387440479085,3.01387440479085,0.283797474335209
167567.949633461,3,0,23.8646310187902,95110.5532368344,98.0724511138325,1867.0025861461,1869.57768084455,2071.99735030542,99264.1721812113,-95548.6771261806,84.4078040120573,0,6.55385971069336,229.999984741211,229.999984741211,4.80125498171386,4.80138932291119,0.1,3.00754598634659,3.00754598634659,0.28264494567294
167568.129633461,3,0,23.7458978171275,95128.1899735212,97.8965000473515,1867.57594043147,1870.14102150265,2072.56687649788,99279.951085408,-95027.0721618938,84.5200872118426,0,6.55254030227661,229.999984741211,229.999984741211,4.80246547447186,4.8025998217962,0.1,3.00124048263606,3.00124048263606,0.281628201482568
167568.44963346,3,0,23.5348165697271,95159.4661370316,97.5851912367446,1868.59577993817,1871.14319206349,2073.5800066134,99308.1019799835,-94098.0548944106,84.7229974483334,0,6.55019474029541,229.999984741211,229.999984741211,4.80461721323943,4.80475192161426,0.1,2.99008173470294,2.99008173470294,0.280223948677913
167568.62963346,3,0,23.4160833680644,95177.0152748935,97.4109183111329,1869.16974504278,1871.70729277487,2074.15025138589,99323.9935898499,-93574.5133512485,84.8390097016694,0,6.54887580871582,229.999984741211,229.999984741211,4.80582786624464,4.8059622314341,0.1,2.98383429220236,2.98383429220236,0.279633707506142
167568.80963346,3,0,23.2973501664017,95194.5330825935,97.2372477973101,1869.74392944369,1872.27166601481,2074.72075389305,99339.9265904463,-93050.2727577784,84.9563875650163,0,6.54755640029907,229.999984741211,229.999984741211,4.80703857984745,4.80717295179042,0.1,2.97760977722011,2.97760977722011,0.279189244970399
167568.98963346,3,0,23.178616964739,95212.0196680417,97.0641788416406,1870.31833294938,1872.83631133426,2075.29151372054,99355.9014290762,-92525.3320994944,85.0751436110954,0,6.54623699188232,229.999984741211,229.999984741211,4.80824900531385,4.80838373440648,0.1,2.97140909698061,2.97140909698061,0.278870134631792
167569.16963346,3,0,23.0598837630763,95229.4751406386,96.8917105154381,1870.8929555176,1873.40122843302,2075.86253064708,99371.9185596432,-91999.6900898702,85.1952906405376,0,6.54491806030273,229.999984741211,229.999984741211,4.80945984445828,4.80959423039273,0.1,2.9652260227566,2.9652260227566,0.278686257986891
167569.34963346,3,0,22.9411505614136,95246.8996070944,96.7198419606564,1871.4677969234,1873.96641683164,2076.43380424586,99387.9784427354,-91473.3456530649,85.3168415672166,0,6.54359865188599,229.999984741211,229.999984741211,4.81067074869581,4.81080514188973,0.1,2.95907027283134,2.95907027283134,0.278639873827544
167569.52963346,3,0,22.8224173597508,95264.2931756534,96.5485722791915,1872.04285685495,1874.53187596218,2077.00533400947,99404.0815365526,-90946.2979466296,85.4398093945359,0,6.54227924346924,229.999984741211,229.999984741211,4.81188136883009,4.81201612015361,0.1,2.95293043954142,2.95293043954142,0.278734774525261
167569.84963346,3,0,22.6113361123505,95295.1391195898,96.2455687855563,1873.06572453883,1875.53780367505,2078.02201817765,99432.8174280189,-90007.5841460338,85.661958737816,0,6.5399341583252,229.999984741211,229.999984741211,4.81403433571668,4.81416874991727,0.1,2.94207358507711,2.94207358507711,0.279212825391982
167570.02963346,3,0,22.4926029106877,95312.447425514,96.0759579448197,1873.64139051966,1876.10401254552,2078.59425753246,99449.0430497767,-89478.5769089386,85.7889325330532,0,6.53861474990845,229.999984741211,229.999984741211,4.81524549925092,4.81537992133646,0.1,2.93599582976032,2.93599582976032,0.279670478861723
167570.20963346,3,0,22.373869709025,95329.725240135,95.9069426484375,1874.21727398838,1876.67049016238,2079.1667512928,99465.3136925489,-88948.8625995741,85.9173741748009,0,6.5372953414917,229.999984741211,229.999984741211,4.81645638374335,4.81659116519066,0.1,2.92994016292728,2.92994016292728,0.280245505644947
167570.389633459,3,0,22.2551365073623,95346.9726697002,95.7385219239875,1874.79337516735,1877.23723649185,2079.73949948502,99481.6298569739,-88418.4396905506,86.0472976834689,0,6.53597640991211,229.999984741211,229.999984741211,4.81766769314123,4.8178021314781,0.1,2.9239061038105,2.9239061038105,0.280966780306557
167570.569633459,3,0,22.1364033056996,95364.1898215137,95.5706948605405,1875.36969356764,1877.80425079827,2080.31250143276,99497.9920376765,-87887.3073856675,86.1787170752917,0,6.53465700149536,229.999984741211,229.999984741211,4.8188790777933,4.81901352451304,0.1,2.91789162285183,2.91789162285183,0.281819428221549
167570.749633459,3,0,22.0176701040369,95381.3768020901,95.4034605849952,1875.94622916301,1878.37153280736,2080.88575692097,99514.4007488347,-87355.4645269772,86.3116467349146,0,6.53333759307861,229.999984741211,229.999984741211,4.82009018740639,4.82022499445951,0.1,2.91190160407618,2.91190160407618,0.28281353635768
167570.929633459,3,0,21.8989369023741,95398.5337188311,95.2368181856042,1876.52298141305,1878.93908173343,2081.45926522294,99530.8564985828,-86822.9103324914,86.4461010263751,0,6.53201818466187,229.999984741211,229.999984741211,4.82130172689387,4.82143654282239,0.1,2.90593151641176,2.90593151641176,0.283921839978464
167571.249633459,3,0,21.6878556549738,95428.961128865,94.9419164837803,1877.54885877467,1879.94871558157,2082.47945939538,99560.2198147521,-85874.3778631431,86.6888492505118,0,6.52967309951782,229.999984741211,229.999984741211,4.82345573516685,4.82359021519551,0.1,2.89536706064324,2.89536706064324,0.285167369391216
167571.429633459,3,0,21.569122453311,95446.0352097162,94.7768914393255,1878.12621266997,1880.51700445266,2083.05366877267,99576.8071058861,-85339.8396164761,86.8276157307838,0,6.52835369110107,229.999984741211,229.999984741211,4.82466714901425,4.82480199065604,0.1,2.88945391903854,2.88945391903854,0.285674692624948
167571.609633459,3,0,21.4503892516483,95463.0796727504,94.6124626902763,1878.70378420123,1881.08555846684,2083.62812958861,99593.4441109635,-84804.5867236145,86.9679317330643,0,6.52703428268433,229.999984741211,229.999984741211,4.825878999568,4.82601385079056,0.1,2.88356307178343,2.88356307178343,0.285971722204493
167571.789633459,3,0,21.3316560499856,95480.094624495,94.4486351682575,1879.28156898893,1881.65437770999,2084.20284153034,99610.1318900293,-84268.6185617827,87.1098941958122,0,6.52571535110474,229.999984741211,229.999984741211,4.82709093614544,4.82722544437126,0.1,2.8776935097559,2.8776935097559,0.286078245833513
167571.969633459,3,0,21.2129228483229,95497.0801774838,94.2854330065179,1879.85956971843,1882.22346145745,2084.7778042403,99626.8731567878,-83731.9361703063,87.2534641577948,0,6.52439594268799,229.999984741211,229.999984741211,4.8283026074333,4.82843747827839,0.1,2.87184754379422,2.87184754379422,0.285956864091587
167572.149633459,3,0,21.0941896466602,95514.0364257375,94.122840221825,1880.43778393869,1882.79280957532,2085.35301739612,99643.6672100422,-83194.5372134054,87.3987024522318,0,6.52307653427124,229.999984741211,229.999984741211,4.82951472036447,4.82964960127316,0.1,2.86602153459539,2.86602153459539,0.285743582420364
167572.329633458,3,0,20.9754564449975,95530.9634782755,93.9608584736769,1881.01621232675,1883.36242152529,2085.92848061368,99660.5148585179,-82656.4209670107,87.5456085734859,0,6.52175760269165,229.999984741211,229.999984741211,4.8307269237531,4.83086146168667,0.1,2.86021742975689,2.86021742975689,0.28546669883555
167572.649633458,3,0,20.7643751975971,95560.9842711053,93.6744046706066,1882.04505662719,1884.3757144213,2086.95214190955,99690.6011057995,-81697.9966723373,87.8109515699782,0,6.51941204071045,229.999984741211,229.999984741211,4.83288178743527,4.83301669717934,0.1,2.84995380508471,2.84995380508471,0.284748061158709
167572.829633458,3,0,20.6456419959344,95577.8308031795,93.5141286998537,1882.62407752665,1884.94605621828,2087.52829699133,99707.6019389567,-81157.8842508676,87.9625898505826,0,6.51809310913086,229.999984741211,229.999984741211,4.83409425007896,4.83422881688883,0.1,2.84421128877212,2.84421128877212,0.284232985652475
167573.009633458,3,0,20.5269087942716,95594.6485570613,93.3544698392631,1883.20331128157,1885.51666008852,2088.10470055853,99724.6595101894,-80617.0515450353,88.1159684664153,0,6.51677370071411,229.999984741211,229.999984741211,4.83530680908132,4.8354413866216,0.1,2.83848932432123,2.83848932432123,0.283587395359148
167573.189633458,3,0,20.4081755926089,95611.4376450115,93.1954295595958,1883.78275744027,1886.08752545235,2088.68135206722,99741.7746599308,-80075.4979821608,88.2711070113656,0,6.51545429229736,229.999984741211,229.999984741211,4.83651911206399,4.83665405447613,0.1,2.83278994265433,2.83278994265433,0.282812097756997
167573.369633458,3,0,20.2894423909462,95628.1981777248,93.0370095432174,1884.36241564089,1886.65865183388,2089.25825109685,99758.948262024,-79533.2228610764,88.4280256691164,0,6.51413488388062,229.999984741211,229.999984741211,4.83773186837174,4.83786682202286,0.1,2.82711327839499,2.82711327839499,0.28192953900382
167573.549633458,3,0,20.1707091892835,95644.9302662866,92.8792113919556,1884.94228560639,1887.23003883906,2089.83539728821,99776.1812022699,-78990.2252412364,88.586744885372,0,6.51281595230103,229.999984741211,229.999984741211,4.83894472576672,4.83907933654493,0.1,2.82145627422801,2.82145627422801,0.280923037734627
167573.729633458,3,0,20.0519759876208,95661.6340233379,92.7220366564084,1885.52236704825,1887.80168605612,2090.41279028612,99793.474363373,-78446.5045229249,88.7472852797252,0,6.51149654388428,229.999984741211,229.999984741211,4.840157331418,4.84029230807061,0.1,2.81582355790184,2.81582355790184,0.279830944626296
167574.049633458,3,0,19.8408947402204,95691.2599869474,92.4441591229112,1886.55414355934,1888.81858835761,2091.43987436676,99824.3692592866,-77478.1024832482,89.037252319505,0,6.50915145874023,229.999984741211,229.999984741211,4.84231392374527,4.84244856671458,0.1,2.80586394238627,2.80586394238627,0.277577266219061
167574.229633457,3,0,19.7221615385577,95707.8856361168,92.2887244477284,1887.13481016434,1889.39095549511,2092.01795029595,99841.8344692019,-76932.3695645655,89.2029622857724,0,6.50783205032349,229.999984741211,229.999984741211,4.84352717731569,4.84366183221786,0.1,2.80029238790218,2.80029238790218,0.276171420488513
167574.409633457,3,0,19.6034283368949,95724.4833797817,92.1339191419704,1887.71568711551,1889.96358126528,2092.59627163048,99859.3633741129,-76385.9106422773,89.37057427436,0,6.50651264190674,229.999984741211,229.999984741211,4.84474018459911,4.84487520665735,0.1,2.79474322081695,2.79474322081695,0.274647711140821
167574.589633457,3,0,19.4846951352322,95741.0533312818,91.9797448357111,1888.29677380149,1890.53646494168,2093.17483769105,99876.9569215808,-75838.725235344,89.540110327043,0,6.50519323348999,229.999984741211,229.999984741211,4.84595365713746,4.84608869165039,0.1,2.78921613989115,2.78921613989115,0.273021872551833
167574.769633457,3,0,19.3659619335695,95757.5956046868,91.8262031668559,1888.87806981379,1891.10960599845,2093.75364799923,99894.6160755877,-75290.8127626193,89.711592864204,0,6.5038743019104,229.999984741211,229.999984741211,4.84716724168161,4.8473019334419,0.1,2.7837102589869,2.7837102589869,0.271274903976699
167574.949633457,3,0,19.2472287319068,95774.1103136684,91.6732956594097,1889.45957507959,1891.68300424243,2094.33270240952,99912.3418134123,-74742.1722647152,89.8850447496808,0,6.50255489349365,229.999984741211,229.999984741211,4.84838058432059,4.84851564426407,0.1,2.77822515082173,2.77822515082173,0.269424479854673
167575.129633457,3,0,19.1284955302441,95790.5975731132,91.5210239471748,1890.04128895734,1892.25665891699,2094.91200021275,99930.1351202949,-74192.8033759672,90.0604889754014,0,6.5012354850769,229.999984741211,229.999984741211,4.84959439759814,4.84972947053728,0.1,2.77276588661779,2.77276588661779,0.267467455244544
167575.449633457,3,0,18.9174142828437,95819.8408343869,91.2518934486097,1891.07596141842,1893.27712161368,2095.94246309421,99961.9376416679,-73214.3464852604,90.3773825442402,0,6.49889039993286,229.999984741211,229.999984741211,4.85175253800435,4.85188727850537,0.1,2.76311129391587,2.76311129391587,0.26373616085075
167575.629633457,3,0,18.798681081181,95836.2524465296,91.1013961858524,1891.65825344506,1893.85148665408,2096.52243529714,99979.923960809,-72662.9503892773,90.5584854196768,0,6.49757099151611,229.999984741211,229.999984741211,4.85296632392666,4.85310143391313,0.1,2.75771191876339,2.75771191876339,0.261477117517283
167575.809633457,3,0,18.6799478795183,95852.637042482,90.9515407720739,1892.24075267554,1894.42610627945,2097.10264922705,99997.9817170354,-72110.8234673026,90.7416710488085,0,6.49625205993652,229.999984741211,229.999984741211,4.85418058730501,4.85431535466906,0.1,2.75233537252603,2.75233537252603,0.259112371257838
